line	section	status	keys	quote
66	أولاً: شارتات الأسهم	partial	3	مناطق طلب 3.70 < 3.80
110	أولاً: شارتات الأسهم	covered	2	مقاومة لحظية
132	أولاً: شارتات الأسهم	partial	3	3.80 ثبات الدعم — ماعتقد يصعد اليوم إلا إذا هلّت
181	ثانياً: تغريدات فيصل (الشرح بالكلام) — الأهم	covered	5	محتمل يضغطه لمناطق الطلب 2.70 < 2.80 · **2.50 دعم لو كسره يفشل السهم**
202	ثانياً: تغريدات فيصل (الشرح بالكلام) — الأهم	covered	3	هدف الشورت عند 1.70 · ثبات أعلى أو هبوط أكثر تحت المراقبة
205	ثانياً: تغريدات فيصل (الشرح بالكلام) — الأهم	partial	6	اضغط الطلب 3.87‑4 · دخول 3.60 > 3.50 مع متابعة الشورت
208	ثانياً: تغريدات فيصل (الشرح بالكلام) — الأهم	covered	2	**اللاين الأحمر يعتبر دعم**
225	ثالثاً: صور الإعدادات/المؤشرات المرجعية	covered	1	شمعة همر خضرا مقلوبة
225	ثالثاً: صور الإعدادات/المؤشرات المرجعية	no_match	0	شمعة همر حمرا
251	أولاً: شارتات أسهم جديدة	partial	4	صعد فوق ما تطرده خلّه يولّي · الأهداف ع ٤س · **شمعة الهبوط 2.18 = مقاومة/هدف، بِع قبلها**
261	أولاً: شارتات أسهم جديدة	covered	2	آخر دعم فنيًا ما يكسره 1.80
262	أولاً: شارتات أسهم جديدة	covered	2	رسم المقاومة + الأهداف في حال الصعود
263	أولاً: شارتات أسهم جديدة	covered	3	2.14 شمعة الصعود السابقة فنيًا = تكون دعم
269	أولاً: شارتات أسهم جديدة	partial	3	2.34‑8%=2.15
274	أولاً: شارتات أسهم جديدة	partial	2	شمعة همر مقلوبة/الشهاب الساقط
280	أولاً: شارتات أسهم جديدة	partial	14	مقاومة سابقة 78 · تكوين دعم 58 · رفض اختراق 78=هبوط انتظار قاع جديد · دعم أساسي 29 ارتداد 40 (30%) · هبوط مسح سيولة أسفل 29 · **الوقف 5‑7% ت
281	أولاً: شارتات أسهم جديدة	covered	2	2.80 فجوة سعرية
286	ثانياً: تغريدات/رسائل منهجية جديدة (الأهم)	covered	6	حقق نماذج الهبوط، لم يرتفع قريب **متوسط حركة 30/50** · تشبع RSI · تقاطع مؤكد · شورت إيجابي(منخفض) · إعلانات · فجوات عالية · ارتفع سابقًا 100
287	ثانياً: تغريدات/رسائل منهجية جديدة (الأهم)	partial	4	دفع السعر لتجاوز دعم/مقاومة مؤقت لتفعيل أوامر الوقف لدى الصغار، يجمع كمياتهم، ثم يهبط = مسح شامل · حدث في CDIO(1000%) وBNAI(5000%)
288	ثانياً: تغريدات/رسائل منهجية جديدة (الأهم)	covered	2	أدنى شمعة هبوط = مسح السيولة · صانع السوق يضرب الوقف من X لـY ثم يصعد
291	ثانياً: تغريدات/رسائل منهجية جديدة (الأهم)	covered	2	بانتظار دخول المضارب
292	ثانياً: تغريدات/رسائل منهجية جديدة (الأهم)	covered	5	قبل ينفجر RSI بين 23‑27 · مستحيل يصعد إذا RSI بمناطق 40
294	ثانياً: تغريدات/رسائل منهجية جديدة (الأهم)	covered	4	الدخول بعد القاع السنوي + **ثبات 3‑5 جلسات = دخول** · شمعة الهبوط = هدف · النموذج يتكرر
295	ثانياً: تغريدات/رسائل منهجية جديدة (الأهم)	covered	2	لا تدخل الدعم الأول · الثاني بعد ثباته · وقفك تحته
297	ثانياً: تغريدات/رسائل منهجية جديدة (الأهم)	covered	9	متوسط حركة 30 · هبوط من الافتتاح ÷2 (مثال 2.80÷2=1.40) · ثبات 5 جلسات · شرط عدم ارتفاع بعد التقسيم · عدم شورت عالي · **تابعه لين الشورت تحت 
299	ثانياً: تغريدات/رسائل منهجية جديدة (الأهم)	partial	2	حركة طفيفة بالأفتر + سحب سيولة → الصعود الكبير بالماركت
300	ثانياً: تغريدات/رسائل منهجية جديدة (الأهم)	covered	2	ذيل طويل = مسح سيولة (دخول) · ذيل قصير = يستمر الهبوط
307	ثالثًا: دفعة إضافية (8051‑8188) — أسهم وتغريدات أخرى	partial	8	طرح ب10 · هبوط 4.70 صعود 26 · مستهدف هبوط 2.35 · ياباني فلوت 26.68م شورت 7آلاف
309	ثالثًا: دفعة إضافية (8051‑8188) — أسهم وتغريدات أخرى	partial	6	مشروبات غازية، قسم 11/12، فلوت 7.84م شورت 4آلاف
312	ثالثًا: دفعة إضافية (8051‑8188) — أسهم وتغريدات أخرى	covered	2	شمعة هبوط المضارب بعد رفعه + هبوط RSI من المضارب
312	ثالثًا: دفعة إضافية (8051‑8188) — أسهم وتغريدات أخرى	covered	4	تهييض 4 مرات · شورت 20ألف فلوت 778ألف
313	ثالثًا: دفعة إضافية (8051‑8188) — أسهم وتغريدات أخرى	partial	5	عدم ثبات فوق 3.15 يرجع يختبر · الدعم الأفضل 2.34 · فلوت 5.29م شورت صفر
316	ثالثًا: دفعة إضافية (8051‑8188) — أسهم وتغريدات أخرى	partial	10	3 جلسات · بالماركت يطلع العصر 7‑8 يحقق هدف ويهبط · 8:30‑9 جلسة لندن · تجاوز جلسة نيويورك غالبًا يدبل (80%) · اطلع بالجلسة الأولى عند التوزيع
317	ثالثًا: دفعة إضافية (8051‑8188) — أسهم وتغريدات أخرى	partial	8	إسرائيلي، قسم 25/2 افتتاح 2.57 أعلى 6.30، فلوت 934ألف شورت 50ألف
318	ثالثًا: دفعة إضافية (8051‑8188) — أسهم وتغريدات أخرى	covered	3	متابعة ثبات أو فشل · 2.86/2.95
320	رابعًا: دفعة «قراءة المضارب» (IMG_9424-9432 · 2026-07-08)	covered	2	قراءة المضارب
322	رابعًا: دفعة «قراءة المضارب» (IMG_9424-9432 · 2026-07-08)	covered	1	كيف نعرف أن المضارب دخل؟
322	رابعًا: دفعة «قراءة المضارب» (IMG_9424-9432 · 2026-07-08)	partial	3	اذا شفت شمعته تجاوز 6 بثواني
323	رابعًا: دفعة «قراءة المضارب» (IMG_9424-9432 · 2026-07-08)	partial	4	**6 سعر** — اذا دخل المضارب **بثواني معدوده يتجاوز السعر 6 هي مقاومه سعريه**
325	رابعًا: دفعة «قراءة المضارب» (IMG_9424-9432 · 2026-07-08)	covered	1	كيف أفرق مضارب ولا قروب؟
329	رابعًا: دفعة «قراءة المضارب» (IMG_9424-9432 · 2026-07-08)	covered	2	تفريغ العروض
341	رابعًا: دفعة «قراءة المضارب» (IMG_9424-9432 · 2026-07-08)	covered	2	حافظ عليها الحين **انتظر المضارب اذا شاله فقط**
350	رابعًا: دفعة «قراءة المضارب» (IMG_9424-9432 · 2026-07-08)	partial	3	تجاوز 6 بثواني
364	خامسًا: 📩 الرسالة الذهبية — فيصل يصادق على مرشّحات البوت 	covered	1	تنفع كارتكاز؟
365	خامسًا: 📩 الرسالة الذهبية — فيصل يصادق على مرشّحات البوت 	covered	2	تأكد من الشورت والاخبار
368	خامسًا: 📩 الرسالة الذهبية — فيصل يصادق على مرشّحات البوت 	partial	5	سهم Geos دعم ٦.٤٧ > ٦.٢٨ مقاومه ٧ — **اهداف رووس الشموع الحمرا**
369	خامسًا: 📩 الرسالة الذهبية — فيصل يصادق على مرشّحات البوت 	partial	4	سهم femy مهم ما يكسر 3.50 كون قاع وصعد ورجع يختبر — مقاومه ٤.٧٩
370	خامسًا: 📩 الرسالة الذهبية — فيصل يصادق على مرشّحات البوت 	covered	1	تنفع كارتكاز؟
370	خامسًا: 📩 الرسالة الذهبية — فيصل يصادق على مرشّحات البوت 	covered	2	**ايوه بس تأكد من الشورت والاخبار**
374	خامسًا: 📩 الرسالة الذهبية — فيصل يصادق على مرشّحات البوت 	covered	1	ما يكسر 9.75
377	خامسًا: 📩 الرسالة الذهبية — فيصل يصادق على مرشّحات البوت 	covered	1	مهم ما يكسر 3.50
378	خامسًا: 📩 الرسالة الذهبية — فيصل يصادق على مرشّحات البوت 	covered	1	كون قاع وصعد **ورجع يختبر**
382	خامسًا: 📩 الرسالة الذهبية — فيصل يصادق على مرشّحات البوت 	covered	2	تأكد من الشورت والاخبار
383	خامسًا: 📩 الرسالة الذهبية — فيصل يصادق على مرشّحات البوت 	covered	2	اهداف رووس الشموع الحمرا
384	خامسًا: 📩 الرسالة الذهبية — فيصل يصادق على مرشّحات البوت 	covered	2	تأكد من الشورت والاخبار
399	سادسًا: 🕳️ درس «تفريغ العروض والجدار» كاملًا — دفتر الأوا	covered	2	تفريغ العروض والجدار
405	سادسًا: 🕳️ درس «تفريغ العروض والجدار» كاملًا — دفتر الأوا	partial	6	العرض الاعلى من المضارب 2.61 · من 2 الى 2.61 = **30%**
406	سادسًا: 🕳️ درس «تفريغ العروض والجدار» كاملًا — دفتر الأوا	covered	1	ملل الانتظار
407	سادسًا: 🕳️ درس «تفريغ العروض والجدار» كاملًا — دفتر الأوا	partial	2	**يفرغ العروض كامله**
409	سادسًا: 🕳️ درس «تفريغ العروض والجدار» كاملًا — دفتر الأوا	no_match	2	عند جميع المضاربين والهوامير ع مستوى العالم
416	سادسًا: 🕳️ درس «تفريغ العروض والجدار» كاملًا — دفتر الأوا	no_match	2	سونقات وقروبات
427	سادسًا: 🕳️ درس «تفريغ العروض والجدار» كاملًا — دفتر الأوا	covered	2	يفرّغ العروض · يرفع بأقل سيولة
427	سادسًا: 🕳️ درس «تفريغ العروض والجدار» كاملًا — دفتر الأوا	no_match	0	عروض شبه مُفرَّغة
429	سادسًا: 🕳️ درس «تفريغ العروض والجدار» كاملًا — دفتر الأوا	partial	2	ينتظرون اعلان
431	سادسًا: 🕳️ درس «تفريغ العروض والجدار» كاملًا — دفتر الأوا	covered	2	الافتر او البري · الفجوات عاليه
432	سادسًا: 🕳️ درس «تفريغ العروض والجدار» كاملًا — دفتر الأوا	covered	3	الف دولار يرتفع 30%
433	سادسًا: 🕳️ درس «تفريغ العروض والجدار» كاملًا — دفتر الأوا	no_match	0	قروب يُصرَّف
434	سادسًا: 🕳️ درس «تفريغ العروض والجدار» كاملًا — دفتر الأوا	partial	2	يدخل القطيع → تصريف → يهبط
435	سادسًا: 🕳️ درس «تفريغ العروض والجدار» كاملًا — دفتر الأوا	partial	2	شيل كميات ع المقاومه لاختراقها
437	سادسًا: 🕳️ درس «تفريغ العروض والجدار» كاملًا — دفتر الأوا	partial	2	مجهزين اوامر البيع عند المقاومة
446	سادسًا: 🕳️ درس «تفريغ العروض والجدار» كاملًا — دفتر الأوا	covered	1	**بيع الوهم**
453	سابعًا: 🔒 درس «نسبة الشورت والاقتراض» من ChartExchange (I	covered	2	نسبة الشورت والاقتراض
455	سابعًا: 🔒 درس «نسبة الشورت والاقتراض» من ChartExchange (I	covered	2	هذا رابط مهم يطلع لك **نسبة الشورت والاقتراض**
464	سابعًا: 🔒 درس «نسبة الشورت والاقتراض» من ChartExchange (I	partial	3	هل تعتقد سهم **شورته 600 الف** يصعد؟ 😄 **طاخ طيخ الى الهاويه**
484	سابعًا: 🔒 درس «نسبة الشورت والاقتراض» من ChartExchange (I	covered	1	وقود سكويز 🔥
487	سابعًا: 🔒 درس «نسبة الشورت والاقتراض» من ChartExchange (I	covered	3	كان 30K قبل 3 يوم (يتضخّم = تكدّس ذخيرة)
491	سابعًا: 🔒 درس «نسبة الشورت والاقتراض» من ChartExchange (I	covered	2	متأكد من معلومة الوقود؟
491	سابعًا: 🔒 درس «نسبة الشورت والاقتراض» من ChartExchange (I	covered	2	الإجبار على التغطية
494	سابعًا: 🔒 درس «نسبة الشورت والاقتراض» من ChartExchange (I	covered	2	معلوماتك صحيحة وهذا تاكيد من فيصل
512	ثامنًا: 🎬 حزمة «فيديو فيصل 1» — تحليل DSY كامل (10 دقائق،	covered	2	فيديو فيصل 1
515	ثامنًا: 🎬 حزمة «فيديو فيصل 1» — تحليل DSY كامل (10 دقائق،	covered	3	الاقتراض 725% = اجابي
520	ثامنًا: 🎬 حزمة «فيديو فيصل 1» — تحليل DSY كامل (10 دقائق،	covered	2	صعد من 1.80 ل 19
526	ثامنًا: 🎬 حزمة «فيديو فيصل 1» — تحليل DSY كامل (10 دقائق،	covered	1	تحسّن مبكر تحت الصفر
555	تاسعًا: 🎯 آلية تحديد الأهداف (الاستخلاص من DXST/TRUG/SPRC	covered	4	الهدف 7 الأقرب من 5
556	تاسعًا: 🎯 آلية تحديد الأهداف (الاستخلاص من DXST/TRUG/SPRC	partial	3	تصحيح عند 3.88 صعودًا إلى 7
558	تاسعًا: 🎯 آلية تحديد الأهداف (الاستخلاص من DXST/TRUG/SPRC	no_match	3	5.03 · 5.11 · 5.24
561	تاسعًا: 🎯 آلية تحديد الأهداف (الاستخلاص من DXST/TRUG/SPRC	covered	1	تحرر من 1.60
571	تاسعًا: 🎯 آلية تحديد الأهداف (الاستخلاص من DXST/TRUG/SPRC	covered	2	الأهداف السنتات
576	تاسعًا: 🎯 آلية تحديد الأهداف (الاستخلاص من DXST/TRUG/SPRC	covered	2	أقرب 3 ضمن MIN_TARGET_GAP_PCT=3%
598	حادي عشر: 🏆 قائمة معايير فيصل الصريحة للارتكاز المقسّم (I	covered	1	المقسّم حديثًا micro-float
612	حادي عشر: 🏆 قائمة معايير فيصل الصريحة للارتكاز المقسّم (I	covered	2	التغطية الخضرا
615	حادي عشر: 🏆 قائمة معايير فيصل الصريحة للارتكاز المقسّم (I	covered	2	غطّى كل أهدافه بشمعة مضارب
618	حادي عشر: 🏆 قائمة معايير فيصل الصريحة للارتكاز المقسّم (I	covered	2	الأمان دخول من 2
632	حادي عشر: 🏆 قائمة معايير فيصل الصريحة للارتكاز المقسّم (I	covered	1	كل أسهم فيصل تحته HCAI 163ألف
638	ثاني عشر: 🎯 سلوكيات الصعود + تحقّق المؤشرات (IMG_0097/009	no_match	1	مهمة جدًّا معلوماتيًّا
647	ثاني عشر: 🎯 سلوكيات الصعود + تحقّق المؤشرات (IMG_0097/009	covered	5	متوسط حركة 50 يعطي دلالة لصعود السهم أقلها نسبة من 30<50٪
648	ثاني عشر: 🎯 سلوكيات الصعود + تحقّق المؤشرات (IMG_0097/009	covered	2	متوسط الحركة
649	ثاني عشر: 🎯 سلوكيات الصعود + تحقّق المؤشرات (IMG_0097/009	no_match	1	هل يلزم تحقيقها؟ طبعًا لا — هذا نهج علمي فقط
659	ثاني عشر: 🎯 سلوكيات الصعود + تحقّق المؤشرات (IMG_0097/009	covered	1	🔵 هدف نظيف بلا مقاومة
662	ثاني عشر: 🎯 سلوكيات الصعود + تحقّق المؤشرات (IMG_0097/009	covered	1	فايدة مؤشر FSTO؟
677	ثاني عشر: 🎯 سلوكيات الصعود + تحقّق المؤشرات (IMG_0097/009	covered	3	30-50%+ كحد أدنى عند الانطلاق
678	ثاني عشر: 🎯 سلوكيات الصعود + تحقّق المؤشرات (IMG_0097/009	covered	2	شمعة هابطة — انتظر الفريم اليومي يختبرها
679	ثاني عشر: 🎯 سلوكيات الصعود + تحقّق المؤشرات (IMG_0097/009	covered	1	ندمج الثنتين
682	ثاني عشر: 🎯 سلوكيات الصعود + تحقّق المؤشرات (IMG_0097/009	covered	2	مو الأكواد بس — جميع أوامر المضارب
692	ثالث عشر: 🎯 قاعدة ÷2 لأسهم التقسيم + رادار المقسّم (IMG_0	covered	1	أسهم التقسيم
702	ثالث عشر: 🎯 قاعدة ÷2 لأسهم التقسيم + رادار المقسّم (IMG_0	covered	2	🎯 رادار أسهم التقسيم
708	رابع عشر: 🥇 مثال $KUST الحيّ + قاعدة RSI للمقسّم (IMG_017	covered	1	لم يصعد بعد التقسيم
709	رابع عشر: 🥇 مثال $KUST الحيّ + قاعدة RSI للمقسّم (IMG_017	covered	1	مقسّم قبل شهرين
709	رابع عشر: 🥇 مثال $KUST الحيّ + قاعدة RSI للمقسّم (IMG_017	covered	3	حقّق متوسط 50 يوم وعليها حبة خشم
710	رابع عشر: 🥇 مثال $KUST الحيّ + قاعدة RSI للمقسّم (IMG_017	covered	3	شمعة هابطة 1.20 خارج وقت التداول
711	رابع عشر: 🥇 مثال $KUST الحيّ + قاعدة RSI للمقسّم (IMG_017	covered	4	الدخول الآمن فنيًّا بين 1.30 و 1.40
711	رابع عشر: 🥇 مثال $KUST الحيّ + قاعدة RSI للمقسّم (IMG_017	covered	2	عمل سحب سيولة قبل يصعد ~5%
712	رابع عشر: 🥇 مثال $KUST الحيّ + قاعدة RSI للمقسّم (IMG_017	covered	3	الشورت كان صفر · نسبة الاقتراض 25%
713	رابع عشر: 🥇 مثال $KUST الحيّ + قاعدة RSI للمقسّم (IMG_017	partial	2	ماعليه قروبات
713	رابع عشر: 🥇 مثال $KUST الحيّ + قاعدة RSI للمقسّم (IMG_017	no_match	2	دائمًا السهم قبل يدبل يُضغط لأدنى قاع تحضيرًا وسحب سيولة المشترين بالأعلى
714	رابع عشر: 🥇 مثال $KUST الحيّ + قاعدة RSI للمقسّم (IMG_017	partial	3	تدخل مع مضارب تربح مع مضارب · قروبات يبيعون ع بعض 10 سنت
721	رابع عشر: 🥇 مثال $KUST الحيّ + قاعدة RSI للمقسّم (IMG_017	covered	3	مثلًا السهم قسم قبل شهر **فتح 5 هبط 2.50**
722	رابع عشر: 🥇 مثال $KUST الحيّ + قاعدة RSI للمقسّم (IMG_017	partial	3	أخباره حلوة · شورته حلو · ماعليه قروبات · على 4س متماسك عند أدنى قاع
725	رابع عشر: 🥇 مثال $KUST الحيّ + قاعدة RSI للمقسّم (IMG_017	covered	2	فتح 5 هبط 2.50
728	رابع عشر: 🥇 مثال $KUST الحيّ + قاعدة RSI للمقسّم (IMG_017	no_match	0	هابط بدون صعود سابق
728	رابع عشر: 🥇 مثال $KUST الحيّ + قاعدة RSI للمقسّم (IMG_017	no_match	0	قسم ما أعطى صعود
730	رابع عشر: 🥇 مثال $KUST الحيّ + قاعدة RSI للمقسّم (IMG_017	partial	2	ماعليه قروبات
738	خامس عشر: 🥇🪝 $ONCO — **أول تحقّق مستقلّ من فيصل على سهم ا	covered	1	صيّاد أسهم التقسيم
738	خامس عشر: 🥇🪝 $ONCO — **أول تحقّق مستقلّ من فيصل على سهم ا	covered	4	**لا طبعا** تبي تدخل مع مضارب تنتظر 60 سنت ل 70 **هل يثبت اولا**
743	خامس عشر: 🥇🪝 $ONCO — **أول تحقّق مستقلّ من فيصل على سهم ا	covered	5	1.44 أعلى شمعة بعد التقسيم · تقسم ع 2 = 72 · وصل 71 سنت
743	خامس عشر: 🥇🪝 $ONCO — **أول تحقّق مستقلّ من فيصل على سهم ا	covered	5	القاع = قمة ما بعد التقسيم ÷2 = $0.72 (القمة 1.44)
743	خامس عشر: 🥇🪝 $ONCO — **أول تحقّق مستقلّ من فيصل على سهم ا	covered	1	إغلاق أول شمعة
744	خامس عشر: 🥇🪝 $ONCO — **أول تحقّق مستقلّ من فيصل على سهم ا	covered	1	شورت 150 الف
744	خامس عشر: 🥇🪝 $ONCO — **أول تحقّق مستقلّ من فيصل على سهم ا	covered	2	متاح للاقتراض: 150K
753	خامس عشر: 🥇🪝 $ONCO — **أول تحقّق مستقلّ من فيصل على سهم ا	covered	2	رأس الشمعة الساقطة
762	خامس عشر: 🥇🪝 $ONCO — **أول تحقّق مستقلّ من فيصل على سهم ا	covered	4	الدخول بالملي 1.70←1.80
763	خامس عشر: 🥇🪝 $ONCO — **أول تحقّق مستقلّ من فيصل على سهم ا	covered	3	عدد الاسهم 3.69 مليون
773	سادس عشر: 🥇 دفعة JZ · CCHH · DRCT · ZCMD (IMG_0289/0292/0	covered	3	0.71−5٪=0.675
777	سادس عشر: 🥇 دفعة JZ · CCHH · DRCT · ZCMD (IMG_0289/0292/0	covered	2	الخطوط تعتبر اهداف مضارب
782	سادس عشر: 🥇 دفعة JZ · CCHH · DRCT · ZCMD (IMG_0289/0292/0	covered	1	**ثبات فوق 5 مهم جدا**
783	سادس عشر: 🥇 دفعة JZ · CCHH · DRCT · ZCMD (IMG_0289/0292/0	covered	2	12 شمعة ساقطة
786	سادس عشر: 🥇 دفعة JZ · CCHH · DRCT · ZCMD (IMG_0289/0292/0	no_match	0	مصدرُ السلّم
789	سادس عشر: 🥇 دفعة JZ · CCHH · DRCT · ZCMD (IMG_0289/0292/0	covered	1	رأس الحمرا = هدف
793	سادس عشر: 🥇 دفعة JZ · CCHH · DRCT · ZCMD (IMG_0289/0292/0	covered	1	ثبات فوق 5 مهم جدا
801	سادس عشر: 🥇 دفعة JZ · CCHH · DRCT · ZCMD (IMG_0289/0292/0	covered	2	متابعة الضغط للشمعه الساقطه · **ثبات اجابيه عدم ثبات سلبيه**
803	سادس عشر: 🥇 دفعة JZ · CCHH · DRCT · ZCMD (IMG_0289/0292/0	covered	3	**شمعه تلاعب واضحه وضغط من المضارب 1.99**
831	سابع عشر: 🥇 إكمال دفعة الذهب — AZI · DSY · EHGO · JZ‑1س ·	covered	2	**تحرر من 1.36 شيله من العرض بأي سعر**
831	سابع عشر: 🥇 إكمال دفعة الذهب — AZI · DSY · EHGO · JZ‑1س ·	covered	1	**170٪ 🇨🇳 ✅**
833	سابع عشر: 🥇 إكمال دفعة الذهب — AZI · DSY · EHGO · JZ‑1س ·	covered	1	شيله من العرض بأي سعر
839	سابع عشر: 🥇 إكمال دفعة الذهب — AZI · DSY · EHGO · JZ‑1س ·	covered	5	**اخذته الآن من العرض الليلي 1.85 · دفعه اخرى 1.70 غدا · هدفك عالي شرط 3.20 تحرر**
840	سابع عشر: 🥇 إكمال دفعة الذهب — AZI · DSY · EHGO · JZ‑1س ·	covered	1	شرط 3.20 تحرر
840	سابع عشر: 🥇 إكمال دفعة الذهب — AZI · DSY · EHGO · JZ‑1س ·	no_match	0	معلّق حتى $X
844	سابع عشر: 🥇 إكمال دفعة الذهب — AZI · DSY · EHGO · JZ‑1س ·	partial	2	**ماجا يومه · حمل واصبر هدفك فوق 100٪**
844	سابع عشر: 🥇 إكمال دفعة الذهب — AZI · DSY · EHGO · JZ‑1س ·	covered	2	**1.20 > 1.10 طلبه**
847	سابع عشر: 🥇 إكمال دفعة الذهب — AZI · DSY · EHGO · JZ‑1س ·	covered	1	رُفِع أكثر من مرة **بدون مضارب**
864	سابع عشر: 🥇 إكمال دفعة الذهب — AZI · DSY · EHGO · JZ‑1س ·	covered	2	رُفِع أكثر من مرة بدون مضارب ⇒ متابعة فقط
869	سابع عشر: 🥇 إكمال دفعة الذهب — AZI · DSY · EHGO · JZ‑1س ·	covered	3	القاع اختُبر N مرات عند $X — فيصل: القاع 2 = ثبات أو سحب سيولة
874	ثامن عشر: ⭐ «اتفاق الفريمات» وصيد الارتداد + تعريف الإيجا	covered	2	اتفاق الفريمات
876	ثامن عشر: ⭐ «اتفاق الفريمات» وصيد الارتداد + تعريف الإيجا	covered	2	اتفاق الفريمات
885	ثامن عشر: ⭐ «اتفاق الفريمات» وصيد الارتداد + تعريف الإيجا	covered	3	فريم 5 دقايق **شرط السهم محقق ارتفاع + سيوله عاليه**
885	ثامن عشر: ⭐ «اتفاق الفريمات» وصيد الارتداد + تعريف الإيجا	covered	1	**ارتداد أول عدم دخول**
886	ثامن عشر: ⭐ «اتفاق الفريمات» وصيد الارتداد + تعريف الإيجا	covered	4	**ارتداد 2 تأكيد دخول عدم كسر 10.21**
886	ثامن عشر: ⭐ «اتفاق الفريمات» وصيد الارتداد + تعريف الإيجا	partial	2	**رأس شمعة الهبوط جني الربح عند ارتداده لها**
887	ثامن عشر: ⭐ «اتفاق الفريمات» وصيد الارتداد + تعريف الإيجا	covered	2	لا تدخل الدعم الأول
893	ثامن عشر: ⭐ «اتفاق الفريمات» وصيد الارتداد + تعريف الإيجا	covered	2	الارتداد الأول
895	ثامن عشر: ⭐ «اتفاق الفريمات» وصيد الارتداد + تعريف الإيجا	partial	2	تأكيد الإيجابية/السلبية
896	ثامن عشر: ⭐ «اتفاق الفريمات» وصيد الارتداد + تعريف الإيجا	covered	3	تأكيد الإيجابية بعد كسر السعر x.xx — هل هو كسر المقاومة **اليومية أو الأسبوعية أو 4س**؟
908	ثامن عشر: ⭐ «اتفاق الفريمات» وصيد الارتداد + تعريف الإيجا	covered	2	القروب يرفع ⇒ المضارب يهبط
909	ثامن عشر: ⭐ «اتفاق الفريمات» وصيد الارتداد + تعريف الإيجا	covered	1	غفلة القروبات
909	ثامن عشر: ⭐ «اتفاق الفريمات» وصيد الارتداد + تعريف الإيجا	no_match	0	خالٍ من قروب
910	ثامن عشر: ⭐ «اتفاق الفريمات» وصيد الارتداد + تعريف الإيجا	covered	2	برامج آلية تحترم الدعوم والمقاومات
916	تاسع عشر: ⚖️ تدقيق التعارض — فصل «مضاربة الزخم» عن «منهجي	covered	2	مضاربة الزخم
916	تاسع عشر: ⚖️ تدقيق التعارض — فصل «مضاربة الزخم» عن «منهجي	covered	2	منهجية الارتكاز
917	تاسع عشر: ⚖️ تدقيق التعارض — فصل «مضاربة الزخم» عن «منهجي	covered	2	ممكن أرسلت لك صور ما تخص الارتكاز، تخص استراتيجية مضاربة — تأكّد ما فيه تعارض
934	تاسع عشر: ⚖️ تدقيق التعارض — فصل «مضاربة الزخم» عن «منهجي	covered	2	**شرط السهم محقق ارتفاع + سيوله عاليه**
938	تاسع عشر: ⚖️ تدقيق التعارض — فصل «مضاربة الزخم» عن «منهجي	covered	2	تُكمِّم قاعدة لا تدخل الدعم الأول
944	تاسع عشر: ⚖️ تدقيق التعارض — فصل «مضاربة الزخم» عن «منهجي	covered	3	متوسط 30 يوم من تاريخ التقسيم
945	تاسع عشر: ⚖️ تدقيق التعارض — فصل «مضاربة الزخم» عن «منهجي	covered	7	مقسم في 22-6 … امس 22-7 … **حقق متوسط 30 يوم من تاريخ التقسيم**
947	تاسع عشر: ⚖️ تدقيق التعارض — فصل «مضاربة الزخم» عن «منهجي	covered	1	لم ينضج (N جلسة من 30)
947	تاسع عشر: ⚖️ تدقيق التعارض — فصل «مضاربة الزخم» عن «منهجي	no_match	0	$X — ✅ حقّقه / ⏳ تحته
958	عشرون: 🔴 **$JZ — الحالة المرجعية الكاملة لقاعدة «القروب ي	covered	2	القروب يُلغي الأهداف
971	عشرون: 🔴 **$JZ — الحالة المرجعية الكاملة لقاعدة «القروب ي	covered	2	القروب يرفع ⇒ **المضارب يلغي الأهداف** ويهبط فيه
973	عشرون: 🔴 **$JZ — الحالة المرجعية الكاملة لقاعدة «القروب ي	covered	2	ألغى جميع الأهداف والصعود
975	عشرون: 🔴 **$JZ — الحالة المرجعية الكاملة لقاعدة «القروب ي	covered	2	القروب الغبي
979	عشرون: 🔴 **$JZ — الحالة المرجعية الكاملة لقاعدة «القروب ي	covered	1	**ثبات فوق 5 مهم جدا**
981	عشرون: 🔴 **$JZ — الحالة المرجعية الكاملة لقاعدة «القروب ي	partial	4	يهمنا فنيًا عدم كسر 2.35 / 2.30 — تعتبر دعم مقاومة سابقة
983	عشرون: 🔴 **$JZ — الحالة المرجعية الكاملة لقاعدة «القروب ي	covered	5	الشمعة واضحة المقاومة ع فريم 4 ساعات 2.87 — شمعة ساقطة سابقًا مداها 2.87 > اختبرها اليوم وهبط
988	عشرون: 🔴 **$JZ — الحالة المرجعية الكاملة لقاعدة «القروب ي	covered	2	لماذا لم يرشّح البوت JZ
1010	حادي وعشرون — 🧾 بطاقة فيصل الفرزية (HTCR · BNKK · MWC · S	covered	3	قاع 2.50 · 50% تمت بصعود أول ✅
1013	حادي وعشرون — 🧾 بطاقة فيصل الفرزية (HTCR · BNKK · MWC · S	covered	5	**ارتفعت بسبب** المدير اشتري كمية اسهم 1.7 مليون سهم 8/6
1014	حادي وعشرون — 🧾 بطاقة فيصل الفرزية (HTCR · BNKK · MWC · S	covered	6	اشترى الرئيس 12 الف سهم بسعر 1.37 دولار 17/6
1015	حادي وعشرون — 🧾 بطاقة فيصل الفرزية (HTCR · BNKK · MWC · S	partial	3	عدم ثبات فوق 3.15 بيرجع يختبر الدعوم
1018	حادي وعشرون — 🧾 بطاقة فيصل الفرزية (HTCR · BNKK · MWC · S	covered	2	أقل من 2 مليون
1023	حادي وعشرون — 🧾 بطاقة فيصل الفرزية (HTCR · BNKK · MWC · S	covered	3	÷2 على المستوى السائد
1023	حادي وعشرون — 🧾 بطاقة فيصل الفرزية (HTCR · BNKK · MWC · S	covered	3	هبوط 4.70 · مستهدف هبوط 2.35
1025	حادي وعشرون — 🧾 بطاقة فيصل الفرزية (HTCR · BNKK · MWC · S	covered	2	مستهدف هبوط −50%
1027	حادي وعشرون — 🧾 بطاقة فيصل الفرزية (HTCR · BNKK · MWC · S	covered	2	المستوى السائد
1031	حادي وعشرون — 🧾 بطاقة فيصل الفرزية (HTCR · BNKK · MWC · S	partial	2	من أصعب الأسهم تحليلا يستخدم عليه عدة نماذج
1033	ثاني وعشرون — 🥇 «نماذج الهبوط الإيجابية» + دفعة 2026-07-2	covered	2	نماذج الهبوط الإيجابية
1041	ثاني وعشرون — 🥇 «نماذج الهبوط الإيجابية» + دفعة 2026-07-2	covered	3	سهم هابط بعد صعود عالي: مراقبة **5 جلسات**
1043	ثاني وعشرون — 🥇 «نماذج الهبوط الإيجابية» + دفعة 2026-07-2	covered	2	**السنتات خارج الشرح أعلاه**
1050	ثاني وعشرون — 🥇 «نماذج الهبوط الإيجابية» + دفعة 2026-07-2	covered	1	أعلى شمعة أول افتتاح
1050	ثاني وعشرون — 🥇 «نماذج الهبوط الإيجابية» + دفعة 2026-07-2	covered	1	قمة ما بعد التقسيم
1054	ثاني وعشرون — 🥇 «نماذج الهبوط الإيجابية» + دفعة 2026-07-2	covered	3	**المتعارف عليه من 7٪ ل 13٪**
1055	ثاني وعشرون — 🥇 «نماذج الهبوط الإيجابية» + دفعة 2026-07-2	covered	3	سحب سيولة قبل يصعد **5٪** تقريبًا
1056	ثاني وعشرون — 🥇 «نماذج الهبوط الإيجابية» + دفعة 2026-07-2	covered	3	متوقع 2.50 **مع مسح يصل 2**
1057	ثاني وعشرون — 🥇 «نماذج الهبوط الإيجابية» + دفعة 2026-07-2	covered	1	المتعارف عليه
1060	ثاني وعشرون — 🥇 «نماذج الهبوط الإيجابية» + دفعة 2026-07-2	covered	2	**أي سهم تدخل سيولة قبل يصعد فيه المضارب يهبط فيه المضارب**
1062	ثاني وعشرون — 🥇 «نماذج الهبوط الإيجابية» + دفعة 2026-07-2	covered	1	ما يطول أسبوع
1064	ثاني وعشرون — 🥇 «نماذج الهبوط الإيجابية» + دفعة 2026-07-2	partial	2	يهمنا بأسهم التقسيم **دولة السهم + سلوكه سابقًا**
1066	ثاني وعشرون — 🥇 «نماذج الهبوط الإيجابية» + دفعة 2026-07-2	covered	3	فريم 4 ساعات **متماسك عند أدنى قاع**
1067	ثاني وعشرون — 🥇 «نماذج الهبوط الإيجابية» + دفعة 2026-07-2	covered	3	**الشورت كان صفر · نسبة الاقتراض 25٪**
1075	ثاني وعشرون — 🥇 «نماذج الهبوط الإيجابية» + دفعة 2026-07-2	covered	2	الدخول مع المضارب — **انتظار الثبات**
1079	ثاني وعشرون — 🥇 «نماذج الهبوط الإيجابية» + دفعة 2026-07-2	covered	1	**دولة السهم تحدد فيها كم يصعد نسبة**
1084	ثالث وعشرون — 🔄 «الدورة المصغَّرة» (DXST) + همر MNDR + خط	partial	2	الدورة المصغَّرة
1088	ثالث وعشرون — 🔄 «الدورة المصغَّرة» (DXST) + همر MNDR + خط	partial	2	الدورة المصغَّرة
1097	ثالث وعشرون — 🔄 «الدورة المصغَّرة» (DXST) + همر MNDR + خط	covered	2	سهم ارتكاز حقق 100%
1098	ثالث وعشرون — 🔄 «الدورة المصغَّرة» (DXST) + همر MNDR + خط	covered	6	هبط اختبر دعوم 15 دقيقه + 30 عند 2.80 صعد في الليلي الى 3.50
1101	ثالث وعشرون — 🔄 «الدورة المصغَّرة» (DXST) + همر MNDR + خط	partial	2	كسره ب 5 سنت مايضر
1105	ثالث وعشرون — 🔄 «الدورة المصغَّرة» (DXST) + همر MNDR + خط	covered	2	استراتيجية تداول
1109	ثالث وعشرون — 🔄 «الدورة المصغَّرة» (DXST) + همر MNDR + خط	covered	3	ابو 1200 سوا خصم الان 700 · شكله متابع جيد
1111	ثالث وعشرون — 🔄 «الدورة المصغَّرة» (DXST) + همر MNDR + خط	covered	1	هل يخصّ الارتكاز؟
1112	ثالث وعشرون — 🔄 «الدورة المصغَّرة» (DXST) + همر MNDR + خط	covered	2	**سهم ارتكاز حقق 100%**
1122	ثالث وعشرون — 🔄 «الدورة المصغَّرة» (DXST) + همر MNDR + خط	partial	2	كسره ب 5 سنت مايضر
1136	ثالث وعشرون — 🔄 «الدورة المصغَّرة» (DXST) + همر MNDR + خط	covered	2	الدخول بالطلبات لا من العرض
1137	ثالث وعشرون — 🔄 «الدورة المصغَّرة» (DXST) + همر MNDR + خط	covered	1	ما لم تدخل قروبات
1140	ثالث وعشرون — 🔄 «الدورة المصغَّرة» (DXST) + همر MNDR + خط	covered	2	قبل الأهداف: الدخول الآمن
1151	ثالث وعشرون — 🔄 «الدورة المصغَّرة» (DXST) + همر MNDR + خط	no_match	0	معلّق حتى $X
1152	ثالث وعشرون — 🔄 «الدورة المصغَّرة» (DXST) + همر MNDR + خط	partial	2	مافيه دخول لين يختبر ويثبت
1167	§ثالث وعشرون — دفعة القناة التعليمية 2026-08-27 (‏8 صور ·	covered	1	قناة تعليمية
1173	§ثالث وعشرون — دفعة القناة التعليمية 2026-08-27 (‏8 صور ·	no_match	2	افضل مدرسه الكلاسيكيه تعتمد ع دعم مقاومه · نضيف عليها نماذج الاسهم **فقط نموذجين في البدايه: سهم هابط من اعلى · سهم مقسم**
1173	§ثالث وعشرون — دفعة القناة التعليمية 2026-08-27 (‏8 صور ·	partial	5	متوسطات الحركه تبين لك توجه السهم · احسب بالايام من وين هابط · 20 يوم او 30 او 50
1173	§ثالث وعشرون — دفعة القناة التعليمية 2026-08-27 (‏8 صور ·	partial	4	التشبع البيعي يمثله rsi **من 23 ل 27**
1173	§ثالث وعشرون — دفعة القناة التعليمية 2026-08-27 (‏8 صور ·	partial	3	اذا ماشده المضارب جميع 100٪
1173	§ثالث وعشرون — دفعة القناة التعليمية 2026-08-27 (‏8 صور ·	covered	5	‏30٪ مقاومه يدقر عندها تقرر تبيع اولا · **ربع ساعه ماكسر اعلى شمعه وصلها** · 50٪ مقاومه ثانيه ينزل يتخبر مقاومه 30٪ وهكذا
1174	§ثالث وعشرون — دفعة القناة التعليمية 2026-08-27 (‏8 صور ·	partial	2	كل الاسهم الصينيه طلعت حتى السيرا **باقي ذا** حطب بالسهم قرشين ونسهن
1175	§ثالث وعشرون — دفعة القناة التعليمية 2026-08-27 (‏8 صور ·	partial	13	‏4.31 شمعه تحت 2.30 · **رجع يختبر 2.30 ولا كسرها وثبت فوق 2.40 — هنا قرار الدخول** · تاريخ 21/7 شمعة الهبوط · اليوم 27 اكبر من 8 يعني **حقق 
1177	§ثالث وعشرون — دفعة القناة التعليمية 2026-08-27 (‏8 صور ·	covered	4	شمعة قروب الشكوى لله 😄 **يربح 5 يخسر 50** · هذي نماذج القروبات عرفت كيف تخسر الان
1178	§ثالث وعشرون — دفعة القناة التعليمية 2026-08-27 (‏8 صور ·	covered	6	الان عندك سهم واضح ملعوب في شموعه طبق عليه متوسطات الحركه · **صعد قبل متوسطات الحركه = رزق لم يكتب · الاصل علمي ماصعد** تستمر مراقبه ع متوسط
1178	§ثالث وعشرون — دفعة القناة التعليمية 2026-08-27 (‏8 صور ·	covered	2	عندك سهمين نماذج هابطه راقبها عشان تتعلم
1179	§ثالث وعشرون — دفعة القناة التعليمية 2026-08-27 (‏8 صور ·	partial	3	مازال للهبوط بقية ممكن 2 ربما
1180	§ثالث وعشرون — دفعة القناة التعليمية 2026-08-27 (‏8 صور ·	partial	5	الظاهر معنا بالقروب همل قروبات من هبوط 10٪ لصعود 4٪ يعني ربح 15٪
1180	§ثالث وعشرون — دفعة القناة التعليمية 2026-08-27 (‏8 صور ·	partial	3	تداول ليلي الساعه 4 الفجر بنصلي — مضارب راقد العالم راقده
1184	§ثالث وعشرون — دفعة القناة التعليمية 2026-08-27 (‏8 صور ·	no_match	1	صعد قبل المتوسطات = رزق لم يكتب
1185	§ثالث وعشرون — دفعة القناة التعليمية 2026-08-27 (‏8 صور ·	covered	2	20 اكبر من 30 يوم
1186	§ثالث وعشرون — دفعة القناة التعليمية 2026-08-27 (‏8 صور ·	covered	2	حقق متوسط 30
1187	§ثالث وعشرون — دفعة القناة التعليمية 2026-08-27 (‏8 صور ·	covered	2	رجع يختبر القاع **ولا كسرها وثبت فوق**
1188	§ثالث وعشرون — دفعة القناة التعليمية 2026-08-27 (‏8 صور ·	covered	2	ضربها مرتين ولا كسرها
1190	§ثالث وعشرون — دفعة القناة التعليمية 2026-08-27 (‏8 صور ·	partial	2	‏30 الف على عدد اسهمه لاشي
1192	§ثالث وعشرون — دفعة القناة التعليمية 2026-08-27 (‏8 صور ·	covered	2	يربح 5 يخسر 50
1200	§رابع وعشرون — دفعة 2026-09-05 (‏20 صورة · `X_20260905_*`	no_match	0	‏Moha…وKHALID وA.Alghamdi
1201	§رابع وعشرون — دفعة 2026-09-05 (‏20 صورة · `X_20260905_*`	covered	1	قناة تعليمية
1208	§رابع وعشرون — دفعة 2026-09-05 (‏20 صورة · `X_20260905_*`	covered	7	‏البعض ارسلي قروب مدخلهم امس ع 2.40 · كم مره ذكرنا **انتظار ضغط البري** · الان مهم يستمر تداول السهم فوق 1.70 لو كسرها مهم يرجع فوقها · **2.
1209	§رابع وعشرون — دفعة 2026-09-05 (‏20 صورة · `X_20260905_*`	partial	5	وغير مرشح ابدا لذلك · **الدعم الاسبوعي واليَومي يتفقان على 1.70** بمعنى فشل السهم تحت الرقم هذا مباشره · **دعوم الموجات نفس الشموع 1.68** · 
1210	§رابع وعشرون — دفعة 2026-09-05 (‏20 صورة · `X_20260905_*`	partial	3	‏Rsi **لابد يستمر فوق 50 عشان يكمل صعوده**
1210	§رابع وعشرون — دفعة 2026-09-05 (‏20 صورة · `X_20260905_*`	covered	1	‏Rsi مرتفع 🤔
1212	§رابع وعشرون — دفعة 2026-09-05 (‏20 صورة · `X_20260905_*`	partial	4	‏صدر خبر · صعد اختبر مقاومه **هبط فيه المضارب مباشره** · هل مازال مرتبط بالتكوين لم ابحث · هبط لقاع 2.08 · **الشورت ارتفع** · اذا كسر الرقم 
1213	§رابع وعشرون — دفعة 2026-09-05 (‏20 صورة · `X_20260905_*`	covered	3	‏$BTOG **200%** · الرمز الجديد $SGRX
1214	§رابع وعشرون — دفعة 2026-09-05 (‏20 صورة · `X_20260905_*`	covered	3	‏قس ع ذلك كل الاسهم · **الان شهر 9 متعارف الاسهم تضرب قيعان**
1214	§رابع وعشرون — دفعة 2026-09-05 (‏20 صورة · `X_20260905_*`	partial	3	‏ymt rsi 22 وشورت اقل من ٢٠الف
1215	§رابع وعشرون — دفعة 2026-09-05 (‏20 صورة · `X_20260905_*`	partial	6	‏يهمك تحليل السهم ع **فريم 4 ساعات كذلك 30 دقيقه** · الشموع واضحه والارقام واضحه · **دايما ارسم المقاومه باللاين الاسود** · هذا كان سهم متاب
1216	§رابع وعشرون — دفعة 2026-09-05 (‏20 صورة · `X_20260905_*`	no_match	2	‏اعتقد الشركه مصريه · **يطبق ماذكر ادناه**
1217	§رابع وعشرون — دفعة 2026-09-05 (‏20 صورة · `X_20260905_*`	no_match	2	**يطبق ماذكر ادناه**
1219	§رابع وعشرون — دفعة 2026-09-05 (‏20 صورة · `X_20260905_*`	partial	9	‏**كسرة خط فيواب تكون هدف غالبا تجاوزها نعطيه فرصه** · صعود المضارب لـ100٪ تكون **بشمعه مدتها لاتتجاوز 5 دقايق** · جني الربح مفعل مسبقا غالب
1220	§رابع وعشرون — دفعة 2026-09-05 (‏20 صورة · `X_20260905_*`	covered	4	‏**راس الشمعه الساقطه ذيلها** · اذا الهدف ذيل تجاوزه برخم تعطيه **جسم الشمعه الساقطه 4.30** · تحرر من الجسم يعطي نسبه اقل من راس الشمعه السا
1221	§رابع وعشرون — دفعة 2026-09-05 (‏20 صورة · `X_20260905_*`	covered	3	‏سلوكه جدا مقارب zcmd … **هذي حصلت بـzcmd قبل يوصل 700٪ بجلسه الافتر**
1221	§رابع وعشرون — دفعة 2026-09-05 (‏20 صورة · `X_20260905_*`	partial	3	‏**Jz · Ezra · Icu — كلها لقطوها قروبات ع 20٪ وهبطت علينا ودخلنا من جديد**
1222	§رابع وعشرون — دفعة 2026-09-05 (‏20 صورة · `X_20260905_*`	partial	3	‏ايوه وعنده **قاع قبل** · اذا نقوا طبق القاعده هبط [؟] وصعد [؟] 25٪ · ايوه ورجع يختبر الدعم · الاثنين قرار الدخول: **هل يختبر شمعته السابقه 
1223	§رابع وعشرون — دفعة 2026-09-05 (‏20 صورة · `X_20260905_*`	covered	3	‏شموع المضارب · احترام للدعوم والمقاومات · تحقيق اهداف الشموع الساقطه · الفرق واضح بينها وبين شموع ١٠ سنت
1224	§رابع وعشرون — دفعة 2026-09-05 (‏20 صورة · `X_20260905_*`	partial	3	‏**شورته 65 الف شبه عالي** · ضرب قاع جديد بعد الهبوط · **هل يحافظ ع قاعه اولا** · ماعندي تداول ولا راح افتح صفقه فقط نراقب · **مهم البحث عن 
1230	§رابع وعشرون — دفعة 2026-09-05 (‏20 صورة · `X_20260905_*`	covered	2	المناطق الصفرا لو تجاوزها تعطيه اهداف
1232	§رابع وعشرون — دفعة 2026-09-05 (‏20 صورة · `X_20260905_*`	no_match	0	‏معلّق حتى $X
1239	§رابع وعشرون — دفعة 2026-09-05 (‏20 صورة · `X_20260905_*`	covered	2	الدعم الأسبوعيّ واليوميّ يتفقان
1265	§رابع وعشرون — دفعة 2026-09-05 (‏20 صورة · `X_20260905_*`	covered	2	الرأس = الذيل
1272	§رابع وعشرون — دفعة 2026-09-05 (‏20 صورة · `X_20260905_*`	partial	3	‏Rsi **لابد يستمر فوق 50 عشان يكمل صعوده**
1277	§رابع وعشرون — دفعة 2026-09-05 (‏20 صورة · `X_20260905_*`	no_match	0	هل ما زال عند قاعه؟
1278	§رابع وعشرون — دفعة 2026-09-05 (‏20 صورة · `X_20260905_*`	covered	1	هل يواصل صعودَه؟
1279	§رابع وعشرون — دفعة 2026-09-05 (‏20 صورة · `X_20260905_*`	partial	2	حدِّد نظامَ القاعدة قبل تنفيذها
1289	§رابع وعشرون — دفعة 2026-09-05 (‏20 صورة · `X_20260905_*`	covered	3	‏**الان شهر 9 متعارف الاسهم تضرب قيعان**
1295	§رابع وعشرون — دفعة 2026-09-05 (‏20 صورة · `X_20260905_*`	covered	2	الطلبات بعد القاع
1296	§رابع وعشرون — دفعة 2026-09-05 (‏20 صورة · `X_20260905_*`	covered	2	انتظار ضغط قبل الصعود
1297	§رابع وعشرون — دفعة 2026-09-05 (‏20 صورة · `X_20260905_*`	covered	2	ارسم المقاومه باللاين الاسود
1298	§رابع وعشرون — دفعة 2026-09-05 (‏20 صورة · `X_20260905_*`	covered	4	فريم 4 ساعات كذلك 30 دقيقه
1299	§رابع وعشرون — دفعة 2026-09-05 (‏20 صورة · `X_20260905_*`	covered	1	شورت اقل من ٢٠الف
1300	§رابع وعشرون — دفعة 2026-09-05 (‏20 صورة · `X_20260905_*`	no_match	1	هل يحافظ ع قاعه اولا
1301	§رابع وعشرون — دفعة 2026-09-05 (‏20 صورة · `X_20260905_*`	partial	2	اخبار سلبيه او تصدير اسهم
1325	§خامس وعشرون — دفعة 2026-09-05-ب (‏5 صور · `TG_20260905_0	covered	2	**جميعها من فيصل بدون اي استثناء**
1334	§خامس وعشرون — دفعة 2026-09-05-ب (‏5 صور · `TG_20260905_0	partial	2	**هذا دعمه** · **الازرق فجوة لازم يغطيها**
1335	§خامس وعشرون — دفعة 2026-09-05-ب (‏5 صور · `TG_20260905_0	partial	5	**‏1.7 دعم** · **الابيض مقاومة** · **النهج الصحيح** يختبر المقاومة **ويرجع يختبر دعم** — **مب شرط نفسه يمكن فوقه ب شوي** · **‏1.8 > 1.9 اشوف
1336	§خامس وعشرون — دفعة 2026-09-05-ب (‏5 صور · `TG_20260905_0	covered	2	**غطا فجوته الان المفروض يطلع** · الابيض مقاومات · **الخط الثاني يتحرر منها بيعطي شي**
1337	§خامس وعشرون — دفعة 2026-09-05-ب (‏5 صور · `TG_20260905_0	covered	3	**اختبار دعم · رجع اختبر مقاومة · ثبات ٥ جلسات · دخول** — **ذا نهج علمي**
1347	§خامس وعشرون — دفعة 2026-09-05-ب (‏5 صور · `TG_20260905_0	covered	2	النهجُ الصحيح
1352	§خامس وعشرون — دفعة 2026-09-05-ب (‏5 صور · `TG_20260905_0	no_match	0	كُنس قاعٌ ثم **تكوَّن قاعٌ جديد فحفظ**
1354	§خامس وعشرون — دفعة 2026-09-05-ب (‏5 صور · `TG_20260905_0	covered	1	يرجع يختبر دعم يمكن فوقه بشوي
1356	§خامس وعشرون — دفعة 2026-09-05-ب (‏5 صور · `TG_20260905_0	partial	4	‏1.8 > 1.9 اشوفه تجميع
1363	§خامس وعشرون — دفعة 2026-09-05-ب (‏5 صور · `TG_20260905_0	partial	2	غطا فجوته الان المفروض يطلع
1363	§خامس وعشرون — دفعة 2026-09-05-ب (‏5 صور · `TG_20260905_0	covered	2	الخط الثاني يتحرر منها بيعطي شي
1365	§خامس وعشرون — دفعة 2026-09-05-ب (‏5 صور · `TG_20260905_0	covered	1	المفروض يطلع
1367	§خامس وعشرون — دفعة 2026-09-05-ب (‏5 صور · `TG_20260905_0	partial	2	الخطُّ الثاني يتحرّر منها بيعطي شي
1369	§خامس وعشرون — دفعة 2026-09-05-ب (‏5 صور · `TG_20260905_0	no_match	0	تحرّر فيصل = **أقربُ** حاجز
1372	§خامس وعشرون — دفعة 2026-09-05-ب (‏5 صور · `TG_20260905_0	covered	2	ثبات ٥ جلسات
1378	§خامس وعشرون — دفعة 2026-09-05-ب (‏5 صور · `TG_20260905_0	covered	2	حافظ ع قاعه لمدة 3 جلسات
1380	§خامس وعشرون — دفعة 2026-09-05-ب (‏5 صور · `TG_20260905_0	covered	1	رقمُ `HOLD3` يبقى
1383	§خامس وعشرون — دفعة 2026-09-05-ب (‏5 صور · `TG_20260905_0	covered	2	ثبات 5 على 4س
1383	§خامس وعشرون — دفعة 2026-09-05-ب (‏5 صور · `TG_20260905_0	covered	2	ثبات 3 على اليوميّ
1386	§خامس وعشرون — دفعة 2026-09-05-ب (‏5 صور · `TG_20260905_0	covered	2	يوميّ ولا 4 ساعات؟
1395	§خامس وعشرون — دفعة 2026-09-05-ب (‏5 صور · `TG_20260905_0	covered	2	ثبات ٥ جلسات
1399	§سادس وعشرون — 📘 «دليل طريقة فيصل لفلترة الأسهم وقراءة سل	covered	2	دليل طريقة فيصل لفلترة الأسهم وقراءة سلوك المضارب
1412	§سادس وعشرون — 📘 «دليل طريقة فيصل لفلترة الأسهم وقراءة سل	covered	1	الخبر محفّز لا دخول
1412	§سادس وعشرون — 📘 «دليل طريقة فيصل لفلترة الأسهم وقراءة سل	covered	2	المضارب يحضّر السهم قبل الخبر
1414	§سادس وعشرون — 📘 «دليل طريقة فيصل لفلترة الأسهم وقراءة سل	covered	2	بطاقة فيصل الفرزية
1414	§سادس وعشرون — 📘 «دليل طريقة فيصل لفلترة الأسهم وقراءة سل	covered	1	🟢 جاهز / 👀 متابعة
1415	§سادس وعشرون — 📘 «دليل طريقة فيصل لفلترة الأسهم وقراءة سل	no_match	0	متى يكون جاهزًا؟
1424	§سادس وعشرون — 📘 «دليل طريقة فيصل لفلترة الأسهم وقراءة سل	covered	3	دقّة الخطأ لا تتجاوز 2% للدخول الآمن
1425	§سادس وعشرون — 📘 «دليل طريقة فيصل لفلترة الأسهم وقراءة سل	covered	4	نسبة الخطأ الأسبوعية: خسارة 15% مقابل نجاح 100%
1425	§سادس وعشرون — 📘 «دليل طريقة فيصل لفلترة الأسهم وقراءة سل	partial	2	الأسهم تؤخذ بالصبر
1426	§سادس وعشرون — 📘 «دليل طريقة فيصل لفلترة الأسهم وقراءة سل	covered	3	قراءة الشموع على جميع الفريمات أقربها 4 ساعات
1426	§سادس وعشرون — 📘 «دليل طريقة فيصل لفلترة الأسهم وقراءة سل	covered	1	شورت · عدد أسهم · آخر تقسيم
1427	§سادس وعشرون — 📘 «دليل طريقة فيصل لفلترة الأسهم وقراءة سل	partial	2	هكذا تفرز الاسهم قبل صعودها
1428	§سادس وعشرون — 📘 «دليل طريقة فيصل لفلترة الأسهم وقراءة سل	covered	3	ثبات فوق خط العنق أكثر من ربع ساعة على فريم 30 دقيقة
1429	§سادس وعشرون — 📘 «دليل طريقة فيصل لفلترة الأسهم وقراءة سل	covered	2	كل موجة 30-40%
1430	§سادس وعشرون — 📘 «دليل طريقة فيصل لفلترة الأسهم وقراءة سل	covered	1	إنذار ضغط لا أمر شراء
1430	§سادس وعشرون — 📘 «دليل طريقة فيصل لفلترة الأسهم وقراءة سل	covered	1	40 = فات جزء
1431	§سادس وعشرون — 📘 «دليل طريقة فيصل لفلترة الأسهم وقراءة سل	covered	1	فلترُ تأكيد لا دخول
1440	§سادس وعشرون — 📘 «دليل طريقة فيصل لفلترة الأسهم وقراءة سل	covered	1	40 = فات جزء
1451	§سابع وعشرون — دفعة 2026-09-18 (‏85 صورة ⟶ ‏59 متمايزة · 	covered	2	مراقب استراتيجية فيصل
1462	§سابع وعشرون — دفعة 2026-09-18 (‏85 صورة ⟶ ‏59 متمايزة · 	covered	2	متبقّي شمعتين فوليوم للهبوط — تحت المتابعة فقط
1462	§سابع وعشرون — دفعة 2026-09-18 (‏85 صورة ⟶ ‏59 متمايزة · 	covered	2	شمعتا فوليوم
1463	§سابع وعشرون — دفعة 2026-09-18 (‏85 صورة ⟶ ‏59 متمايزة · 	covered	2	ذيلُ شمعة التقسيم السابقة هدف
1463	§سابع وعشرون — دفعة 2026-09-18 (‏85 صورة ⟶ ‏59 متمايزة · 	partial	3	‏5.50 يجيبها اليوم / الباقي ممكن يكمل بالافتر
1465	§سابع وعشرون — دفعة 2026-09-18 (‏85 صورة ⟶ ‏59 متمايزة · 	partial	7	الأهداف فوق 100٪ / **7 مؤكّدة** والله أعلم 250٪ / **13-15 شموع ساقطة** لا يجزم فيها
1465	§سابع وعشرون — دفعة 2026-09-18 (‏85 صورة ⟶ ‏59 متمايزة · 	covered	1	ما وصل rsi27؟
1465	§سابع وعشرون — دفعة 2026-09-18 (‏85 صورة ⟶ ‏59 متمايزة · 	covered	1	مقاومات لاين أسود
1467	§سابع وعشرون — دفعة 2026-09-18 (‏85 صورة ⟶ ‏59 متمايزة · 	covered	2	الشراء عند القاع المزدوج
1468	§سابع وعشرون — دفعة 2026-09-18 (‏85 صورة ⟶ ‏59 متمايزة · 	covered	2	السهم الصاعد بالافتر
1468	§سابع وعشرون — دفعة 2026-09-18 (‏85 صورة ⟶ ‏59 متمايزة · 	covered	2	لو شفت شمعةً ساقطة مباشرةً **تنتظر الدعم الثاني**
1468	§سابع وعشرون — دفعة 2026-09-18 (‏85 صورة ⟶ ‏59 متمايزة · 	covered	4	غالبًا بعد الشمعة الساقطة اختبارُ مقاومةٍ من ‏25% لـ15%
1468	§سابع وعشرون — دفعة 2026-09-18 (‏85 صورة ⟶ ‏59 متمايزة · 	covered	3	طلبات ‏1.90 ⟶ 2
1468	§سابع وعشرون — دفعة 2026-09-18 (‏85 صورة ⟶ ‏59 متمايزة · 	covered	2	ما شالك الاختراق 2.30
1469	§سابع وعشرون — دفعة 2026-09-18 (‏85 صورة ⟶ ‏59 متمايزة · 	covered	2	راح يمشي ع **موجات إليوت**
1469	§سابع وعشرون — دفعة 2026-09-18 (‏85 صورة ⟶ ‏59 متمايزة · 	covered	1	الضغطُ لا بدّ منه
1469	§سابع وعشرون — دفعة 2026-09-18 (‏85 صورة ⟶ ‏59 متمايزة · 	covered	2	خطُّ العنق بعد الضغط = تحرّر
1469	§سابع وعشرون — دفعة 2026-09-18 (‏85 صورة ⟶ ‏59 متمايزة · 	covered	2	الدخولُ بين خطّ العنق والقاع المزدوج غيرُ آمن
1470	§سابع وعشرون — دفعة 2026-09-18 (‏85 صورة ⟶ ‏59 متمايزة · 	covered	2	قاعدةٌ ثابتة لجميع الأسهم
1470	§سابع وعشرون — دفعة 2026-09-18 (‏85 صورة ⟶ ‏59 متمايزة · 	covered	2	قاعٌ ⟶ صعودٌ ⟶ اختبارُ مقاومة ⟶ هبوطٌ ⟶ اختبارُ دعم
1470	§سابع وعشرون — دفعة 2026-09-18 (‏85 صورة ⟶ ‏59 متمايزة · 	no_match	2	مدخلي بالمناطق **الضبابيّة الأولى**
1470	§سابع وعشرون — دفعة 2026-09-18 (‏85 صورة ⟶ ‏59 متمايزة · 	covered	2	يخالفها فقط قروبات
1470	§سابع وعشرون — دفعة 2026-09-18 (‏85 صورة ⟶ ‏59 متمايزة · 	no_match	0	شورت لا زال صفر
1471	§سابع وعشرون — دفعة 2026-09-18 (‏85 صورة ⟶ ‏59 متمايزة · 	covered	2	مراقب استراتيجية فيصل
1471	§سابع وعشرون — دفعة 2026-09-18 (‏85 صورة ⟶ ‏59 متمايزة · 	covered	1	قريب من الجاهزية
1471	§سابع وعشرون — دفعة 2026-09-18 (‏85 صورة ⟶ ‏59 متمايزة · 	covered	2	5 ملايين أو أقلّ
1471	§سابع وعشرون — دفعة 2026-09-18 (‏85 صورة ⟶ ‏59 متمايزة · 	covered	2	مراقبة مبكرة
1471	§سابع وعشرون — دفعة 2026-09-18 (‏85 صورة ⟶ ‏59 متمايزة · 	covered	4	الارتداد خارج النطاق المثالي 10-40%
1471	§سابع وعشرون — دفعة 2026-09-18 (‏85 صورة ⟶ ‏59 متمايزة · 	covered	3	اليومي يحدّد الدورة و4H يؤكّد التوقيت؛ لا يلزم تطابقُ كلّ المؤشّرات
1472	§سابع وعشرون — دفعة 2026-09-18 (‏85 صورة ⟶ ‏59 متمايزة · 	covered	1	تبي الأمان **فوق متوسّط**
1472	§سابع وعشرون — دفعة 2026-09-18 (‏85 صورة ⟶ ‏59 متمايزة · 	covered	3	تبي تدخل مع المضارب إذا حقّق كلَّ الشروط تحطّ طلبك تحت المتوسّطات ‏10%
1472	§سابع وعشرون — دفعة 2026-09-18 (‏85 صورة ⟶ ‏59 متمايزة · 	covered	3	الفرق ‏20% — لو هبط ففي مرونة بوقف الخسارة · لو فوق المتوسّط وهبط لسحب السيولة هنا مشكلة ما تدري تعدّل أو تطلع ويرتدّ
1473	§سابع وعشرون — دفعة 2026-09-18 (‏85 صورة ⟶ ‏59 متمايزة · 	covered	3	قائمة ⟶ فرز ⟶ تحقيقُ متوسّطاتٍ شورت الخ ⟶ فرز 2 ⟶ ضغطُ السهم ⟶ جاهزية
1473	§سابع وعشرون — دفعة 2026-09-18 (‏85 صورة ⟶ ‏59 متمايزة · 	partial	3	قائمتي · تحت الجاهزية · جاهز 100٪ · الأسهم المملوكة
1474	§سابع وعشرون — دفعة 2026-09-18 (‏85 صورة ⟶ ‏59 متمايزة · 	partial	8	حقّق ‏2.98 المقاومة الأولى · هبط لاختبار الدعم · **أعطى من 2.10 لـ2.90 · ‏2.10+40% = 2.94**
1474	§سابع وعشرون — دفعة 2026-09-18 (‏85 صورة ⟶ ‏59 متمايزة · 	covered	5	لا يوجد قروبات · لا يوجد شورت · **تمّ الضغط اليوم ✅** · دخول ‏1.80 ⟶ 1.90 · الآن 1.95 طلب
1475	§سابع وعشرون — دفعة 2026-09-18 (‏85 صورة ⟶ ‏59 متمايزة · 	covered	1	كسرُ رقمٍ = فشلُ السهم
1475	§سابع وعشرون — دفعة 2026-09-18 (‏85 صورة ⟶ ‏59 متمايزة · 	no_match	0	ثبات = صعود · كسر = هبوط
1475	§سابع وعشرون — دفعة 2026-09-18 (‏85 صورة ⟶ ‏59 متمايزة · 	partial	2	كسرُ شمعة الدعم الجميعُ يتخارج
1475	§سابع وعشرون — دفعة 2026-09-18 (‏85 صورة ⟶ ‏59 متمايزة · 	covered	2	مَن يُثبّت السهمَ عن كسر الدعم فقط المضارب — يضع طلبات
1475	§سابع وعشرون — دفعة 2026-09-18 (‏85 صورة ⟶ ‏59 متمايزة · 	covered	1	مضاربٌ يرفع يدَه يهبط
1476	§سابع وعشرون — دفعة 2026-09-18 (‏85 صورة ⟶ ‏59 متمايزة · 	no_match	0	ما دخلتُه ولا شريتُه
1476	§سابع وعشرون — دفعة 2026-09-18 (‏85 صورة ⟶ ‏59 متمايزة · 	covered	3	هدف 5 = إغلاقُ الشمعة الهابطة
1476	§سابع وعشرون — دفعة 2026-09-18 (‏85 صورة ⟶ ‏59 متمايزة · 	covered	2	هدفٌ أكبر = إغلاقُ أعلى شمعةٍ هابطة
1476	§سابع وعشرون — دفعة 2026-09-18 (‏85 صورة ⟶ ‏59 متمايزة · 	partial	2	سيولةٌ ملفتة
1477	§سابع وعشرون — دفعة 2026-09-18 (‏85 صورة ⟶ ‏59 متمايزة · 	covered	2	KWM غدًا تتداول برمزٍ جديد ✅ — بعضُ الأسهم أثناء تغيير الرمز تعطي نسبةً كويّسة وبعضُها لا
1478	§سابع وعشرون — دفعة 2026-09-18 (‏85 صورة ⟶ ‏59 متمايزة · 	covered	3	خالف المضاربُ هدفي 7 — أجلس أنتظر والسهمُ يهبط وأنا أتفرّج؟ هذا معنى تفهم قبل وتتعلّم قبل
1479	§سابع وعشرون — دفعة 2026-09-18 (‏85 صورة ⟶ ‏59 متمايزة · 	covered	2	جسمُ شمعةٍ هابطة · **رأسُ شمعةٍ حمرا** اختبر وهبط · رأسُ ثانيةٍ اخترق
1479	§سابع وعشرون — دفعة 2026-09-18 (‏85 صورة ⟶ ‏59 متمايزة · 	covered	5	القاع 69 على 4س · 71 على اليوميّ — دقّةُ التحليل مهمّة هذا علم
1479	§سابع وعشرون — دفعة 2026-09-18 (‏85 صورة ⟶ ‏59 متمايزة · 	partial	4	ما أدخل مناطق ضبابية: إمّا يختبر القاع ولا يكسره · أو يسحب السيولة لـ60 سنت · أو يثبت فوق 80 سنت — جسمُ آخر شمعةٍ يسار قبل يهبط
1479	§سابع وعشرون — دفعة 2026-09-18 (‏85 صورة ⟶ ‏59 متمايزة · 	covered	3	كيف تحسب: **‏0.69+15% = 0.794**
1479	§سابع وعشرون — دفعة 2026-09-18 (‏85 صورة ⟶ ‏59 متمايزة · 	covered	6	آخر دعم 60 · تحرّر 95 · الأهداف 1.35 ثم 2⟶2.30
1480	§سابع وعشرون — دفعة 2026-09-18 (‏85 صورة ⟶ ‏59 متمايزة · 	covered	5	الصاعد من 3 لـ50 · الهابط إلى 2.40
1480	§سابع وعشرون — دفعة 2026-09-18 (‏85 صورة ⟶ ‏59 متمايزة · 	covered	2	يحلّل ع فريم 5 دقائق
1480	§سابع وعشرون — دفعة 2026-09-18 (‏85 صورة ⟶ ‏59 متمايزة · 	partial	3	ضرب 2.43 بشمعتين — **لا زال غيرَ مؤكّدٍ هذا الدعم**
1480	§سابع وعشرون — دفعة 2026-09-18 (‏85 صورة ⟶ ‏59 متمايزة · 	covered	3	يُقاس بارتداد مضارب ‏15% وهبوطٍ لاختبار الثبات
1480	§سابع وعشرون — دفعة 2026-09-18 (‏85 صورة ⟶ ‏59 متمايزة · 	covered	2	اللاين الأسود مقاوماتُ المستقبل القريب
1481	§سابع وعشرون — دفعة 2026-09-18 (‏85 صورة ⟶ ‏59 متمايزة · 	covered	2	التحليلُ تصيّدُ السهم **قبل** يطلع
1481	§سابع وعشرون — دفعة 2026-09-18 (‏85 صورة ⟶ ‏59 متمايزة · 	partial	3	‏4 مؤشّرات + نماذج + شموع + متوسّط الحركة + تقاطع الماكد + تشبّع RSI · فيبوناتشي · **كلنجر**
1481	§سابع وعشرون — دفعة 2026-09-18 (‏85 صورة ⟶ ‏59 متمايزة · 	no_match	0	هل يفشل؟ نعم · هل يحقّق كاملًا؟ ربّما
1482	§سابع وعشرون — دفعة 2026-09-18 (‏85 صورة ⟶ ‏59 متمايزة · 	covered	2	انتظر تكوينَ **الشمعة الثانية بإقفالٍ يوميّ**
1482	§سابع وعشرون — دفعة 2026-09-18 (‏85 صورة ⟶ ‏59 متمايزة · 	partial	4	إيجابيّة بعد 8.27 تحرّرٌ من الاتّجاه الهابط · سلبيّة إقفال 6.17
1482	§سابع وعشرون — دفعة 2026-09-18 (‏85 صورة ⟶ ‏59 متمايزة · 	covered	2	تحليلي لأسهم الارتكاز لا يُبنى ع السيولة الحالية — نبحث عن السيولة السابقة المتمركّزة
1482	§سابع وعشرون — دفعة 2026-09-18 (‏85 صورة ⟶ ‏59 متمايزة · 	partial	4	كم نسبةُ الوقف؟ لا تمثّل ‏7% من دخولنا 6.50
1482	§سابع وعشرون — دفعة 2026-09-18 (‏85 صورة ⟶ ‏59 متمايزة · 	partial	4	الدائرة الزرقا 8.91 · البرتقالي 12
1482	§سابع وعشرون — دفعة 2026-09-18 (‏85 صورة ⟶ ‏59 متمايزة · 	no_match	2	يحطّ لك خطّين يرسم فيبوناتشي هذا سواليف
1483	§سابع وعشرون — دفعة 2026-09-18 (‏85 صورة ⟶ ‏59 متمايزة · 	covered	4	‏3 صورٍ للتحليل: يوميّ · أسبوعيّ · 4 ساعات
1483	§سابع وعشرون — دفعة 2026-09-18 (‏85 صورة ⟶ ‏59 متمايزة · 	partial	10	هبط فيه المضارب من 1.25 إلى 28 سنتًا · **مضاربٌ أقشر** · **صعد من 28 سنتًا بيومٍ واحد إلى 13 دولارًا = 3000%** · الآن كوّن قاعًا عند 3 · الش
1484	§سابع وعشرون — دفعة 2026-09-18 (‏85 صورة ⟶ ‏59 متمايزة · 	covered	4	فلوت 712 ألف · شورت 0 · اقتراض 880
1484	§سابع وعشرون — دفعة 2026-09-18 (‏85 صورة ⟶ ‏59 متمايزة · 	covered	4	عنده ‏2.06 دعمٌ قويٌّ ما يكسره ‏+ ذيل ‏1.34 سحبُ سيولة
1485	§سابع وعشرون — دفعة 2026-09-18 (‏85 صورة ⟶ ‏59 متمايزة · 	partial	2	الأبيض مقاومة — مب شرط نفسه
1485	§سابع وعشرون — دفعة 2026-09-18 (‏85 صورة ⟶ ‏59 متمايزة · 	no_match	1	الأزرق فجوة لازم يغطّيها
1485	§سابع وعشرون — دفعة 2026-09-18 (‏85 صورة ⟶ ‏59 متمايزة · 	partial	3	لقطوها قروبات ع 20%
1485	§سابع وعشرون — دفعة 2026-09-18 (‏85 صورة ⟶ ‏59 متمايزة · 	covered	5	متى تقرّر إيجابيّة السهم: ما كسر القاعَ أكثرَ من 5 جلسات · يصعد 20% · يرجع يختبر الدعم — هذا أصلُ التحليل · الدخولُ بعد الاختبار · طلباتٌ فو
1488	§سابع وعشرون — دفعة 2026-09-18 (‏85 صورة ⟶ ‏59 متمايزة · 	covered	1	مقاومات لاين أسود
1488	§سابع وعشرون — دفعة 2026-09-18 (‏85 صورة ⟶ ‏59 متمايزة · 	covered	2	دائمًا أرسم المقاومة باللاين الأسود
1488	§سابع وعشرون — دفعة 2026-09-18 (‏85 صورة ⟶ ‏59 متمايزة · 	covered	2	اللاين الأسود مقاوماتُ المستقبل
1489	§سابع وعشرون — دفعة 2026-09-18 (‏85 صورة ⟶ ‏59 متمايزة · 	no_match	0	لازم يغطّيها
1489	§سابع وعشرون — دفعة 2026-09-18 (‏85 صورة ⟶ ‏59 متمايزة · 	covered	1	هدفٌ بلا مقاومة
1489	§سابع وعشرون — دفعة 2026-09-18 (‏85 صورة ⟶ ‏59 متمايزة · 	no_match	2	سلبيّة إقفال 6.17
1489	§سابع وعشرون — دفعة 2026-09-18 (‏85 صورة ⟶ ‏59 متمايزة · 	covered	1	تحرّرٌ من الاتّجاه الهابط
1489	§سابع وعشرون — دفعة 2026-09-18 (‏85 صورة ⟶ ‏59 متمايزة · 	covered	2	مناطق لو تجاوزها تعطيه أهدافًا
1490	§سابع وعشرون — دفعة 2026-09-18 (‏85 صورة ⟶ ‏59 متمايزة · 	covered	2	ذيلُ شمعة التقسيم السابقة … هدف
1493	§سابع وعشرون — دفعة 2026-09-18 (‏85 صورة ⟶ ‏59 متمايزة · 	covered	2	ارتدادُ مضارب
1493	§سابع وعشرون — دفعة 2026-09-18 (‏85 صورة ⟶ ‏59 متمايزة · 	covered	2	السيولةُ السابقة المتمركّزة
1496	§سابع وعشرون — دفعة 2026-09-18 (‏85 صورة ⟶ ‏59 متمايزة · 	covered	2	‏13 شمعة ساقطة
1496	§سابع وعشرون — دفعة 2026-09-18 (‏85 صورة ⟶ ‏59 متمايزة · 	covered	2	الضغطُ زنادُ الجاهزية
1496	§سابع وعشرون — دفعة 2026-09-18 (‏85 صورة ⟶ ‏59 متمايزة · 	covered	2	القروبُ يرفع 20% ثم يهبط
1496	§سابع وعشرون — دفعة 2026-09-18 (‏85 صورة ⟶ ‏59 متمايزة · 	no_match	0	ثبات = صعود · كسر = هبوط
1496	§سابع وعشرون — دفعة 2026-09-18 (‏85 صورة ⟶ ‏59 متمايزة · 	covered	2	الشمعةُ الثانية بإقفالٍ يوميّ
1496	§سابع وعشرون — دفعة 2026-09-18 (‏85 صورة ⟶ ‏59 متمايزة · 	no_match	1	ضرب بشمعتين لا زال غيرَ مؤكّد
1501	§سابع وعشرون — دفعة 2026-09-18 (‏85 صورة ⟶ ‏59 متمايزة · 	covered	3	أكثرَ من **5** جلسات · يصعد **20%**
1502	§سابع وعشرون — دفعة 2026-09-18 (‏85 صورة ⟶ ‏59 متمايزة · 	partial	3	‏7% **من دخولنا** 6.50
1503	§سابع وعشرون — دفعة 2026-09-18 (‏85 صورة ⟶ ‏59 متمايزة · 	covered	2	لا يُبنى ع السيولة الحالية — السيولةُ السابقة المتمركّزة
1504	§سابع وعشرون — دفعة 2026-09-18 (‏85 صورة ⟶ ‏59 متمايزة · 	covered	1	فوق 50 عشان يكمل صعودَه
1505	§سابع وعشرون — دفعة 2026-09-18 (‏85 صورة ⟶ ‏59 متمايزة · 	covered	2	تحت المتوسّطات 10%
1505	§سابع وعشرون — دفعة 2026-09-18 (‏85 صورة ⟶ ‏59 متمايزة · 	covered	1	بعد الاختبار
1505	§سابع وعشرون — دفعة 2026-09-18 (‏85 صورة ⟶ ‏59 متمايزة · 	covered	3	‏10-20% تحت سعر التحليل
1508	§سابع وعشرون — دفعة 2026-09-18 (‏85 صورة ⟶ ‏59 متمايزة · 	no_match	0	**صدر خبر** · لم أبحث
1509	§سابع وعشرون — دفعة 2026-09-18 (‏85 صورة ⟶ ‏59 متمايزة · 	partial	3	لقطوها قروبات ع 20% وهبطت علينا ودخلنا من جديد
1509	§سابع وعشرون — دفعة 2026-09-18 (‏85 صورة ⟶ ‏59 متمايزة · 	covered	2	القروب يُلغي الأهداف مؤقّتًا
