date	sym	trig	tod	tier	j1	gap	exploded50	up5	up15	up30	up60	dn60	up_ext	t_peak	dd_pre_peak	t_hit10	t_stop	close_reg	pm_last	low_src	gap_src
2026-08-18	AIHS	قبل الشحن	reg	؟	؟	<10%	لا	1.1186	1.1186	1.1186	1.1186	-15.3132	1.1186	1.0000	-0.1454		49.0000	-5.2013	-13.4172	شمعة	شموع
2026-08-18	AIXC	قبل الشحن	reg	؟	؟	≥30%	نعم		48.7395	63.0252	147.8992	11.7647	163.8655	79.0000	11.7647	8.0000		10.0588	-5.0420	شمعة	شموع
2026-08-18	AUUD	قبل الشحن	reg	؟	؟	<10%	لا	3.7704	3.7799	3.7799	4.7320	-0.9807	6.6362	180.0000	-0.9807		419.0000	1.8757	-2.8849	شمعة	شموع
2026-08-18	BAOS	قبل الشحن	pre	؟	؟	10-30%	لا	6.7075	6.7075	6.7075	6.7075	-3.8672	8.1276	282.0000	-3.8672		1.0000	7.2318	2.2504	شمعة	شموع
2026-08-18	BIAF	قبل الشحن	pre	؟	؟	10-30%	لا	15.3061	15.3061	23.4490	28.3265	-2.0408	28.3265	50.0000	-2.0408	2.0000		-3.6122	-13.1429	شمعة	شموع
2026-08-18	CCHH	قبل الشحن	after	؟	؟	10-30%	لا	7.1429	7.1429	7.1429	7.1429	-1.4286	7.1429	1.0000	2.4286		2.0000		0.7143	شمعة	شموع
2026-08-18	CMND	قبل الشحن	reg	؟	؟	10-30%	لا	-0.2273	-0.2273	-0.2273	-0.2273	-13.1818	-0.2273	1.0000	-6.3636		101.0000	-11.5909	-10.9091	شمعة	شموع
2026-08-18	CNET	قبل الشحن	after	؟	؟	≥30%	لا	5.5901	5.5901	5.5901	5.5901	-19.2547	5.5901	2.0000	-2.4845		5.0000		-23.6025	شمعة	شموع
2026-08-18	CRE	قبل الشحن	after	؟	؟	<10%	لا	-0.8667	-0.8667	-0.8667	-0.3889	-10.7407	0.7407	103.0000	-10.7407		1.0000		-8.1481	شمعة	شموع
2026-08-18	CXAI	قبل الشحن	after	؟	؟	≥30%	لا	13.2769	13.2769	13.2769	13.2769	-20.5590	13.2769	5.0000	-1.6182	3.0000	11.0000		-27.3630	شمعة	شموع
2026-08-18	DAIC	قبل الشحن	after	؟	؟	<10%	لا	-2.2587	-2.2587	-2.2587	-2.2587	-31.7920	-2.2587	1.0000	-25.4208		1.0000		-6.6695	شمعة	شموع
2026-08-18	GNPX	قبل الشحن	reg	؟	؟	<10%	لا	2.0600	7.3333	7.3333	7.3333	-6.6444	7.3333	7.0000	-2.6667		43.0000	-12.8889	-14.4444	شمعة	شموع
2026-08-18	HCWB	قبل الشحن	pre	؟	؟	≥30%	لا	3.3446	3.3446	3.3446	3.3446	-17.2285	14.2322	374.0000	-17.2285	362.0000	2.0000	-19.1011	-20.5993	شمعة	شموع
2026-08-18	ICCM	قبل الشحن	reg	؟	؟	<10%	لا	1.6100	1.9678	1.9678	1.9678	-1.6064	1.9678	11.0000	-1.6064		6.0000	-6.5116	1.2522	شمعة	شموع
2026-08-18	LGHL	قبل الشحن	after	؟	؟	<10%	لا	6.0181	9.1363	9.1363	9.1363	-11.5840	9.1363	9.0000	-4.7396		5.0000		-11.1319	شمعة	شموع
2026-08-18	MSS	قبل الشحن	after	؟	؟	10-30%	لا	2.4691	17.2840	23.4568	27.7778	-8.6420	43.8272	163.0000	-8.6420	11.0000	1.0000		25.3086	شمعة	شموع
2026-08-18	PBK	قبل الشحن	pre	؟	؟	10-30%	لا	4.1486	4.1486	4.1486	4.1486	-2.9928	4.1486	1.0000	-0.8462		1.0000	-4.1280	-7.1207	شمعة	شموع
2026-08-18	PFSA	قبل الشحن	pre	؟	؟	≥30%	نعم	9.8176	16.0617	16.0617	16.0617	-14.4483	197.8221	719.0000	-22.8675	6.0000	231.0000	143.2849	45.1906	شمعة	شموع
2026-08-18	PSIG	قبل الشحن	reg	؟	؟	10-30%	لا	28.9062	28.9062	28.9062	28.9062	-6.2500	39.8438	140.0000	-6.2500	2.0000	7.0000	21.8750	21.0938	شمعة	شموع
2026-08-18	SAGT	قبل الشحن	reg	؟	؟	10-30%	لا	0.9534	0.9534	0.9534	0.9534	-21.4807	0.9534	1.0000	-4.6551		10.0000	-14.1447	-21.4807	شمعة	شموع
2026-08-18	SGLY	قبل الشحن	pre	؟	؟	≥30%	نعم	2.8302	8.4906	37.3528	85.4717	-2.6415	85.4717	42.0000	-2.6415	26.0000	1.0000	-33.9623	-47.5472	شمعة	شموع
2026-08-18	SILO	قبل الشحن	after	؟	؟	10-30%	لا	1.1299	1.1299	1.1299	1.1299	-24.5763	1.1299	1.0000	-13.5593		1.0000		-24.2938	شمعة	شموع
2026-08-18	SLE	قبل الشحن	pre	؟	؟	<10%	نعم	79.4448	92.5294	119.6330	129.6022	-1.5546	129.6022	37.0000	-1.5546	2.0000		63.5565	59.1950	شمعة	شموع
2026-08-18	SPRC	قبل الشحن	pre	؟	؟	10-30%	لا	-0.8463	-0.8463	-0.8463	-0.8463	-9.7320	7.1932	292.0000	-9.7320		27.0000	-8.1805		شمعة	شموع
2026-08-18	TGL	قبل الشحن	after	؟	؟	10-30%	لا	17.1171	23.4234	30.0300	30.0300	-3.9039	30.0300	21.0000	-0.7688	2.0000	68.0000		-10.2102	شمعة	شموع
2026-08-18	TWG	قبل الشحن	after	؟	؟	≥30%	لا	4.8193	4.8193	4.8193	4.8193	-22.2892	4.8193	3.0000	-3.6145				-33.7349	شمعة	شموع
2026-08-18	WFF	قبل الشحن	pre	؟	؟	10-30%	لا	3.7037	10.0000	10.0000	10.0000	-10.7407	10.0000	15.0000	-10.7407		674.0000	-18.7037	-23.6815	شمعة	شموع
2026-08-18	WSHP	قبل الشحن	reg	؟	؟	<10%	لا	1.3211	1.3211	1.3211	1.3211	-4.2683	1.3211	1.0000	1.3211			-3.0488		شمعة	شموع
2026-08-19	AIXC	قبل الشحن	reg	؟	؟	<10%	لا	2.8790	11.0937	11.0937	11.0937	-0.6415	26.7407	328.0000	-4.5533	9.0000		20.4819	15.0055	شمعة	شموع
2026-08-19	ARBK	قبل الشحن	reg	؟	؟	<10%	لا	3.0124	3.0124	3.0124	3.0124	-2.0704	6.0621	168.0000	-3.0870		6.0000	-0.7150	2.1111	شمعة	شموع
2026-08-19	AZI	قبل الشحن	pre	؟	؟	10-30%	نعم	26.8753	43.5451	43.5451	43.5451	-1.8337	94.4805	518.0000	-1.8337	4.0000	1.0000	51.8892	29.6536	شمعة	شموع
2026-08-19	BAOS	قبل الشحن	pre	؟	؟	<10%	لا	3.1860	3.1860	3.1860	6.3944	-1.2789	20.6866	255.0000	-1.2789	191.0000		16.6928	20.7090	شمعة	شموع
2026-08-19	BDRX	قبل الشحن	pre	؟	؟	≥30%	لا	1.8131	1.8131	11.5760	11.5760	-12.1339	11.5760	20.0000	-12.1339	19.0000	1.0000	-12.1339	-10.7392	شمعة	شموع
2026-08-19	BIVI	قبل الشحن	after	؟	؟	≥30%	لا	16.6667	16.6667	16.6667	16.6667	-16.6667	16.6667	5.0000	-2.9762	3.0000			-8.3333	شمعة	شموع
2026-08-19	BRNX	قبل الشحن	reg	؟	؟	10-30%	لا	3.4946	3.4946	3.4946	3.4946	-29.0323	3.4946	2.0000	-5.9140		3.0000	-20.6989	-21.5054	شمعة	شموع
2026-08-19	BTCT	قبل الشحن	reg	؟	؟	10-30%	نعم	6.6489	14.9808	14.9808	14.9808	-12.5479	256.6072	324.0000	-12.5479	14.0000	36.0000	37.4771	156.6239	شمعة	شموع
2026-08-19	CDTG	قبل الشحن	reg	؟	؟	<10%	نعم	-1.8182	9.0909	25.0909	45.8182	-5.4545	202.9091	295.0000	-5.4545	17.0000	1.0000	9.0909	29.8182	شمعة	شموع
2026-08-19	CHSN	قبل الشحن	reg	؟	؟	10-30%	لا	3.4394	3.4394	3.4394	3.4394	-4.6806	3.4394	2.0000	-0.0086		23.0000	1.7154	-5.1806	شمعة	شموع
2026-08-19	CISS	قبل الشحن	reg	؟	؟	≥30%	نعم	15.1515	44.7811	64.9832	64.9832	-3.3670	64.9832	19.0000	0.0000	3.0000	1.0000	8.7542	-9.7643	شمعة	شموع
2026-08-19	CODX	قبل الشحن	reg	؟	؟	<10%	لا	8.9109	11.8812	16.2871	16.2871	2.9802	16.2871	25.0000	2.9802	6.0000		6.9307	12.8713	شمعة	شموع
2026-08-19	CXAI	قبل الشحن	reg	؟	؟	<10%	لا	1.5029	1.5029	1.5029	1.5029	-4.0462	6.3584	131.0000	-4.0462			6.1272	2.4277	شمعة	شموع
2026-08-19	EHGO	قبل الشحن	pre	؟	؟	<10%	نعم	5.0000	37.7778	37.7778	37.7778	-2.2222	83.3333	145.0000	-2.2222	8.0000	276.0000	-32.7778	-28.8889	شمعة	شموع
2026-08-19	ELAB	قبل الشحن	reg	؟	؟	<10%	لا	0.0000	0.0000	0.0000	0.0000	-23.2895	0.0000	1.0000	-3.8421		3.0000	-26.4474	-25.0526	شمعة	شموع
2026-08-19	ELPW	قبل الشحن	pre	؟	؟	<10%	لا	-0.7092	-0.7092	-0.7092	-0.7092	-6.6194	3.5461	354.0000	-8.7447		4.0000	-1.6548	-0.7092	شمعة	شموع
2026-08-19	EVAX	قبل الشحن	pre	؟	؟	≥30%	لا	0.1212	0.1212	0.1212	0.1212	-27.5439	5.3907	557.0000	-27.5439		1.0000	-16.2671	-10.4179	شمعة	شموع
2026-08-19	FEMY	قبل الشحن	pre	؟	؟	10-30%	نعم	8.2969	52.8384	61.1354	61.1354	-0.8734	61.1354	29.0000	-0.8734	7.0000		17.0306	11.7904	شمعة	شموع
2026-08-19	FTFT	قبل الشحن	after	؟	؟	10-30%	لا	0.9346	0.9346	0.9346	0.9346	-28.9813	0.9346	1.0000	-15.8879		1.0000		-29.5701	شمعة	شموع
2026-08-19	HUIZ	قبل الشحن	pre	؟	؟	10-30%	لا	3.9062	3.9062	3.9062	3.9062	-10.9375	20.9766	220.0000	-10.9375	217.0000	1.0000	12.5000	139.8438	شمعة	شموع
2026-08-19	HYPD	قبل الشحن	reg	؟	؟	10-30%	لا	8.1433	8.1433	8.1433	8.1433	-2.6059	8.1433	5.0000	-0.6515			-0.9772	4.8860	شمعة	شموع
2026-08-19	INHD	قبل الشحن	reg	؟	؟	<10%	لا	-2.0238	1.6667	1.6667	1.6667	-7.5060	1.6667	9.0000	-2.7381		43.0000	-12.1429	-8.5714	شمعة	شموع
2026-08-19	INLF	قبل الشحن	pre	؟	؟	≥30%	لا	0.5373	0.5373	0.5373	0.5373	-17.4822	0.7484	347.0000	-19.4013		1.0000	-10.7657	-10.1900	شمعة	شموع
2026-08-19	IVDA	قبل الشحن	reg	؟	؟	10-30%	لا	1.4533	1.4533	1.4533	1.4533	-8.7948	1.4533	1.0000	-1.9544		3.0000	-7.4668	-8.1934	شمعة	شموع
2026-08-19	KWM	قبل الشحن	pre	؟	؟	10-30%	لا	6.3028	10.4399	11.4593	18.2024	0.3530	28.9080	123.0000	0.3530	14.0000	1.0000	-34.5524	-34.5524	شمعة	شموع
2026-08-19	LGCL	قبل الشحن	reg	؟	؟	<10%	لا	0.0715	0.0715	0.0715	2.8612	-8.2260	6.2232	278.0000	-12.0172		2.0000	-7.7253	-25.6795	شمعة	شموع
2026-08-19	LGHL	قبل الشحن	reg	؟	؟	10-30%	لا	0.0000	7.8014	30.4965	30.4965	-13.8723	34.4113	202.0000	-13.8723	16.0000	36.0000	-0.5674	-18.4539	شمعة	شموع
2026-08-19	MIMI	قبل الشحن	reg	؟	؟	10-30%	لا	1.1636	1.1636	1.1636	1.1636	-4.4408	1.1636	1.0000	-0.2185			-6.9105	-11.1850	شمعة	شموع
2026-08-19	MSS	قبل الشحن	pre	؟	؟	10-30%	نعم	3.5897	5.1282	5.1282	5.1282	-14.8718	60.0000	184.0000	-14.8718	144.0000	20.0000	-3.7795	-18.4564	شمعة	شموع
2026-08-19	NWGL	قبل الشحن	reg	؟	؟	≥30%	لا	0.0000	0.0000	0.0000	0.0000	-10.9822	0.0000	1.0000	-6.7213		96.0000	-2.6005	-13.7427	شمعة	شموع
2026-08-19	PSIG	قبل الشحن	reg	؟	؟	≥30%	لا	3.0733	3.0733	3.0733	3.0733	-14.8936	3.0733	4.0000	-6.3830		1.0000	-4.4917	-8.2742	شمعة	شموع
2026-08-19	QTEX	قبل الشحن	reg	؟	؟	≥30%	لا	3.0568	3.0568	3.0568	3.0568	-10.0437	7.4236	68.0000	-10.0437		1.0000	-3.2314	-18.5066	شمعة	شموع
2026-08-19	RDAC	قبل الشحن	pre	؟	؟	≥30%	لا	3.9284	3.9284	3.9284	3.9284	-20.2773	28.7117	184.0000	-28.6540	177.0000	3.0000	-45.4650	-59.4454	شمعة	شموع
2026-08-19	SCKT	قبل الشحن	reg	؟	؟	<10%	لا	2.7123	2.7123	2.7123	2.7123	-8.2055	2.7123	1.0000	0.0137		20.0000	-7.2192	-3.8630	شمعة	شموع
2026-08-19	SUGP	قبل الشحن	reg	؟	؟	10-30%	لا	1.0563	1.4085	1.4085	1.4085	-6.7676	1.4085	6.0000	-2.4648		98.0000	-4.2254	-4.2254	شمعة	شموع
2026-08-19	TGL	قبل الشحن	pre	؟	؟	10-30%	لا	2.6694	2.6694	2.6694	2.6694	-15.2149	8.8693	161.0000	-15.2149		1.0000	-3.6232	-7.2663	شمعة	شموع
2026-08-19	TRUG	قبل الشحن	reg	؟	؟	<10%	لا	-0.4608	-0.4608	-0.4608	-0.4608	-12.4424	-0.4608	1.0000	-0.4608		3.0000	-12.4424	-8.7558	شمعة	شموع
2026-08-19	VRAX	قبل الشحن	pre	؟	؟	10-30%	لا	28.7293	28.7293	28.7293	28.7293	-18.5083	28.7293	2.0000	-7.4586	1.0000	252.0000	-12.9834	-12.9834	شمعة	شموع
2026-08-19	WXM	قبل الشحن	pre	؟	؟	≥30%	لا	8.8838	8.8838	8.8838	8.8838	-8.6560	22.0957	326.0000	-8.6560	301.0000	1.0000	4.7836	0.2301	شمعة	شموع
2026-08-19	XOS	قبل الشحن	after	؟	؟	<10%	لا	1.1391	1.1391	1.1391	1.1391	-3.3113	1.1391	1.0000	-0.3311		171.0000		-1.9868	شمعة	شموع
2026-08-19	YHC	قبل الشحن	after	؟	؟	10-30%	لا	0.8645	0.8645	0.8645	0.8645	-8.3381	0.8645	4.0000	-8.0881		7.0000		-5.2133	شمعة	شموع
2026-08-19	YJ	قبل الشحن	pre	؟	؟	10-30%	نعم	9.5890	19.6347	36.0731	36.0731	-7.7626	196.8037	203.0000	-7.7626	13.0000		97.7169	73.0594	شمعة	شموع
2026-08-19	YXT	قبل الشحن	pre	؟	؟	10-30%	لا	1.0101	16.3147	16.3147	16.3147	-15.8249	16.3147	7.0000	-1.7447	7.0000	14.0000	-7.2544	-6.6422	شمعة	شموع
2026-08-19	ZYBT	قبل الشحن	reg	؟	؟	10-30%	لا	0.0051	0.0051	0.0051	0.0051	-17.6726	0.0051	1.0000	-13.1269		2.0000	-7.0660	-5.5508	شمعة	شموع
2026-08-20	BAOS	قبل الشحن	pre	؟	؟	<10%	لا	2.3622	2.3622	2.3622	2.3622	-26.1417	2.3622	2.0000	-6.9134		28.0000	-25.9843	-24.8819	شمعة	شموع
2026-08-20	BOXL	قبل الشحن	reg	ضعيف	لا	<10%	لا	0.1783	2.5847	6.5954	22.8431	-1.0695	22.8431	37.0000	-1.0695	37.0000		5.1693	4.6346	مخزون	شموع
2026-08-20	BTCT	قبل الشحن	pre	؟	؟	≥30%	لا	0.0000	4.7619	4.7619	7.4830	-6.8027	22.4490	324.0000	-17.0068	107.0000	66.0000	1.2789	-0.6803	شمعة	شموع
2026-08-20	CDTG	قبل الشحن	reg	؟	؟	10-30%	لا	4.1748	8.0912	19.5791	22.1900	-9.1408	22.1900	46.0000	-9.1408	26.0000	63.0000	-52.2206	-55.8758	شمعة	شموع
2026-08-20	CELZ	قبل الشحن	pre	؟	؟	10-30%	لا	5.5723	5.5723	5.5723	5.5723	-14.2721	13.5101	275.0000	-14.2721	274.0000	10.0000	3.1910	-0.7779	شمعة	شموع
2026-08-20	CIRC	قبل الشحن	pre	؟	؟	10-30%	لا	1.8473	1.8473	1.8473	1.8473	-21.8776	1.8473	1.0000	-7.1822		3.0000	-17.2870	-18.6793	شمعة	شموع
2026-08-20	CISS	قبل الشحن	reg	؟	؟	<10%	لا	4.4369	4.4369	4.4369	4.4369	-4.7782	4.4369	3.0000	0.0000		56.0000	-1.7065	-1.7065	شمعة	شموع
2026-08-20	DBGI	قبل الشحن	reg	؟	؟	<10%	لا	9.6982	19.3737	19.3737	19.3737	-4.3917	25.6566	194.0000	-4.3917	8.0000		17.8658	25.6566	شمعة	شموع
2026-08-20	ENVX	قبل الشحن	pre	؟	؟	<10%	لا	2.0408	2.0408	2.0408	2.0408	-2.9155	2.0408	1.0000	0.5831		33.0000	-4.5190	-2.3324	شمعة	شموع
2026-08-20	EVAX	قبل الشحن	pre	؟	؟	10-30%	لا	2.8424	2.8424	2.8424	2.8424	-18.6047	2.8424	1.0000	-5.1680		2.0000	-15.2455	-14.7287	شمعة	شموع
2026-08-20	FCUV	قبل الشحن	reg	؟	؟	<10%	لا	-2.6846	-1.5660	-1.5660	-1.5660	-7.4944	-0.6085	327.0000	-18.7617		125.0000	-4.3065	-10.9620	شمعة	شموع
2026-08-20	FEMY	قبل الشحن	reg	؟	؟	<10%	لا	-0.3690	-0.3690	-0.3690	-0.3690	-10.3321	2.2140	279.0000	-10.3321		7.0000	-0.9225	-2.2140	شمعة	شموع
2026-08-20	FGL	قبل الشحن	pre	؟	؟	10-30%	لا	0.7438	0.7438	0.7438	0.7438	-55.8527	0.7438	1.0000	-13.2283		10.0000	-46.9276	-50.7880	شمعة	شموع
2026-08-20	FRGT	قبل الشحن	reg	؟	؟	<10%	لا	-1.3120	-1.3120	-1.3120	-1.3120	-12.8701	-1.3120	1.0000	-1.3120		24.0000	-7.6977	-7.1230	مخزون	شموع
2026-08-20	GMM	قبل الشحن	after	ضعيف	لا	<10%	لا	0.7663	0.7663	0.7663	0.7663	-13.0268	0.7663	1.0000	-3.0651		1.0000		-2.6820	مخزون	شموع
2026-08-20	HUIZ	قبل الشحن	pre	؟	؟	≥30%	نعم	1.1060	1.1060	1.1060	1.1060	-30.4787	120.1506	200.0000	-30.4787	186.0000	5.0000	-3.0916	-14.6785	شمعة	شموع
2026-08-20	INDP	قبل الشحن	reg	؟	؟	10-30%	لا	0.1757	0.1757	0.1757	11.5993	-13.4622	24.7803	316.0000	-13.4622	55.0000	1.0000	19.9473	22.1441	شمعة	شموع
2026-08-20	JZ	قبل الشحن	pre	؟	؟	10-30%	نعم	107.9439	145.3271	155.1402	155.1402	-0.4673	155.1402	23.0000	-0.4673	1.0000		52.8037	6.5421	شمعة	شموع
2026-08-20	KWM	قبل الشحن	reg	؟	؟	<10%	لا	-1.1976	-0.5988	0.5988	0.5988	-4.0659	11.9760	461.0000	-4.0659	431.0000		2.9940	-6.5868	مخزون	شموع
2026-08-20	LGHL	قبل الشحن	reg	؟	؟	<10%	لا	0.8621	3.4310	16.6379	24.1379	-1.7069	24.1379	39.0000	-1.7069	27.0000		13.6897	10.0000	شمعة	شموع
2026-08-20	MGN	قبل الشحن	pre	؟	؟	10-30%	لا	1.8605	1.8605	1.8605	1.8605	-45.5150	17.6080	433.0000	-45.5150	432.0000	4.0000	-26.3787	-26.2458	شمعة	شموع
2026-08-20	NWGL	قبل الشحن	reg	ضعيف	لا	10-30%	لا	2.8693	2.8693	2.8693	2.8693	-5.8574	5.2632	146.0000	-5.8574		6.0000	0.4754	-3.0051	مخزون	شموع
2026-08-20	PCLA	قبل الشحن	reg	؟	؟	10-30%	نعم	15.1324	42.8752	42.8752	42.8752	-16.9622	62.1690	245.0000	-16.9622	3.0000	33.0000	6.0340	-6.6835	شمعة	شموع
2026-08-20	QNME	قبل الشحن	reg	؟	؟	<10%	لا	0.6641	2.0199	2.0199	2.0199	-3.7078	2.0199	13.0000	-3.7078		11.0000	-5.8661	-6.6132	شمعة	شموع
2026-08-20	RDAC	قبل الشحن	after	ضعيف	لا	<10%	نعم	3.7975	10.2672	60.3376	60.3376	-1.5471	60.3376	25.0000	-1.5471	15.0000			-1.8284	مخزون	شموع
2026-08-20	RITR	قبل الشحن	pre	؟	؟	≥30%	نعم	22.3082	63.3357	63.3357	63.3357	-19.0711	63.3357	12.0000	-19.0711	5.0000	358.0000	-39.0570	-38.8459	شمعة	شموع
2026-08-20	SGLY	قبل الشحن	pre	؟	؟	10-30%	لا	3.6180	3.6180	3.6180	45.0997	-22.5447	45.0997	57.0000	-22.5447	34.0000	835.0000	-40.9618	-48.1910	شمعة	شموع
2026-08-20	SLE	قبل الشحن	reg	؟	؟	<10%	لا	7.4830	11.3379	11.3379	16.7755	-4.3084	16.7755	39.0000	-4.3084	11.0000		-2.9478	-1.3605	شمعة	شموع
2026-08-20	SOBR	قبل الشحن	reg	؟	؟	<10%	لا	-1.1684	-1.1684	-1.1684	-0.4822	-1.6506	2.0030	322.0000	-1.7062			1.9844	-0.7789	شمعة	شموع
2026-08-20	STKH	قبل الشحن	pre	؟	؟	10-30%	لا	38.8889	38.8889	38.8889	38.8889	-10.8796	38.8889	4.0000	-3.7037	1.0000	43.0000	-7.1759	-9.4907	شمعة	شموع
2026-08-20	SUGP	قبل الشحن	after	متوسط	لا	10-30%	لا	5.9748	15.0943	18.5535	18.5535	-2.8302	24.2138	211.0000	-2.8302	7.0000			20.4434	مخزون	شموع
2026-08-20	SUPX	قبل الشحن	reg	؟	؟	<10%	لا	-1.5997	-1.0049	-0.5561	0.1893	-4.5816	3.7675	255.0000	-4.5816		4.0000	2.7239	-0.7052	مخزون	شموع
2026-08-20	TGHL	قبل الشحن	pre	؟	؟	10-30%	لا	5.8924	5.8924	5.8924	6.3041	-10.5495	24.3930	80.0000	-10.5495	76.0000	1.0000	13.9429	18.2451	شمعة	شموع
2026-08-20	WYHG	قبل الشحن	reg	؟	؟	10-30%	لا	5.9193	5.9193	5.9193	5.9193	-9.9552	23.5874	136.0000	-9.9552	134.0000	6.0000	1.3453	-1.1659	مخزون	شموع
2026-08-20	YXT	قبل الشحن	after	متوسط	لا	10-30%	لا	-1.2463	-1.2463	-1.2463	-1.2463	-12.8495	-1.2463	1.0000	-8.0904		1.0000		-11.6597	مخزون	شموع
2026-08-20	ZSTK	قبل الشحن	reg	؟	؟	<10%	لا		18.2004	18.2004	18.2004	-15.7464	22.6994	388.0000	-15.7464	12.0000	40.0000	19.2229	13.4969	شمعة	شموع
2026-08-20	ZTG	قبل الشحن	reg	؟	؟	10-30%	لا	0.9524	0.9524	0.9524	0.9524	-64.2857	0.9524	1.0000	-12.3810		1.0000	-48.0952	-49.5190	شمعة	شموع
2026-08-21	AIFU	قبل الشحن	reg	؟	؟	10-30%	لا						15.6393	111.0000	5.5936	100.0000		5.5930	0.9132	مخزون	شموع
2026-08-21	BAOS	قبل الشحن	pre	ضعيف	لا	<10%	لا	0.8667	1.9556	1.9556	1.9556	-3.1111	6.6667	387.0000	-3.9778		30.0000	6.0222	-1.5111	مخزون	شموع
2026-08-21	BTOG	قبل الشحن	reg	ضعيف	لا	≥30%	لا	2.3077	2.3077	2.3077	2.3077	-12.3077	6.4103	565.0000	-14.1000		1.0000	-4.8718	-4.2564	مخزون	شموع
2026-08-21	CDTG	قبل الشحن	after	متوسط	لا	<10%	لا	2.0690	2.0690	2.0690	2.0690	-18.6207	2.0690	2.0000	-8.2759				-17.2483	مخزون	شموع
2026-08-21	DWSN	قبل الشحن	reg	ضعيف	لا	<10%	لا	3.0570	3.0570	3.0570	3.0570	-3.1646	10.1392	373.0000	-3.1646	373.0000	32.0000	9.8101	7.9114	مخزون	شموع
2026-08-21	FEMY	قبل الشحن	reg	ضعيف	لا	<10%	لا	4.7676	5.6338	5.6338	6.6866	0.0000	9.8592	74.0000	0.0000			3.8732	-2.8169	مخزون	شموع
2026-08-21	IBG	قبل الشحن	pre	متوسط	لا	≥30%	لا	13.0000	13.0000	13.0000	13.0000	-30.0000	13.0000	1.0000	-0.4900	1.0000	7.0000	-0.9100	-9.2700	مخزون	شموع
2026-08-21	INDP	قبل الشحن	reg	ضعيف	لا	10-30%	لا	5.3320	5.3320	5.3320	5.3320	-14.2816	5.3320	1.0000	0.6102		8.0000	-6.2909	-10.9109	مخزون	شموع
2026-08-21	KWM	قبل الشحن	pre	ضعيف	لا	10-30%	لا	0.4745	0.4745	0.4745	0.4745	-16.2713	0.4745	1.0000	-1.7583		1.0000	-7.8984	-7.8984	مخزون	شموع
2026-08-21	LSTA	قبل الشحن	reg	ضعيف	لا	10-30%	لا	2.2122	2.2122	2.2122	2.2122	-11.6595	30.6856	251.0000	-11.6595	86.0000		12.7984	18.2741	مخزون	شموع
2026-08-21	OLOX	قبل الشحن	after	قوي	J1	≥30%	لا	0.3906	0.3906	0.3906	0.3906	-18.3594	0.3906	1.0000	-5.4688		2.0000		-9.3750	مخزون	شموع
2026-08-21	OSRH	قبل الشحن	pre	ضعيف	لا	10-30%	لا	0.2668	0.3002	0.3002	3.4023	-6.3709	10.0734	150.0000	-6.3709	150.0000	1.0000	-10.1734	-6.4376	مخزون	شموع
2026-08-21	PSIG	قبل الشحن	reg	ضعيف	لا	10-30%	لا	-3.2305	-0.3238	0.0437	0.0437	-5.5188	7.3196	70.0000	-5.5188			1.1350	7.3196	مخزون	شموع
2026-08-21	RDAC	قبل الشحن	pre	ضعيف	لا	10-30%	لا	-0.0858	-0.0858	-0.0858	-0.0858	-11.0818	-0.0858	1.0000	-1.9789		2.0000	-9.4327	-18.8654	مخزون	شموع
2026-08-21	RENX	قبل الشحن	pre	ضعيف	لا	<10%	لا	-0.1066	-0.1066	1.5177	1.5177	-2.5430	1.5177	26.0000	-2.5430		1.0000	-2.5430	-2.0354	مخزون	شموع
2026-08-21	RITR	قبل الشحن	pre	متوسط	لا	<10%	لا	5.3892	5.3892	11.3772	11.3772	-5.3892	11.3772	24.0000	-5.3892	22.0000		0.2395	30.8982	مخزون	شموع
2026-08-21	SDOT	قبل الشحن	reg	ضعيف	لا	≥30%	نعم	14.4351	29.4360	48.3799	62.1807	-3.1373	70.5812	64.0000	-3.1373	4.0000	1.0000	13.4493	83.4391	مخزون	شموع
2026-08-21	SUGP	قبل الشحن	pre	ضعيف	لا	≥30%	لا	11.9403	11.9403	11.9403	11.9403	-7.9602	20.6468	169.0000	-7.9602	3.0000	371.0000	-60.4478	-64.4279	مخزون	شموع
2026-08-21	SXTC	قبل الشحن	pre	ضعيف	لا	≥30%	لا	25.6293	25.6293	25.6293	25.6293	-16.4760	25.6293	3.0000	-0.6865	2.0000	16.0000	-7.3227	-11.4416	مخزون	شموع
2026-08-21	TRON	قبل الشحن	reg	قوي	لا	10-30%	لا	2.9088	5.9938	5.9938	5.9938	-15.1609	5.9938	8.0000	-3.4817		57.0000	-11.8554	-10.5333	مخزون	شموع
2026-08-21	VBIO	قبل الشحن	reg	ضعيف	لا	<10%	لا	2.7888	2.7888	2.7888	2.7888	-6.6932	2.7888	4.0000	-0.3984		13.0000	-2.3904	-7.0916	مخزون	شموع
2026-08-21	VIVK	قبل الشحن	pre	قوي	لا	<10%	لا	1.6949	1.6949	15.2542	15.2542	-7.2034	15.2542	25.0000	-7.2034	24.0000	366.0000	-9.3220	-6.9068	مخزون	شموع
2026-08-24	AIXC	قبل الشحن	pre	ضعيف	لا	<10%	لا	-0.9001	-0.0091	-0.0091	-0.0091	-7.2643	0.0000	74.0000	-7.2643		88.0000	-15.4196	-18.3562	مخزون	سجلّ
2026-08-24	AIXI	قبل الشحن	after	قوي	J1	≥30%	لا	26.9743	26.9743	26.9743	26.9743	-28.7705	26.9743	4.0000	-1.6104	1.0000	55.0000		126.0762	مخزون	سجلّ
2026-08-24	AMIX	قبل الشحن	after	قوي	لا	10-30%	نعم	9.2032	41.3596	44.0607	111.0747	-1.9873	111.0747	38.0000	-1.9873	7.0000			-1.9937	مخزون	سجلّ
2026-08-24	BCTX	قبل الشحن	pre	قوي	لا	10-30%	لا	3.9567	3.9567	3.9567	3.9567	-29.0780	3.9567	3.0000	-10.2277		7.0000	-35.4237	-32.0642	مخزون	سجلّ
2026-08-24	BTCT	قبل الشحن	pre	قوي	لا	10-30%	نعم	3.8710	11.6129	16.1290	17.4194	-4.5161	77.4194	165.0000	-5.8065	8.0000		11.9355	33.5484	مخزون	سجلّ
2026-08-24	CAPR	قبل الشحن	pre	قوي	J1	≥30%	لا	0.2497	0.2497	0.2497	0.2497	-20.8489	0.2497	1.0000	-7.3533		8.0000	-15.1061	-9.3633	مخزون	سجلّ
2026-08-24	DAIC	قبل الشحن	pre	قوي	J1	≥30%	نعم		17.1429	40.0000	40.0000	-28.5714	257.7143	467.0000	-36.0000	13.0000		-1.8171	106.8571	مخزون	سجلّ
2026-08-24	DBGI	قبل الشحن	reg	ضعيف	لا	<10%	لا	0.5952	1.0702	1.0702	1.5476	-3.8095	6.9667	72.0000	-3.8095			-2.8571	4.5238	مخزون	سجلّ
2026-08-24	DXST	قبل الشحن	pre	قوي	J1	≥30%	لا	2.4534	2.4534	2.4534	2.4534	-24.8675	2.4534	1.0000	-1.5409		4.0000	-20.3595	-28.9656	مخزون	سجلّ
2026-08-24	EJH	قبل الشحن	reg	ضعيف	لا	10-30%	لا	-1.0306	8.6615	8.6615	8.6615	-11.2689	8.6615	6.0000	-5.8085		121.0000	-11.9514	-13.9990	مخزون	سجلّ
2026-08-24	EMAT	قبل الشحن	reg	قوي	لا	10-30%	لا	2.8571	3.2967	5.4945	5.4945	-5.4923	5.4945	17.0000	-5.4923		115.0000	-7.2527	-9.4505	مخزون	سجلّ
2026-08-24	FFAI	قبل الشحن	after	متوسط	لا	<10%	لا	9.3750	9.3750	9.3750	9.3750	-9.6591	9.3750	1.0000	-0.5682				-10.5114	مخزون	سجلّ
2026-08-24	FGL	قبل الشحن	reg	متوسط	لا	10-30%	لا	1.5324	1.5324	2.8510	6.5217	-10.7270	6.5217	38.0000	-10.7270		1.0000	-3.5994	-14.8254	مخزون	سجلّ
2026-08-24	FLZH	قبل الشحن	pre	قوي	لا	<10%	لا	3.8422	3.8422	3.8422	3.8422	-9.9342	4.0498	153.0000	-9.9342		172.0000	-20.4223	-50.9519	مخزون	سجلّ
2026-08-24	GIPR	قبل الشحن	reg	ضعيف	لا	10-30%	نعم	2.1079	2.1079	2.1079	2.1079	-15.1382	173.7476	380.0000	-15.1382	150.0000		104.6263	43.0331	مخزون	سجلّ
2026-08-24	JEM	قبل الشحن	after	متوسط	لا	<10%	لا	11.1111	11.1111	11.1111	11.1111	-17.6955	46.2963	155.0000	-17.6955	2.0000	71.0000		7.2016	مخزون	سجلّ
2026-08-24	LGHL	قبل الشحن	pre	قوي	لا	10-30%	لا	3.4820	3.4820	3.4820	3.4820	-30.1269	3.4820	1.0000	-6.8126		246.0000	-28.2520	-39.2104	مخزون	سجلّ
2026-08-24	MF	قبل الشحن	reg	ضعيف	لا	<10%	لا	3.0213	6.5758	6.5758	11.4929	-0.7109	11.4929	59.0000	-0.7109	59.0000		5.0355	0.7109	مخزون	سجلّ
2026-08-24	NAMI	قبل الشحن	after	متوسط	لا	<10%	لا	11.6511	11.6511	11.6511	11.6511	-6.9441	11.6511	1.0000	-1.6025	1.0000	1.0000		-1.8033	مخزون	سجلّ
2026-08-24	NNNN	قبل الشحن	reg	ضعيف	لا	10-30%	لا	7.0322	7.0322	7.0322	7.0322	-13.8260	7.0322	2.0000	-2.4434		8.0000	-8.1049	-8.1049	مخزون	سجلّ
2026-08-24	NVX	قبل الشحن	reg	ضعيف	لا	<10%	لا	0.0000	0.0000	0.0000	0.0000	-12.9650	0.0000	1.0000	0.0000			-8.2880	-8.2445	مخزون	سجلّ
2026-08-24	NXTT	قبل الشحن	pre	ضعيف	لا	<10%	لا	-1.1782	-1.1782	-1.1782	3.0303	-8.2412	3.0303	43.0000	-8.2412		28.0000	-5.9394	-13.2121	مخزون	سجلّ
2026-08-24	OLOX	قبل الشحن	pre	متوسط	لا	10-30%	لا	0.1942	0.1942	0.1942	0.1942	-16.1165	0.1942	1.0000	-5.2427		3.0000	-22.3301	-35.5340	مخزون	سجلّ
2026-08-24	PSIG	قبل الشحن	reg	ضعيف	لا	<10%	لا		0.9688	0.9688	0.9688	-31.1311	0.9688	12.0000	-31.1311			-11.2875	-14.4002	مخزون	سجلّ
2026-08-24	RITR	قبل الشحن	pre	قوي	J1	≥30%	لا	1.7081	1.7081	1.7081	1.7081	-17.3913	1.7081	4.0000	-6.5217		4.0000	-13.9752	-34.2391	مخزون	سجلّ
2026-08-24	SDOT	قبل الشحن	pre	قوي	J1	≥30%	نعم	6.6786	7.2895	25.6448	30.8522	-0.4620	62.2171	214.0000	-0.4620	18.0000	1.0000	20.5339	-0.1540	مخزون	سجلّ
2026-08-24	SMX	قبل الشحن	reg	ضعيف	لا	<10%	لا	2.9056	5.7052	5.7052	5.7052	-1.2107	5.8717	295.0000	-1.2107			5.5726	1.6949	مخزون	سجلّ
2026-08-24	SNYR	قبل الشحن	after	قوي	لا	10-30%	لا	14.7692	14.7692	14.7692	14.7692	-6.5641	22.5641	95.0000	-6.5641	1.0000	1.0000		-15.0769	مخزون	سجلّ
2026-08-24	STKH	قبل الشحن	after	ضعيف	لا	<10%	لا	-0.5348	1.0695	1.0695	1.0695	-7.4866	1.0695	6.0000	-2.6738		19.0000		-12.0321	مخزون	سجلّ
2026-08-24	SUGP	قبل الشحن	pre	قوي	لا	<10%	لا	15.1351	31.8919	31.8919	31.8919	-7.5676	31.8919	15.0000	-4.8649	3.0000	199.0000	-28.6486	-39.4595	مخزون	سجلّ
2026-08-24	TENX	قبل الشحن	after	قوي	لا	10-30%	لا	0.0000	0.0000	0.0000	0.0000	-6.9124	0.0000	1.0000	-4.6083				-4.1475	مخزون	سجلّ
2026-08-24	VBIO	قبل الشحن	pre	متوسط	لا	10-30%	لا	0.8966	0.8966	0.8966	0.8966	-24.4138	29.4483	493.0000	-24.4138	353.0000	4.0000	12.3448	0.0690	مخزون	سجلّ
2026-08-24	XPON	قبل الشحن	pre	قوي	لا	10-30%	نعم	2.7375	20.7729	45.4106	60.8696	-11.4332	60.8696	37.0000	-11.4332	14.0000		-2.8889	-15.2834	مخزون	سجلّ
2026-08-24	YYAI	قبل الشحن	reg	ضعيف	لا	<10%	لا	1.7699	1.7699	1.7699	1.7699	-3.9823	7.0796	131.0000	-3.9823			-3.5398	-4.4248	مخزون	سجلّ
2026-08-25	AIXI	قبل الشحن	pre	قوي	J1	≥30%	نعم	5.6140	9.8914	14.7201	67.0844	-10.0752	347.7861	127.0000	-10.0752	22.0000	1.0000	120.5514	87.1345	مخزون	سجلّ
2026-08-25	AMIX	قبل الشحن	pre	قوي	J1	≥30%	لا	0.2430	3.8882	10.2066	10.2066	-10.3281	21.3852	68.0000	-10.3281	21.0000	427.0000	-12.3937	-18.3475	مخزون	سجلّ
2026-08-25	BAOS	قبل الشحن	after	متوسط	لا	10-30%	لا	0.1931	0.1931	0.1931	0.1931	-9.8477	0.1931	1.0000	-5.5567		17.0000		-8.1528	مخزون	سجلّ
2026-08-25	BDRX	قبل الشحن	pre	قوي	J1	≥30%	لا	27.6777	27.6777	27.6777	27.6777	-4.2417	48.9573	78.0000	-4.2417	1.0000	294.0000	-17.0095	-25.5214	مخزون	سجلّ
2026-08-25	BRNX	قبل الشحن	reg	ضعيف	لا	10-30%	لا	1.5779	1.5779	1.5779	1.5779	-8.6785	20.9073	557.0000	-8.6785	331.0000	3.0000	9.4694	26.2327	مخزون	سجلّ
2026-08-25	BTCT	قبل الشحن	pre	قوي	J1	≥30%	لا	0.0179	0.0179	0.0179	0.0179	-5.8036	3.1250	256.0000	-11.5938		1.0000	-10.4911	-20.0714	مخزون	سجلّ
2026-08-25	CAPR	قبل الشحن	reg	ضعيف	لا	10-30%	لا	2.1330	7.4015	7.9046	7.9046	-4.1405	7.9046	16.0000	-4.1405			4.2660	3.7641	مخزون	سجلّ
2026-08-25	CDTG	قبل الشحن	after	ضعيف	لا	<10%	لا	4.9020	32.3529	32.3529	32.3529	0.0000	32.3529	15.0000	0.0000	13.0000	1.0000		13.7255	مخزون	سجلّ
2026-08-25	CLIK	قبل الشحن	reg	ضعيف	لا	<10%	لا	4.3406	4.3406	4.3478	4.3478	-2.8986	4.3478	24.0000	-2.8986		6.0000	-0.7246	-2.5362	مخزون	سجلّ
2026-08-25	DAIC	قبل الشحن	pre	قوي	J1	≥30%	نعم	2.7778	2.7778	24.3056	40.2778	-4.8611	125.3472	647.0000	-4.8611	25.0000	3.0000	33.8819	115.2778	مخزون	سجلّ
2026-08-25	DARE	قبل الشحن	reg	ضعيف	لا	<10%	لا	0.3012	2.3373	2.3373	2.3373	-2.3855	2.9398	232.0000	-3.6145		110.0000	-1.1566	1.2048	مخزون	سجلّ
2026-08-25	DFNS	قبل الشحن	pre	قوي	J1	≥30%	لا	5.3555	8.3886	8.3886	8.3886	-15.4028	8.3886	10.0000	-3.7441		35.0000	-38.0569	-42.0853	مخزون	سجلّ
2026-08-25	DFSC	قبل الشحن	after	متوسط	لا	10-30%	لا	0.0054	0.0054	0.0054	0.0054	-15.6757	0.0054	1.0000	-3.7784		5.0000		-9.1892	مخزون	سجلّ
2026-08-25	FGL	قبل الشحن	pre	قوي	لا	10-30%	لا	8.6777	8.6777	8.6777	8.6777	-5.9504	8.6777	1.0000	-2.8926		1.0000	-15.2066	-14.4628	مخزون	سجلّ
2026-08-25	FLZH	قبل الشحن	after	ضعيف	لا	<10%	لا	39.1304	39.1304	39.1304	39.1304	-12.1739	39.1304	3.0000	-7.3043	2.0000			-56.2609	مخزون	سجلّ
2026-08-25	GIPR	قبل الشحن	pre	قوي	لا	<10%	لا	7.6964	7.6964	7.6964	7.6964	-15.7321	7.6964	3.0000	-1.8214		12.0000	-2.6964	-4.6607	مخزون	سجلّ
2026-08-25	GITS	قبل الشحن	pre	قوي	J1	≥30%	لا	1.9971	1.9971	10.5563	10.5563	-3.7090	19.8288	454.0000	-3.7090	28.0000	1.0000	14.8359	14.8359	مخزون	سجلّ
2026-08-25	ILLR	قبل الشحن	pre	متوسط	لا	10-30%	لا	4.0604	4.0604	4.0604	4.0604	-26.5456	4.0604	1.0000	-3.0810		3.0000	-15.2214	-15.3234	مخزون	سجلّ
2026-08-25	IPW	قبل الشحن	after	متوسط	لا	10-30%	لا	2.4532	2.4532	2.4532	2.4532	-16.8553	2.4532	1.0000	-0.7985		5.0000		-16.0321	مخزون	سجلّ
2026-08-25	JEM	قبل الشحن	pre	قوي	J1	≥30%	نعم	0.2807	0.2807	0.4654	0.6501	-9.8766	60.3014	294.0000	-15.7864	263.0000	1.0000	25.2124	-0.4580	مخزون	سجلّ
2026-08-25	LBGJ	قبل الشحن	after	قوي	لا	10-30%	لا	4.9563	4.9563	4.9563	4.9563	-10.7872	4.9563	1.0000	-2.3324				-4.9563	مخزون	سجلّ
2026-08-25	LESL	قبل الشحن	reg	ضعيف	لا	<10%	لا	0.0000	2.4359	4.0490	4.0490	-4.7911	4.0490	25.0000	-4.7911			-0.6775	-2.8876	مخزون	سجلّ
2026-08-25	LGCL	قبل الشحن	reg	قوي	لا	<10%	لا	3.5714	3.5714	3.5714	3.5714	-20.1128	41.1654	267.0000	-20.1128	267.0000	2.0000	-17.4812	4.6992	مخزون	سجلّ
2026-08-25	MSGY	قبل الشحن	reg	ضعيف	لا	10-30%	لا	0.4094	0.4094	0.4094	0.4094	-14.6520	0.4094	3.0000	-3.4525		15.0000	-12.5280	-13.4935	مخزون	سجلّ
2026-08-25	MTVA	قبل الشحن	reg	ضعيف	لا	10-30%	لا	0.6071	0.6071	1.1853	1.1853	-4.3076	1.1853	16.0000	-1.1275		35.0000	-5.1749	-8.0659	مخزون	سجلّ
2026-08-25	NXTS	قبل الشحن	pre	ضعيف	لا	10-30%	لا	4.8193	7.7711	7.7711	7.7711	-3.0120	13.2530	117.0000	-3.0120	117.0000	1.0000	10.8434	11.4458	مخزون	سجلّ
2026-08-25	OFAL	قبل الشحن	pre	قوي	J1	≥30%	نعم	46.0810	46.0810	75.2972	76.3047	-2.2768	76.3047	44.0000	-2.2768	1.0000		5.2791	-3.5865	مخزون	سجلّ
2026-08-25	OSRH	قبل الشحن	reg	ضعيف	لا	<10%	لا	3.4725	3.4725	3.4725	3.4725	-61.1919	3.4725	1.0000	0.0000		7.0000	-46.8325	-57.2032	مخزون	سجلّ
2026-08-25	PFSA	قبل الشحن	reg	ضعيف	لا	<10%	لا	1.8000	1.8391	1.8391	1.8391	-7.5862	19.0805	344.0000	-7.5862	268.0000		14.2529	3.4483	مخزون	سجلّ
2026-08-25	RCON	قبل الشحن	pre	قوي	لا	10-30%	لا	13.1965	13.1965	13.1965	13.1965	-58.9443	13.1965	3.0000	-19.9413	3.0000	87.0000	-70.2346	-74.3402	مخزون	سجلّ
2026-08-25	SDOT	قبل الشحن	reg	ضعيف	لا	<10%	لا	0.0000	0.0000	0.0000	0.0000	-22.6445	9.8448	495.0000	-26.7702		3.0000	-15.6825	3.1406	مخزون	سجلّ
2026-08-25	SLGB	قبل الشحن	pre	ضعيف	لا	10-30%	لا	7.7576	7.7576	7.7576	7.7576	-18.6959	7.7576	1.0000	-0.4064		3.0000	-8.4644	-8.9592	مخزون	سجلّ
2026-08-25	SMTK	قبل الشحن	reg	قوي	لا	10-30%	لا	9.1523	18.8959	18.8959	18.8959	-28.5312	18.8959	7.0000	-1.1283	6.0000	17.0000	-20.5180	-4.0586	مخزون	سجلّ
2026-08-25	SNYR	قبل الشحن	pre	قوي	J1	≥30%	لا	2.6289	2.6289	2.6289	2.6289	-25.1769	2.6289	1.0000	-7.6845		1.0000	-2.7300	-2.9323	مخزون	سجلّ
2026-08-25	STKH	قبل الشحن	pre	متوسط	لا	10-30%	لا	4.6305	4.6305	4.6305	4.6305	-18.6047	4.6305	1.0000	-2.3256		6.0000	-19.8966	-18.0879	مخزون	سجلّ
2026-08-25	SUGP	قبل الشحن	pre	ضعيف	لا	<10%	لا	0.0179	0.0179	1.8039	1.8039	-5.3402	9.8410	177.0000	-5.3402			4.4829	7.1620	مخزون	سجلّ
2026-08-25	TRUG	قبل الشحن	after	ضعيف	لا	10-30%	لا	11.4474	27.8967	27.8967	27.8967	-5.0652	27.8967	8.0000	-4.2421	3.0000			-14.7018	مخزون	سجلّ
2026-08-25	WKSP	قبل الشحن	reg	ضعيف	لا	<10%	لا	2.0183	2.0183	2.1457	4.0153	-0.7861	4.1003	255.0000	-0.7861			3.0380	8.0731	مخزون	سجلّ
2026-08-25	WLDS	قبل الشحن	reg	ضعيف	لا	10-30%	لا	2.1696	2.5641	2.5641	2.5641	-2.9586	2.5641	10.0000	-1.3807		93.0000	-0.5917	-5.3254	مخزون	سجلّ
2026-08-25	WXM	قبل الشحن	reg	ضعيف	لا	10-30%	لا	5.0587	5.0587	5.0587	5.0587	-3.8441	5.0587	5.0000	-3.8441		2.0000	-1.0121	-3.2045	مخزون	سجلّ
2026-08-25	XPON	قبل الشحن	pre	متوسط	لا	<10%	نعم	5.2104	9.2184	9.2184	9.2184	-3.8076	72.7455	409.0000	-3.8076	386.0000	34.0000	6.2104	25.8517	مخزون	سجلّ
2026-08-25	YMT	قبل الشحن	reg	ضعيف	لا	10-30%	لا	-0.0429	37.3391	38.7124	38.7124	-28.3262	38.7124	20.0000	-3.8627	12.0000	30.0000	-20.1288	-21.3734	مخزون	سجلّ
2026-08-26	AIXI	قبل الشحن	pre	متوسط	لا	<10%	لا	1.5625	1.5625	1.5625	1.5625	-16.4062	1.5625	1.0000	-3.9062		4.0000	-35.9766	-53.4766	مخزون	سجلّ
2026-08-26	AMIX	قبل الشحن	pre	متوسط	لا	<10%	لا	2.3022	3.5971	3.5971	3.5971	-6.1871	5.0360	85.0000	-7.7698		24.0000	-7.4820	-10.0719	مخزون	سجلّ
2026-08-26	BRLS	قبل الشحن	reg	ضعيف	لا	<10%	لا	22.4638	22.4638	22.4638	22.4638	-18.1159	22.4638	3.0000	-0.3623	1.0000	13.0000	-10.8696	-7.2464	مخزون	سجلّ
2026-08-26	BYAH	قبل الشحن	reg	ضعيف	لا	10-30%	لا	0.8109	0.8109	0.8109	0.8109	-7.3216	0.8109	3.0000	-4.0083		25.0000	-6.6596	-6.3286	مخزون	سجلّ
2026-08-26	CRE	قبل الشحن	pre	قوي	J1	≥30%	لا	26.9231	26.9231	26.9231	26.9231	-8.6154	32.3077	161.0000	-12.7692	2.0000		4.3477	-15.3846	مخزون	سجلّ
2026-08-26	FGL	قبل الشحن	pre	قوي	J1	≥30%	لا	13.1561	13.1561	13.1561	13.1561	-14.2265	13.1561	4.0000	-1.9682	4.0000	19.0000	-34.7376	-40.9876	مخزون	سجلّ
2026-08-26	GIPR	قبل الشحن	reg	ضعيف	لا	<10%	لا	5.3720	5.3720	5.3720	5.3720	-8.5344	5.3720	1.0000	-0.4662		41.0000	-2.9191	-4.8247	مخزون	سجلّ
2026-08-26	HODO	قبل الشحن	after	متوسط	لا	<10%	لا	0.4994	9.0512	9.0512	9.0512	-21.9725	9.0512	8.0000	-9.6754		46.0000		-28.8390	مخزون	سجلّ
2026-08-26	IPDN	قبل الشحن	reg	ضعيف	لا	10-30%	لا	2.8140	6.7261	6.7261	12.9032	-14.2073	12.9032	34.0000	-3.5690	34.0000	45.0000	-12.6973	-14.6877	مخزون	سجلّ
2026-08-26	ISPC	قبل الشحن	reg	ضعيف	لا	<10%	لا	0.0000	1.2121	1.2121	1.2121	-1.5152	1.2121	14.0000	-0.6061			-1.2121	-1.2303	مخزون	سجلّ
2026-08-26	IVF	قبل الشحن	reg	ضعيف	لا	<10%	لا	1.5929	1.5929	2.2124	5.3097	-2.6549	15.0442	83.0000	-2.6549	72.0000	286.0000	-7.0796	-7.0796	مخزون	سجلّ
2026-08-26	LBGJ	قبل الشحن	pre	ضعيف	لا	10-30%	لا	2.0879	2.0879	2.0879	2.0879	-7.2879	13.6333	367.0000	-10.0000	325.0000	1.0000	-1.8242	5.4545	مخزون	سجلّ
2026-08-26	LGCL	قبل الشحن	pre	قوي	J1	≥30%	نعم	8.8435	14.4558	39.1156	71.7687	-5.4422	71.7687	42.0000	-5.4422	15.0000	9.0000	-6.1224	-4.0816	مخزون	سجلّ
2026-08-26	LGHL	قبل الشحن	pre	متوسط	لا	10-30%	لا	17.6333	17.6333	17.6333	17.6333	-14.1333	17.6333	3.0000	-0.5667	1.0000	15.0000	-10.8167	-12.4333	مخزون	سجلّ
2026-08-26	MEDS	قبل الشحن	after	ضعيف	لا	10-30%	لا	11.1801	11.1801	11.1801	11.1801	-32.9193	11.1801	3.0000	-3.1056	3.0000	18.0000		-25.4658	مخزون	سجلّ
2026-08-26	MIMI	قبل الشحن	after	متوسط	لا	10-30%	لا	3.9604	3.9604	7.9208	7.9208	-7.9208	37.1287	104.0000	-7.9208	101.0000	1.0000		12.8713	مخزون	سجلّ
2026-08-26	NCPL	قبل الشحن	reg	ضعيف	لا	<10%	لا	0.5765	2.3857	2.3857	2.3857	-6.2227	16.3022	219.0000	-14.0358	218.0000	30.0000	0.8549	25.7853	مخزون	سجلّ
2026-08-26	NEXR	قبل الشحن	pre	متوسط	لا	<10%	لا	0.3745	0.3745	0.3745	0.3745	-22.8427	0.3745	1.0000	-12.3596		1.0000	-24.9064	-23.2210	مخزون	سجلّ
2026-08-26	NUWE	قبل الشحن	pre	متوسط	لا	10-30%	لا	0.0000	0.0000	0.0000	1.6807	-18.4874	21.8487	75.0000	-18.4874	72.0000	12.0000	-15.9664	-17.5882	مخزون	سجلّ
2026-08-26	OLOX	قبل الشحن	reg	ضعيف	لا	10-30%	لا		6.5217	6.5217	6.5217	-38.2609	6.5217	8.0000	-3.0435		19.0000	-37.3913	-38.9130	مخزون	سجلّ
2026-08-26	PN	قبل الشحن	reg	ضعيف	لا	10-30%	لا	0.6780	0.6780	0.6780	0.6780	-5.2644	0.6780	2.0000	-1.0169		41.0000	-4.7458	-3.7288	مخزون	سجلّ
2026-08-26	PWCM	قبل الشحن	pre	ضعيف	لا	<10%	لا	4.3979	4.3979	4.3979	4.3979	-12.0427	4.3979	2.0000	-1.1015		14.0000	-12.2400	-13.6868	مخزون	سجلّ
2026-08-26	SBFM	قبل الشحن	pre	متوسط	لا	10-30%	لا	4.0984	22.1311	22.1311	22.1311	-5.7377	22.1311	9.0000	-3.2787	7.0000	42.0000	2.4590	0.8197	مخزون	سجلّ
2026-08-26	SDOT	قبل الشحن	pre	ضعيف	لا	10-30%	لا	1.6993	3.8620	3.8620	3.8620	-3.3471	9.0628	141.0000	-3.3471		4.0000	-14.2636	-17.5592	مخزون	سجلّ
2026-08-26	SGLY	قبل الشحن	pre	قوي	لا	10-30%	لا	12.3692	12.3692	12.3692	12.3692	-0.5128	13.3333	245.0000	-0.5128	3.0000	1.0000	0.5128	0.5128	مخزون	سجلّ
2026-08-26	SMTK	قبل الشحن	pre	قوي	J1	≥30%	لا	3.9095	4.5267	4.5267	4.5267	-5.7613	4.5267	6.0000	-0.5185		8.0000	-13.3745	-23.8683	مخزون	سجلّ
2026-08-26	SNYR	قبل الشحن	reg	ضعيف	لا	10-30%	لا	1.1434	1.1434	1.1434	1.1434	-8.0915	1.1434	4.0000	-2.2867		13.0000	-15.9191	-14.6878	مخزون	سجلّ
2026-08-26	SUGP	قبل الشحن	pre	متوسط	لا	<10%	لا	1.7769	4.2796	6.7823	6.7823	-4.0627	6.7823	21.0000	-4.0627		208.0000	-16.5763	-20.4972	مخزون	سجلّ
2026-08-26	UCAR	قبل الشحن	reg	ضعيف	لا	10-30%	لا	2.3065	2.3065	2.3065	6.4355	0.0000	6.4355	55.0000	0.0000		2.0000	0.7903	-2.9032	مخزون	سجلّ
2026-08-26	WNW	قبل الشحن	after	ضعيف	لا	10-30%	لا	8.5920	22.2086	22.2086	22.2086	-6.7266	46.0376	123.0000	-6.7266	9.0000			9.9537	مخزون	سجلّ
2026-08-26	WSHP	قبل الشحن	reg	قوي	J1	≥30%	لا	3.8668	3.8668	5.0539	17.9141	-12.7519	17.9141	40.0000	-12.7519	40.0000		-8.7441	-11.5648	مخزون	سجلّ
2026-08-26	XPON	قبل الشحن	pre	ضعيف	لا	10-30%	نعم	0.0045	0.0045	0.0045	2.7081	-4.6855	78.3742	364.0000	-13.4605	333.0000	5.0000	37.8277	24.5140	مخزون	سجلّ
2026-08-26	ZCMD	قبل الشحن	pre	قوي	لا	10-30%	لا	1.5426	1.5426	7.1915	7.4410	-23.6275	7.4410	57.0000	-23.6275		2.0000	-8.5526	-9.2332	مخزون	سجلّ
2026-08-27	AEMD	قبل الشحن	after	قوي	لا	10-30%	لا	4.8276	11.7241	11.7241	19.3103	-5.8621	19.3103	59.0000	-5.8621	9.0000			0.0000	مخزون	سجلّ
2026-08-27	CHAI	قبل الشحن	after	متوسط	لا	<10%	لا	0.1141	0.1141	0.1141	0.1141	-6.8441	0.1141	4.0000	-6.8441		1.0000		-9.8859	مخزون	سجلّ
2026-08-27	FAMI	قبل الشحن	after	ضعيف	لا	10-30%	لا	8.8180	36.0225	36.0225	36.0225	-1.5009	36.0225	9.0000	-0.5629	7.0000	2.0000		-9.0056	مخزون	سجلّ
2026-08-27	GNPX	قبل الشحن	after	ضعيف	لا	<10%	لا	2.8205	2.8205	2.8205	2.8205	-7.4359	2.8205	1.0000	0.0000		16.0000		-6.1538	مخزون	سجلّ
2026-08-27	GOVX	قبل الشحن	reg	ضعيف	لا	10-30%	لا	2.9922	2.9922	2.9922	2.9922	-2.1253	7.6622	79.0000	-2.1253		197.0000	-0.7271	-2.6846	مخزون	سجلّ
2026-08-27	HCWB	قبل الشحن	reg	ضعيف	لا	10-30%	لا	2.9283	2.9283	2.9283	3.7459	-8.7948	6.5147	62.0000	-8.7948		6.0000	1.6287	2.6059	مخزون	سجلّ
2026-08-27	INHD	قبل الشحن	after	قوي	لا	10-30%	لا	9.2784	12.6289	12.6289	12.6289	-15.9794	12.6289	6.0000	-4.3814	6.0000	39.0000		-28.9948	مخزون	سجلّ
2026-08-27	KXIN	قبل الشحن	reg	ضعيف	لا	<10%	لا	4.6182	4.6182	4.6182	4.6182	-21.9698	4.6182	3.0000	-0.0058		1.0000	-13.4674	-59.5341	مخزون	سجلّ
2026-08-27	MIMI	قبل الشحن	reg	متوسط	لا	<10%	لا	1.9375	1.9375	1.9375	1.9375	-21.2500	1.9375	2.0000	-3.1250		41.0000	-20.0000	-18.1250	مخزون	سجلّ
2026-08-27	NCPL	قبل الشحن	after	ضعيف	لا	10-30%	لا	0.0167	1.6669	1.6669	20.8535	-4.1507	20.8535	41.0000	-4.1507	38.0000	2.0000		-5.8176	مخزون	سجلّ
2026-08-27	TRUG	قبل الشحن	after	ضعيف	لا	<10%	لا	0.0000	0.0000	0.0000	0.0000	-4.1510	0.0000	1.0000	-1.6179		3.0000		-9.5277	مخزون	سجلّ
2026-08-27	WETO	قبل الشحن	after	قوي	لا	<10%	لا	2.4355	2.4355	2.4355	2.4355	-8.5953	2.4355	1.0000	-3.7203				-37.9731	مخزون	سجلّ
2026-08-27	XAIR	قبل الشحن	reg	ضعيف	لا	10-30%	لا	0.0000	0.0000	0.0000	0.0000	-36.5782	0.0000	1.0000	-17.2360		14.0000		-35.2507	مخزون	سجلّ
2026-08-28	AIXI	قبل الشحن	after	متوسط	لا	<10%	لا	-1.3146	-1.3146	-1.3146	-1.3146	-23.1905	-1.3146	1.0000	-8.4934		10.0000		-24.7563	مخزون	سجلّ
2026-08-28	AMIX	قبل الشحن	reg	ضعيف	لا	<10%	لا	-0.8372	-0.8372	-0.8372	-0.8372	-4.1860	-0.8372	1.0000	-0.8372		4.0000	-1.6744	-3.6279	مخزون	سجلّ
2026-08-28	ARTL	قبل الشحن	after	ضعيف	لا	10-30%	لا	0.0137	0.0137	0.0137	0.0137	-11.2628	2.3891	92.0000	-11.2628		1.0000		712.2867	مخزون	سجلّ
2026-08-28	CHAI	قبل الشحن	reg	قوي	J1	≥30%	لا	1.6484	1.6484	1.6484	1.6484	-15.5518	12.2790	99.0000	-15.5518	99.0000	5.0000	-5.2078	-22.2408	مخزون	سجلّ
2026-08-28	FGL	قبل الشحن	after	قوي	لا	<10%	لا	6.5375	9.8305	9.8305	9.8305	-31.4286	9.8305	8.0000	-21.5496		41.0000		-30.7506	مخزون	سجلّ
2026-08-28	FNGR	قبل الشحن	after	قوي	J1	≥30%	لا	0.0469	0.0469	0.0469	0.0469	-22.8243	0.0469	1.0000	-6.0755		7.0000		-37.3681	مخزون	سجلّ
2026-08-28	FTFT	قبل الشحن	after	قوي	لا	10-30%	نعم	33.9217	98.2609	127.8174	127.8174	-5.2174	127.8174	24.0000	-5.2174	3.0000	218.0000		90.4348	مخزون	سجلّ
2026-08-28	JZ	قبل الشحن	after	قوي	لا	<10%	لا	1.8918	2.5773	2.5773	2.5773	-17.5258	2.5773	10.0000	-13.9175				-24.7423	مخزون	سجلّ
2026-08-28	MIMI	قبل الشحن	after	متوسط	لا	<10%	لا	-0.0190	-0.0190	-0.0190	-0.0190	-9.5669	4.7120	167.0000	-9.5669		20.0000		-6.7111	مخزون	سجلّ
2026-08-28	NCRA	قبل الشحن	after	ضعيف	لا	10-30%	لا	-0.8850	-0.8850	-0.8850	-0.8850	-18.1062	15.9292	184.0000	-18.1062	170.0000	2.0000		6.1947	مخزون	سجلّ
2026-08-28	TRUG	قبل الشحن	after	متوسط	لا	<10%	لا	4.7868	4.7868	4.7868	4.7868	-16.6406	4.7868	3.0000	-4.2646		18.0000		-15.3873	مخزون	سجلّ
2026-08-28	UZX	قبل الشحن	after	ضعيف	لا	<10%	لا	1.2966	1.2966	1.2966	1.2966	-3.9708	1.2966	1.0000	1.1345				-5.7536	مخزون	سجلّ
2026-08-28	WETO	قبل الشحن	after	متوسط	لا	<10%	لا	-0.8974	-0.8974	-0.8974	-0.8974	-15.5128	-0.8974	1.0000	-8.5897				-7.4359	مخزون	سجلّ
2026-08-28	WHLR	قبل الشحن	reg	ضعيف	لا	<10%	لا	-0.9434	-0.9434	-0.9434	-0.9434	-8.9717	-0.9434	1.0000	-4.6698		3.0000		-15.0000	مخزون	سجلّ
2026-08-31	BRNX	قبل الشحن	reg	ضعيف	لا	10-30%	لا	0.1599	0.1599	0.1599	0.1599	-10.8932	0.1599	1.0000	-0.6608		29.0000	-9.1878	-26.1352	مخزون	سجلّ
2026-08-31	BZAI	قبل الشحن	reg	متوسط	لا	<10%	لا	0.2482	1.1648	1.1648	1.1839	-4.5064	2.7115	66.0000	-4.5064		319.0000	-6.9887	-6.8742	مخزون	سجلّ
2026-08-31	CDTG	قبل الشحن	reg	ضعيف	لا	<10%	لا	-0.6730	-0.2938	-0.2938	-0.2938	-3.3175	0.9479	113.0000	-3.3175		4.0000	-2.8436	-3.3175	مخزون	سجلّ
2026-08-31	COOT	قبل الشحن	reg	قوي	J1	≥30%	لا	0.8228	7.5949	10.7753	10.7753	-8.2278	16.7563	121.0000	-12.3418	16.0000	1.0000	-5.8386	-14.2089	مخزون	سجلّ
2026-08-31	DCX	قبل الشحن	reg	ضعيف	لا	<10%	لا	6.0928	6.0928	13.4823	13.4823	0.0000	13.4823	22.0000	0.0000	22.0000		8.6861	8.6549	مخزون	سجلّ
2026-08-31	FAMI	قبل الشحن	reg	ضعيف	لا	10-30%	لا	1.6681	1.6681	1.6681	4.2535	-5.3378	9.2577	68.0000	-5.3378		17.0000	2.5855	-4.3369	مخزون	سجلّ
2026-08-31	FTFT	قبل الشحن	reg	ضعيف	لا	<10%	لا	0.7822	0.7822	0.7822	0.7822	-16.0105	46.9816	596.0000	-16.0105	593.0000	19.0000	-0.2625	-2.8871	مخزون	سجلّ
2026-08-31	KXIN	قبل الشحن	reg	ضعيف	لا	<10%	لا	9.7059	9.7059	9.7059	9.7059	-1.9608	9.7059	4.0000	-0.4118		81.0000	-5.2288	-7.8431	مخزون	سجلّ
2026-08-31	LGCL	قبل الشحن	reg	ضعيف	لا	<10%	لا	2.1978	3.8462	3.8462	5.7692	-3.8462	5.7692	39.0000	-0.8242		3.0000	-3.5714	10916.4835	مخزون	سجلّ
2026-08-31	LHSW	قبل الشحن	reg	ضعيف	لا	<10%	لا	0.2513	0.2513	0.2513	0.2513	-8.0402	0.2513	3.0000	0.0000		33.0000	-2.5126	-3.2663	مخزون	سجلّ
2026-08-31	MEDS	قبل الشحن	pre	قوي	J1	≥30%	لا	0.7902	0.7902	0.7902	0.7902	-37.9132	0.7902	1.0000	-5.6604		2.0000	-22.1577	-24.2219	مخزون	سجلّ
2026-08-31	MOBX	قبل الشحن	reg	متوسط	لا	10-30%	لا	5.6769	14.4105	14.4105	23.5808	-0.4367	37.9913	68.0000	-0.4367	11.0000	1.0000	15.2838	13.4760	مخزون	سجلّ
2026-08-31	NCPL	قبل الشحن	pre	متوسط	لا	10-30%	لا	9.4447	9.4447	9.4447	9.4447	-14.3685	9.4447	2.0000	-0.5163		6.0000	-11.9884	4.7475	مخزون	سجلّ
2026-08-31	OLOX	قبل الشحن	after	ضعيف	لا	<10%	لا	4.7542	4.7542	4.7542	4.7542	-1.3598	4.7542	2.0000	-1.3598		1.0000		2.7297	مخزون	سجلّ
2026-08-31	PFSA	قبل الشحن	pre	ضعيف	لا	10-30%	لا	0.0000	2.2727	2.2727	15.2597	-9.0909	15.2597	58.0000	-9.0909	53.0000	3.0000	-3.2468	-5.3994	مخزون	سجلّ
2026-08-31	RDHL	قبل الشحن	pre	قوي	J1	≥30%	لا	2.1053	2.1053	2.1053	2.1053	-35.2632	2.1053	2.0000	-12.1053		132.0000	-52.1632	-54.2158	مخزون	سجلّ
2026-08-31	SSM	قبل الشحن	after	قوي	J1	≥30%	لا	9.2583	14.5450	14.5450	14.5450	-7.4829	14.5450	7.0000	-2.6367	6.0000			-17.1751	مخزون	سجلّ
2026-08-31	TENX	قبل الشحن	reg	ضعيف	لا	<10%	لا	4.7320	4.7320	4.7320	4.7320	-4.3936	4.7320	2.0000	-0.0967			-1.1709	-3.3194	مخزون	سجلّ
2026-08-31	VEEA	قبل الشحن	reg	متوسط	لا	<10%	لا	-2.5046	-1.6468	2.9277	2.9277	-13.4892	22.9414	441.0000	-13.4892	424.0000		2.3788	4.0714	مخزون	سجلّ
2026-08-31	VVOS	قبل الشحن	reg	قوي	J1	≥30%	لا	0.5038	11.5869	11.5869	11.5869	-11.8388	11.5869	9.0000	-8.4635	9.0000	1.0000	-50.7809	-59.1940	مخزون	سجلّ
2026-08-31	WFF	قبل الشحن	reg	قوي	لا	10-30%	لا	24.3198	24.3198	24.3198	24.3198	-9.4595	24.3198	2.0000	-4.5045	2.0000	382.0000	-9.0090	-10.8108	مخزون	سجلّ
2026-08-31	YYGH	قبل الشحن	after	متوسط	لا	<10%	لا	6.8493	6.8493	6.8493	6.8493	-6.1644	6.8493	3.0000	-2.7397				6.8493	مخزون	سجلّ
2026-09-01	AMOD	قبل الشحن	reg	قوي	لا	10-30%	لا	9.0000	9.0000	9.0000	9.0000	-27.9567	9.0000	1.0000	-0.3333		22.0000		-29.0000	مخزون	سجلّ
2026-09-01	AUUD	قبل الشحن	pre	ضعيف	لا	10-30%	لا	16.8392	17.8641	17.8641	17.8641	-5.1450	17.8641	6.0000	4.5403	1.0000	3.0000	4.5403	0.5637	مخزون	سجلّ
2026-09-01	BAOS	قبل الشحن	pre	ضعيف	لا	<10%	لا	3.0548	3.0548	3.0548	3.0548	-6.3112	3.0548	3.0000	-0.2882		16.0000	-12.0749	-13.7464	مخزون	سجلّ
2026-09-01	BRNX	قبل الشحن	pre	قوي	لا	<10%	لا	19.3939	19.3939	19.3939	19.3939	-1.8182	19.3939	3.0000	-1.8182	2.0000		9.0909	17.8788	مخزون	سجلّ
2026-09-01	CAST	قبل الشحن	reg	متوسط	لا	<10%	لا	2.1898	2.1898	2.1898	5.1022	-2.1533	8.0292	291.0000	-2.1533			0.3650	0.0000	مخزون	سجلّ
2026-09-01	CDT	قبل الشحن	after	قوي	لا	10-30%	لا	2.2212	2.2212	2.2212	2.2212	-29.8265	2.2212	1.0000	-2.7517		4.0000		-35.9045	مخزون	سجلّ
2026-09-01	DAIC	قبل الشحن	reg	قوي	لا	<10%	لا	12.4031	24.0310	24.0310	24.0310	-4.1344	24.0310	12.0000	-3.5917	5.0000		-6.9767	-12.1447	مخزون	سجلّ
2026-09-01	DBGI	قبل الشحن	reg	ضعيف	لا	<10%	لا	5.6956	8.1214	8.1214	8.1214	-15.9664	8.1214	9.0000	-1.0271		2.0000	-9.6172	-8.3100	مخزون	سجلّ
2026-09-01	FGL	قبل الشحن	reg	ضعيف	لا	10-30%	نعم	5.4149	23.0654	30.0985	59.7046	-4.3601	59.7046	33.0000	-4.3601	9.0000	3.0000	16.1041	29.3952	مخزون	سجلّ
2026-09-01	FLYE	قبل الشحن	pre	قوي	J1	≥30%	لا	17.4359	17.4359	17.4359	17.4359	-7.6923	43.0769	174.0000	-17.9487	1.0000	2.0000	12.8205	14.8718	مخزون	سجلّ
2026-09-01	INBS	قبل الشحن	pre	ضعيف	لا	10-30%	لا	1.2000	1.2000	1.2000	1.2000	-13.9960	13.6000	95.0000	-18.0000	90.0000	1.0000	-4.8000	-2.0000	مخزون	سجلّ
2026-09-01	JUNS	قبل الشحن	reg	ضعيف	لا	<10%	لا	0.0000	0.0000	0.0000	0.0000	-5.1429	0.2857	108.0000	-5.1429		39.0000	-3.2857	-6.0000	مخزون	سجلّ
2026-09-01	KALA	قبل الشحن	pre	متوسط	لا	10-30%	لا	12.1096	12.1096	12.1096	12.1096	-12.4436	12.1096	2.0000	-5.4618	2.0000	1.0000	-12.2098	-9.8213	مخزون	سجلّ
2026-09-01	KITT	قبل الشحن	after	متوسط	لا	10-30%	لا	2.7460	2.7460	2.7460	2.7460	-13.7480	2.7460	1.0000	-4.5281				-27.4050	مخزون	سجلّ
2026-09-01	KUST	قبل الشحن	pre	متوسط	لا	10-30%	لا	3.9628	3.9628	3.9628	3.9628	-7.5587	16.1937	560.0000	-7.5587	180.0000	1.0000	9.8826	10.0783	مخزون	سجلّ
2026-09-01	LGCL	قبل الشحن	reg	ضعيف	لا	<10%	لا	5.1246	5.1246	5.1246	5.1246	-12.4915	5.1246	3.0000	-6.3959		59.0000	-12.8762	-12.5676	مخزون	سجلّ
2026-09-01	LHSW	قبل الشحن	reg	ضعيف	لا	<10%	لا	-0.6173	-0.6173	5.2469	5.2469	-3.3951	5.2469	22.0000	-3.2870		185.0000	-11.1111	-30.5556	مخزون	سجلّ
2026-09-01	NCPL	قبل الشحن	pre	ضعيف	لا	10-30%	لا	11.3090	11.3090	11.3090	11.3090	-4.8948	12.0937	163.0000	-4.8948	2.0000	23.0000	-1.6191	13.8622	مخزون	سجلّ
2026-09-01	OLOX	قبل الشحن	reg	قوي	لا	10-30%	لا	4.6073	10.7607	12.2991	12.2991	-11.5453	12.2991	20.0000	-4.6227	14.0000	92.0000	-14.6220	-23.6982	مخزون	سجلّ
2026-09-01	OSRH	قبل الشحن	reg	ضعيف	لا	<10%	لا		6.6176	6.6176	13.9706	-4.4118	28.3088	136.0000	-4.4118	37.0000		24.0809	32.3529	مخزون	سجلّ
2026-09-01	RAIN	قبل الشحن	reg	ضعيف	لا	10-30%	لا	3.7396	11.4583	11.4583	11.4583	-5.5833	11.4583	13.0000	-4.0417	13.0000	92.0000	-8.8958	-16.6667	مخزون	سجلّ
2026-09-01	RDAC	قبل الشحن	pre	قوي	J1	≥30%	لا	4.3550	4.3550	4.3550	4.3550	-24.4043	41.0025	421.0000	-26.8694	370.0000	11.0000	8.8743	-0.9039	مخزون	سجلّ
2026-09-01	RITR	قبل الشحن	pre	متوسط	لا	10-30%	لا	23.9669	23.9669	23.9669	23.9669	-15.0597	23.9669	3.0000	-5.2342	3.0000	253.0000	-19.6511	-14.6006	مخزون	سجلّ
2026-09-01	RNAZ	قبل الشحن	reg	متوسط	لا	<10%	لا	3.6730	3.6730	3.6730	3.6730	-8.0638	3.6730	1.0000	-1.6393		20.0000	-8.2853	-7.3992	مخزون	سجلّ
2026-09-01	SCNI	قبل الشحن	reg	ضعيف	لا	<10%	لا			0.0000	0.3846	-2.3077	0.3846	43.0000	-1.9231		298.0000	-5.3846	-5.3846	مخزون	سجلّ
2026-09-01	SMTK	قبل الشحن	after	ضعيف	لا	10-30%	لا	3.3428	3.3428	4.4620	4.4620	-2.9996	4.4620	16.0000	-2.9996		1.0000		-3.7457	مخزون	سجلّ
2026-09-01	SSM	قبل الشحن	pre	قوي	J1	≥30%	لا	3.3104	3.3104	3.3104	7.5829	-7.1090	18.2464	674.0000	-15.4028	638.0000	6.0000	12.3246	4.2678	مخزون	سجلّ
2026-09-01	UPC	قبل الشحن	after	قوي	لا	10-30%	لا	1.6611	1.6611	12.0741	12.0741	-11.2281	12.0741	24.0000	-11.2281	23.0000			-8.6866	مخزون	سجلّ
2026-09-01	WETO	قبل الشحن	reg	قوي	J1	≥30%	لا	2.0312	2.0312	2.0312	2.0312	-21.0473	2.0312	1.0000	-1.0325		1.0000	-19.4278	-28.2003	مخزون	سجلّ
2026-09-01	WHLR	قبل الشحن	after	ضعيف	لا	<10%	لا	-0.7812	-0.7812	-0.7812	-0.7812	-8.8750	4.4375	77.0000	-8.8750		1.0000		-15.5156	مخزون	سجلّ
2026-09-01	XOS	قبل الشحن	after	ضعيف	لا	<10%	لا	1.3690	2.2914	2.6728	2.6728	-0.2608	2.6728	29.0000	-0.2608		1.0000		0.0652	مخزون	سجلّ
2026-09-01	ZEO	قبل الشحن	reg	متوسط	لا	10-30%	لا	0.4437	0.4437	0.4437	0.4437	-24.2033	8.6729	446.0000	-24.7681		1.0000	-16.4986	-19.4030	مخزون	سجلّ
2026-09-02	AMBR	قبل الشحن	pre	؟	؟	≥30%	لا	5.9406	5.9406	5.9406	5.9406	-14.3762	6.8713	539.0000	-14.3762		1.0000	-0.9802	2.0000	مخزون	شموع
2026-09-02	BTAI	قبل الشحن	reg	ضعيف	لا	10-30%	لا	4.2670	4.2670	9.2911	9.2911	-4.1982	35.5816	74.0000	-4.1982	64.0000	77.0000	-24.9140	-17.3434	مخزون	سجلّ
2026-09-02	DAIC	قبل الشحن	reg	ضعيف	لا	10-30%	لا	1.0526	1.0526	1.0526	1.0526	-13.6842	1.0526	1.0000	-2.1026		2.0000	-18.9500	-9.2105	مخزون	سجلّ
2026-09-02	EOSE	قبل الشحن	pre	ضعيف	لا	10-30%	لا	4.7478	7.4184	7.4184	7.4184	-0.2967	9.3472	350.0000	-4.7478			7.5668	5.6380	مخزون	سجلّ
2026-09-02	FAMI	قبل الشحن	after	قوي	J1	≥30%	لا	0.0000	0.0000	0.0000	0.0000	-19.4527	0.0000	1.0000	-7.9714		7.0000		-25.6395	مخزون	سجلّ
2026-09-02	FGL	قبل الشحن	pre	ضعيف	لا	<10%	لا	4.5814	4.5814	4.5814	4.5814	-9.8999	4.5814	3.0000	-7.4776		68.0000	-15.2712	-18.2201	مخزون	سجلّ
2026-09-02	FLYE	قبل الشحن	pre	متوسط	لا	<10%	لا	0.1911	0.1911	1.1231	7.1811	-6.7990	16.5012	439.0000	-6.7990	97.0000	327.0000	11.8412	18.0437	مخزون	سجلّ
2026-09-02	GIPR	قبل الشحن	after	؟	؟	10-30%	نعم	6.6514	9.1648	9.1648	26.3011	0.0254	51.0536	171.0000	0.0254	35.0000			47.5501	مخزون	شموع
2026-09-02	HKPD	قبل الشحن	after	؟	؟	<10%	لا	1.2720	1.2720	1.2720	1.2720	-6.8443	1.2720	2.0000	-2.3016		1.0000		-7.0866	مخزون	شموع
2026-09-02	JFIN	قبل الشحن	reg	ضعيف	لا	<10%	لا				0.0056	0.0000	0.5556	67.0000	0.0000			0.2778		مخزون	سجلّ
2026-09-02	JLHL	قبل الشحن	pre	ضعيف	لا	10-30%	لا	4.6794	8.3106	8.3106	11.9403	-3.1593	14.9893	117.0000	-3.1593	40.0000	154.0000	-8.2409	-8.0957	مخزون	سجلّ
2026-09-02	KG	قبل الشحن	reg	؟	؟	<10%	لا	5.4777	5.4777	5.4777	5.4777	-2.1656	5.4777	3.0000	-2.1656			-0.8599		مخزون	شموع
2026-09-02	LBGJ	قبل الشحن	reg	؟	؟	<10%	لا		1.0514	1.3662	1.3662	-3.3526	2.9403	497.0000	-3.5919		38.0000	-1.9392	-3.0410	مخزون	شموع
2026-09-02	LHSW	قبل الشحن	pre	ضعيف	لا	<10%	نعم	1.0526	14.7368	34.2105	61.5526	-0.5263	118.4211	152.0000	-0.5263	15.0000		93.4211	96.8421	مخزون	سجلّ
2026-09-02	MDXH	قبل الشحن	reg	ضعيف	لا	<10%	لا		0.0000	0.2209	0.8009	-0.4281	0.8009	41.0000	-0.3728		152.0000	-1.9470	0.9528	مخزون	سجلّ
2026-09-02	MGN	قبل الشحن	reg	ضعيف	لا	10-30%	نعم	8.2521	24.1560	62.9407	62.9407	-8.7772	62.9407	28.0000	-2.4756	6.0000	58.0000	-3.7509	-12.2281	مخزون	سجلّ
2026-09-02	RITR	قبل الشحن	reg	؟	؟	10-30%	لا	2.9499	17.5025	17.5025	17.5025	-4.1298	17.5025	13.0000	-4.1298	11.0000	1.0000	-1.7699	-0.0983	مخزون	شموع
2026-09-02	SCNI	قبل الشحن	after	ضعيف	لا	10-30%	لا	1.4235	1.4235	1.4235	1.4235	-26.6904	1.4235	1.0000	-3.9146		2.0000		-24.2100	مخزون	سجلّ
2026-09-02	SDA	قبل الشحن	after	ضعيف	لا	<10%	لا	4.6154	4.6154	4.6154	4.6154	0.0000	4.6154	4.0000	0.0000					مخزون	سجلّ
2026-09-02	SSM	قبل الشحن	after	؟	؟	<10%	لا												-5.3929	مخزون	شموع
2026-09-02	SUPX	قبل الشحن	reg	ضعيف	لا	<10%	لا	2.0253	2.0253	2.2152	2.4051	-0.6329	8.7342	308.0000	-0.6329			5.6962	8.8608	مخزون	سجلّ
2026-09-02	UCL	قبل الشحن	after	؟	؟	<10%	لا	-1.3026	-1.3026	-1.3026	-1.3026	-8.4669	-1.3026	2.0000	-7.3146		1.0000		-5.8367	مخزون	شموع
2026-09-02	UPC	قبل الشحن	pre	؟	؟	≥30%	لا	0.0000	0.0000	0.0000	0.0000	-10.7486	2.3033	162.0000	-10.7486		1.0000	-7.8714	-15.1631	مخزون	شموع
2026-09-02	VIVK	قبل الشحن	reg	؟	؟	≥30%	لا	7.0707	7.0707	7.0707	7.0707	-4.7374	7.0707	1.0000	0.4040		1.0000	-8.9798	-10.6061	مخزون	شموع
2026-09-03	AEHL	قبل الشحن	reg	قوي	J1	≥30%	لا	-0.6158	2.2167	2.2167	2.2167	-19.3350	2.2167	11.0000	-13.1773		21.0000	-8.2204	-16.9951	مخزون	سجلّ
2026-09-03	AKAN	قبل الشحن	after	قوي	لا	<10%	لا	2.4467	7.7498	7.7498	7.7498	-6.9543	9.1961	222.0000	-6.9543				4.8572	مخزون	سجلّ
2026-09-03	APVO	قبل الشحن	reg	ضعيف	لا	<10%	لا	3.1552	3.1552	3.1552	3.1552	-13.2184	3.1552	4.0000	-1.1437			-2.8678	-0.2874	مخزون	سجلّ
2026-09-03	DFNS	قبل الشحن	reg	متوسط	لا	<10%	لا	2.6157	6.6398	6.6398	7.6449	-2.7163	7.6449	47.0000	-2.7163			2.6157	-6.7404	مخزون	سجلّ
2026-09-03	FLYE	قبل الشحن	reg	ضعيف	لا	<10%	لا		-9.9585	-8.2988	-7.0539	-9.9585	-5.8797	70.0000	-9.9585				-6.8008	مخزون	سجلّ
2026-09-03	KPLT	قبل الشحن	reg	ضعيف	لا	<10%	لا	1.6556	1.6556	1.6556	4.3046	0.0000	15.8924	231.0000	0.0000	150.0000		13.4106		مخزون	سجلّ
2026-09-03	MIMI	قبل الشحن	pre	قوي	J1	≥30%	لا	-2.8616	-1.0568	8.3947	24.6735	-10.9475	41.2966	86.0000	-10.9475	31.0000	1.0000	14.6165	20.5177	مخزون	سجلّ
2026-09-03	OSRH	قبل الشحن	reg	ضعيف	لا	<10%	لا	4.1856	4.6406	4.6406	9.1447	-9.0082	11.4650	96.0000	-9.0082	96.0000		11.4650	1.9563	مخزون	سجلّ
2026-09-03	PTLE	قبل الشحن	reg	ضعيف	لا	10-30%	لا		2.5000	2.5000	6.2500	-8.7500	6.2500	31.0000	-8.7500			-1.8750		مخزون	سجلّ
2026-09-03	TWG	قبل الشحن	reg	قوي	J1	≥30%	لا	8.7199	8.7199	8.7199	8.7199	-22.5818	8.7199	5.0000	-6.5085		8.0000	-10.1043	-6.9759	مخزون	سجلّ
2026-09-03	VWAV	قبل الشحن	reg	متوسط	لا	<10%	لا	0.7407	0.7407	0.7407	0.7407	-5.9259	0.7407	2.0000	-2.6519			-8.4593	-11.1111	مخزون	سجلّ
2026-09-04	ALP	قبل الشحن	pre	ضعيف	لا	<10%	لا	-0.3333	-0.3333	2.2222	6.0000	-5.0000	14.1111	301.0000	-5.0000	125.0000		10.3333	14.1111	مخزون	سجلّ
2026-09-04	BNR	قبل الشحن	reg	متوسط	لا	<10%	لا	6.5062	6.5062	6.5062	6.5062	-0.9579	43.5393	276.0000	-0.9579	148.0000		14.7357	11.0994	مخزون	سجلّ
2026-09-04	CDTG	قبل الشحن	reg	قوي	لا	10-30%	لا	5.9259	5.9259	5.9259	5.9259	-20.0000	18.5185	72.0000	-20.0000	72.0000		-2.9630	-0.3704	مخزون	سجلّ
2026-09-04	FXHO	قبل الشحن	reg	ضعيف	لا	<10%	لا	0.0000	0.0000	1.4035	4.5860	-0.8734	4.5860	47.0000	-0.8734			2.8821		مخزون	سجلّ
2026-09-04	GIPR	قبل الشحن	after	ضعيف	لا	<10%	لا	28.8462	32.5000	32.5000	32.5000	-9.3269	32.5000	6.0000	3.0577	4.0000			-8.7500	مخزون	سجلّ
2026-09-04	NCPL	قبل الشحن	after	ضعيف	لا	<10%	لا	-16.2088	-16.2088	-16.2088	-16.2088	-23.9286	-6.5934	74.0000	-23.9286		1.0000		-24.0797	مخزون	سجلّ
2026-09-04	NIKI	قبل الشحن	reg	قوي	J1	≥30%	لا	8.3867	8.3867	8.3867	8.3867	-21.0503	8.3867	2.0000	1.0557		17.0000	-29.7347	-30.9754	مخزون	سجلّ
2026-09-04	ZTG	قبل الشحن	reg	متوسط	لا	<10%	نعم	2.7879	3.4394	7.5758	12.9091	-4.6364	57.5758	228.0000	-4.6364	49.0000		14.3939	8.4848	مخزون	سجلّ
2026-09-08	AIXI	قبل الشحن	reg	ضعيف	لا	<10%	لا	-0.7680	-0.7680	-0.7680	-0.7680	-8.4485	6.6052	425.0000	-8.4485		3.0000	-1.9969	-8.7558	مخزون	سجلّ
2026-09-08	ANY	قبل الشحن	after	ضعيف	لا	10-30%	لا	6.5000	6.5000	10.3704	10.3704	-5.1852	10.3704	18.0000	-2.5926	18.0000			-4.4444	مخزون	سجلّ
2026-09-08	CDTG	قبل الشحن	reg	قوي	لا	<10%	لا	2.8110	2.8110	11.2702	11.2702	-7.6002	11.2702	28.0000	-7.6002	28.0000		-5.6481	-8.5763	مخزون	سجلّ
2026-09-08	CMND	قبل الشحن	after	متوسط	لا	10-30%	لا	-13.7085	-13.7085	-13.7085	-13.7085	-22.3269	-4.9744	217.0000	-22.3269		2.0000		-14.8901	مخزون	سجلّ
2026-09-08	FAMI	قبل الشحن	reg	ضعيف	لا	<10%	لا	0.2962	0.4936	3.6525	3.6525	-4.2448	33.2675	392.0000	-4.2448	212.0000		15.7947	20.8292	مخزون	سجلّ
2026-09-08	FGL	قبل الشحن	after	ضعيف	لا	10-30%	لا	3.1283	3.1283	3.1283	3.1283	-10.3233	3.1283	1.0000	-1.8770		1.0000		-9.0719	مخزون	سجلّ
2026-09-08	MOBX	قبل الشحن	pre	قوي	لا	10-30%	لا	11.4231	22.8286	22.8286	22.8286	-0.8598	29.8386	104.0000	-2.6145	4.0000		11.4231	7.9137	مخزون	سجلّ
2026-09-08	PDSB	قبل الشحن	pre	قوي	J1	≥30%	نعم	16.5610	20.1951	27.5610	58.7805	-5.7073	58.7805	59.0000	-5.7073	4.0000		-25.5854	-27.6585	مخزون	سجلّ
2026-09-08	TANH	قبل الشحن	reg	ضعيف	لا	<10%	لا			0.0000	11.7059	-3.4146	11.7059	39.0000	-3.4146	39.0000			-9.1220	مخزون	سجلّ
2026-09-08	TRUG	قبل الشحن	pre	قوي	لا	10-30%	لا	4.5057	4.5057	4.5057	4.5057	-26.3498	4.5627	543.0000	-27.9848			-16.7300	-22.0342	مخزون	سجلّ
2026-09-08	TWG	قبل الشحن	pre	ضعيف	لا	10-30%	لا	1.8018	1.8018	17.1171	17.1171	-9.5315	26.1261	78.0000	-9.5315	29.0000	4.0000	-6.0360	-11.4595	مخزون	سجلّ
2026-09-09	BIAF	قبل الشحن	pre	قوي	لا	10-30%	لا	2.3832	9.3422	9.3422	9.3422	-2.7645	17.4452	96.0000	-2.7645	86.0000		0.9533	-7.0543	مخزون	سجلّ
2026-09-09	BNR	T-C	reg	ضعيف	لا	10-30%	لا	-7.1207	-7.1207	-7.1207	-7.1207	-11.0681	-6.4241	141.0000	-11.0681		1.0000	-6.5015	-10.2167	مخزون	سجلّ
2026-09-09	BRNX	قبل الشحن	pre	قوي	لا	<10%	لا	1.4257	1.4257	1.4257	2.4073	-3.4623	9.5682	622.0000	-4.2729			7.9430	-2.2403	مخزون	سجلّ
2026-09-09	FTFT	قبل الشحن	reg	قوي	J1	≥30%	لا		8.1596	20.7442	20.7442	-32.9955	20.7442	25.0000	-14.9689	20.0000		-29.5942	-24.4924	مخزون	سجلّ
2026-09-09	INDP	قبل الشحن	reg	متوسط	لا	10-30%	لا	3.3783	6.7565	11.0268	11.0268	-3.6819	13.3991	84.0000	-3.6819	23.0000		-2.2585	-6.0543	مخزون	سجلّ
2026-09-09	IPDN	T-C	after	متوسط	لا	10-30%	لا	8.6469	9.2874	9.2874	9.2874	-1.2810	13.9311	154.0000	-1.2810	149.0000	1.0000		44.1954	مخزون	سجلّ
2026-09-09	LHSW	قبل الشحن	reg	ضعيف	لا	<10%	لا	5.1142	6.1249	17.2428	17.2428	-1.5565	21.2856	126.0000	-1.5565	22.0000		3.5981	-2.2438	مخزون	سجلّ
2026-09-09	MGN	قبل الشحن	pre	متوسط	لا	<10%	نعم	32.0496	32.0496	32.0496	85.4360	-42.5188	85.4360	43.0000	-42.5188	1.0000		-39.1766	-55.0907	مخزون	سجلّ
2026-09-09	ODD	قبل الشحن	pre	متوسط	لا	10-30%	لا	1.0549	4.7520	6.2309	6.2309	-4.4908	13.6264	146.0000	-4.4908	141.0000		1.6711	2.0408	مخزون	سجلّ
2026-09-09	PCLA	R1	reg	ضعيف	لا	10-30%	لا		6.6107	6.6107	6.6107	-10.9347	6.6107	6.0000	-4.0000			-1.6000	22.1333	مخزون	سجلّ
2026-09-09	SDA	T-C	reg	؟	؟	10-30%	لا	0.5408	0.5408	0.5408	4.6814	-7.0475	4.7828	149.0000	-7.0475		1.0000	1.4027	4.2082	مخزون	شموع
2026-09-09	SGLY	T-C	reg	متوسط	لا	10-30%	لا	0.0000	0.0000	0.0000	1.3089	-7.8534	2.0942	135.0000	-7.8534		5.0000	-0.5236	1.5707	مخزون	سجلّ
2026-09-09	SKYE	T-C	after	ضعيف	لا	10-30%	لا	0.0917	0.0917	0.0917	0.0917	-0.4367	0.0917	1.0000	0.0000					مخزون	سجلّ
2026-09-09	SUNE	T-C	reg	قوي	J1	≥30%	لا	-5.1421	-4.1949	-4.1949	-1.2179	-6.9012	35.3180	242.0000	-6.9012	148.0000	1.0000	22.1922	7.7131	مخزون	سجلّ
2026-09-09	TNON	R1	reg	متوسط	لا	<10%	لا	-36.6812	-34.4978	-34.4978	-34.4978	-47.5983	-15.0898	180.0000	-47.5983		3.0000	-40.8054	1.8923	مخزون	سجلّ
2026-09-09	YMAT	T-C	reg	قوي	J1	≥30%	لا	-16.8102	-16.8102	-16.8102	-16.8102	-22.2722	-0.0042	328.0000	-22.2722		2.0000	-4.2057	-7.9871	مخزون	سجلّ
2026-09-09	ZTG	R1	reg	ضعيف	لا	10-30%	لا	27.2727	38.9610	38.9610	38.9610	-10.3766	38.9610	13.0000	-4.7792	2.0000		-0.9481	-3.8442	مخزون	سجلّ
2026-09-10	AHMA	R1	reg	قوي	J1	≥30%	لا	9.9476	9.9476	9.9476	9.9476	-23.5550	9.9476	2.0000	-4.7068			-7.8534	-6.2827	مخزون	سجلّ
2026-09-10	ALP	R1	reg	ضعيف	لا	<10%	لا	-3.1021	-1.0366	-0.7566	-0.7566	-8.9508	0.6305	201.0000	-8.9508		21.0000	-6.4893	-10.8348	مخزون	سجلّ
2026-09-10	BYSI	T-C	reg	ضعيف	لا	10-30%	لا	-1.1067	2.7668	3.2411	3.2411	-1.1726	3.2411	22.0000	-1.1067		356.0000	0.9486	1.0540	مخزون	سجلّ
2026-09-10	CLIK	T-C	pre	؟	؟	10-30%	لا	0.7191	0.7191	0.7191	0.7191	-29.6256	17.2516	688.0000	-29.6256	495.0000	1.0000	-2.2903	1.6181	مخزون	شموع
2026-09-10	DBGI	T-C	reg	قوي	لا	10-30%	نعم	5.4113	12.8378	36.3364	45.8689	-3.5669	74.0229	390.0000	-3.5669	11.0000		49.4159	44.5388	مخزون	سجلّ
2026-09-10	EHGO	T-C	pre	؟	؟	10-30%	لا	0.0000	0.0000	0.0000	0.0000	-6.4220	0.0000	4.0000	-2.7523		1.0000	-2.7523	-3.6697	مخزون	شموع
2026-09-10	FNGR	R1	reg	ضعيف	لا	<10%	لا	3.2292	3.2292	3.2292	3.2292	-4.2880	3.2292	5.0000	-0.3176			-2.1705	-3.8645	مخزون	سجلّ
2026-09-10	GDHG	R1	pre	قوي	J1	≥30%	لا	46.0432	46.0432	46.0432	46.0432	3.2374	46.0432	1.0000	31.6547	1.0000	65.0000	-7.1942	-15.1079	مخزون	سجلّ
2026-09-10	HCAI	R1	reg	ضعيف	لا	<10%	لا		27.8136	27.8136	27.8136	-0.0730	27.8136	15.0000	-0.0730	7.0000	337.0000	-18.0001	-29.2876	مخزون	سجلّ
2026-09-10	INDP	T-C	reg	ضعيف	لا	10-30%	لا	1.9558	1.9558	2.9119	2.9119	-2.0113	4.3361	119.0000	-6.7719		6.0000	1.9558	6.9624	مخزون	سجلّ
2026-09-10	IPDN	R1	pre	قوي	لا	10-30%	لا	12.9608	18.9061	18.9061	19.6790	-16.8847	30.7967	184.0000	-16.8847	5.0000	642.0000	-16.1118	-29.6076	مخزون	سجلّ
2026-09-10	LBGJ	R1	after	قوي	لا	<10%	لا	5.9829	5.9829	5.9829	11.1111	-7.6923	11.9658	65.0000	-7.6923	50.0000			10.2564	مخزون	سجلّ
2026-09-10	PCLA	T-C	pre	متوسط	لا	10-30%	لا	-1.1249	0.0000	0.0000	0.0000	-6.9741	20.8099	340.0000	-6.9741	298.0000	1.0000	9.2238	42.5197	مخزون	سجلّ
2026-09-10	REBN	R1	reg	؟	؟	10-30%	لا	6.2790	6.2790	6.2790	6.2790	-9.6018	6.2790	5.0000	-4.7154		1.0000	1.2582	-4.9230	مخزون	شموع
2026-09-10	SLXN	T-C	pre	قوي	لا	10-30%	لا	3.4091	5.1591	5.1591	5.1591	-15.9091	15.9091	100.0000	-15.9091	82.0000	20.0000	-4.2727	-18.8409	مخزون	سجلّ
2026-09-10	TANH	T-C	reg	ضعيف	لا	10-30%	لا	4.8091	4.8091	4.8091	4.8091	-3.7309	4.8091	2.0000	4.8091		8.0000	3.0408	15.4195	مخزون	سجلّ
2026-09-10	TNON	T-C	pre	قوي	J1	≥30%	نعم	1.6575	6.9061	9.1160	9.1160	-8.0110	68.5083	740.0000	-8.0110	289.0000	4.0000	46.9530	124.8619	مخزون	سجلّ
2026-09-10	TURB	R1	reg	ضعيف	لا	<10%	لا	0.0000	3.3989	3.3989	3.3989	-0.9009	5.6511	305.0000	-0.9009			4.0131	-0.6061	مخزون	سجلّ
2026-09-10	VIOT	R1	reg	ضعيف	لا	10-30%	لا	0.8893	5.3658	5.3658	5.3658	-5.0893	11.3519	202.0000	-5.8366	202.0000		1.6366	1.6366	مخزون	سجلّ
2026-09-10	YMAT	R1	after	ضعيف	لا	<10%	لا	0.2160	0.2160	0.2160	0.2160	-1.5119	0.2160	4.0000	-1.5119				-9.7192	مخزون	سجلّ
2026-09-11	ADXN	R1	reg	؟	؟	<10%	لا												-0.7827	مخزون	شموع
2026-09-11	AEHL	T-C	reg	متوسط	لا	10-30%	لا	2.1111	2.1111	2.1111	2.1111	-11.5556	2.6667	85.0000	-11.5556		2.0000	-12.2778	-31.6667	مخزون	سجلّ
2026-09-11	AIXC	T-C	reg	ضعيف	لا	10-30%	لا	0.0000	0.0000	0.0000	2.4792	-3.3018	2.5014	119.0000	-3.8355		1.0000	-2.1568	-3.6131	مخزون	سجلّ
2026-09-11	BDRX	R1	pre	قوي	J1	≥30%	نعم	2.4906	10.1940	10.1940	10.1940	-10.7340	70.8067	543.0000	-11.0646	8.0000		42.2636	42.1644	مخزون	سجلّ
2026-09-11	BTCT	R1	pre	ضعيف	لا	10-30%	لا	5.2147	5.2147	5.2147	5.2147	-3.3340	6.2011	70.0000	-3.3340		13.0000	-5.9512	-7.2795	مخزون	سجلّ
2026-09-11	CDTG	T-C	reg	ضعيف	لا	10-30%	لا	5.8065	5.8065	19.3548	19.3548	-1.9355	19.3548	18.0000	-0.6452	18.0000	51.0000	-10.6452	-10.9677	مخزون	سجلّ
2026-09-11	CRMT	T-C	reg	ضعيف	لا	10-30%	لا	2.9024	4.4855	9.2296	12.9288	0.4908	12.9288	38.0000	0.4908	37.0000	326.0000	-1.8417	2.9024	مخزون	سجلّ
2026-09-11	EUDA	R1	reg	ضعيف	لا	<10%	لا	1.4706	2.9412	2.9412	2.9412	0.0000	2.9412	7.0000	0.0000			-1.1029		مخزون	سجلّ
2026-09-11	FGL	T-C	after	ضعيف	لا	10-30%	لا	19.0083	19.0083	19.0083	19.0083	1.1938	20.6612	94.0000	1.1938	1.0000	11.0000		-3.5813	مخزون	سجلّ
2026-09-11	FTFT	T-C	pre	ضعيف	لا	10-30%	لا	24.2678	40.1674	42.2552	42.2552	10.8745	42.2552	21.0000	10.8745	1.0000		19.2469	38.0502	مخزون	سجلّ
2026-09-11	GAUZ	T-C	reg	ضعيف	لا	10-30%	لا	-2.8117	-2.8117	-2.8117	-2.8117	-11.8582	-2.8117	1.0000	-10.8802		1.0000	-11.9804	-7.5795	مخزون	سجلّ
2026-09-11	GNLN	T-C	reg	؟	؟	10-30%	لا	-0.9968	-0.9968	-0.9968	-0.9968	-6.7524	-0.9968	4.0000	-3.5370		4.0000	-5.1125	-5.1447	مخزون	شموع
2026-09-11	HCAI	R1	pre	قوي	لا	<10%	لا	0.0000	0.9524	10.0000	22.7619	-2.3810	32.1333	269.0000	-2.3810	39.0000		10.0000	6.6667	مخزون	سجلّ
2026-09-11	IMMP	T-C	after	متوسط	لا	10-30%	لا	5.2909	5.2909	5.2909	5.2909	-6.5544	5.2909	2.0000	-4.8434		1.0000		-9.9763	مخزون	سجلّ
2026-09-11	KPTI	R1	reg	ضعيف	لا	<10%	لا	11.8056	11.8056	12.4444	12.5000	9.3750	13.1597	200.0000	9.3750	1.0000		11.1111	8.3333	مخزون	سجلّ
2026-09-11	LBGJ	T-C	pre	قوي	J1	≥30%	لا	0.3696	5.8366	5.8366	5.8366	-5.4475	10.5058	96.0000	-5.4475	95.0000	1.0000	-12.4086	-13.2296	مخزون	سجلّ
2026-09-11	NCRA	T-C	reg	ضعيف	لا	10-30%	لا	-0.4420	2.2367	2.2367	2.2367	-1.7813	7.1476	250.0000	-1.7813		1.0000	-0.8884	4.4689	مخزون	سجلّ
2026-09-11	NCT	R1	after	قوي	لا	10-30%	لا	6.1655	17.5006	17.5006	17.5006	-11.3825	17.5006	13.0000	-7.2563	12.0000			20.1091	مخزون	سجلّ
2026-09-11	PCLA	T-C	pre	؟	؟	10-30%	لا	6.4935	12.5515	12.5515	12.5515	-2.0779	33.7662	361.0000	-2.0779	15.0000	1.0000	-12.6407	-33.3333	مخزون	شموع
2026-09-11	PSIG	R1	reg	قوي	لا	10-30%	لا	-1.5416	-1.1822	6.7232	6.7232	-5.4943	6.7232	29.0000	-5.4943		208.0000	-3.3382	-10.8843	مخزون	سجلّ
2026-09-11	RDIB	R1	reg	متوسط	لا	10-30%	لا	3.7866	3.7866	3.7866	3.7866	-2.4670	3.7866	2.0000	0.0000			-2.4096	-3.0407	مخزون	سجلّ
2026-09-11	SCNI	R1	after	متوسط	لا	10-30%	لا	4.9751	6.9652	6.9652	6.9652	-5.4726	6.9652	9.0000	-3.9801				16.4179	مخزون	سجلّ
2026-09-11	SGRX	R1	reg	قوي	لا	≥30%	لا	-0.5804	0.5689	0.5689	2.2930	-5.1204	2.2930	38.0000	-5.1204		1.0000	-0.5804	-8.6259	مخزون	سجلّ
2026-09-11	SXTC	R1	pre	ضعيف	لا	10-30%	لا	3.8793	3.8793	3.8793	3.8793	-6.7155	29.3103	586.0000	-10.7759	310.0000	1.0000	8.6207	3.4612	مخزون	سجلّ
2026-09-11	TANH	T-C	reg	؟	؟	10-30%	لا	0.0000	0.0000	0.0000	0.0000	-33.1921	0.0000	3.0000	0.0000		3.0000	-23.0769	-29.6452	مخزون	شموع
2026-09-11	TNON	T-C	pre	قوي	لا	10-30%	نعم	0.4601	6.4417	16.5644	17.0245	-2.3006	66.2577	348.0000	-2.3006	22.0000	508.0000	-9.1135	-14.2638	مخزون	سجلّ
2026-09-11	TRUG	R1	pre	قوي	لا	10-30%	نعم	16.7883	19.6594	26.5207	48.4185	0.0000	86.4234	537.0000	0.0000	1.0000		58.3942	48.1995	مخزون	سجلّ
2026-09-11	UPC	T-C	reg	؟	؟	10-30%	لا	6.0773	6.0773	6.0773	6.0773	-4.9724	6.0773	1.0000	1.8785		2.0000	-1.2155	-3.6464	مخزون	شموع
2026-09-11	VMAR	R1	reg	ضعيف	لا	<10%	لا	0.0314	1.6019	1.6019	2.1735	-4.6843	4.1741	260.0000	-4.6843			3.6025	2.1735	مخزون	سجلّ
2026-09-11	VSME	T-C	after	قوي	J1	10-30%	لا	11.2069	11.2069	11.2069	11.2069	-3.4483	18.1034	122.0000	-3.4483	5.0000			10.3448	مخزون	سجلّ
2026-09-14	AIXC	T-C	reg	ضعيف	لا	10-30%	لا	0.0000	0.0000	0.9434	0.9434	-4.7170	23.5849	505.0000	-5.6604	170.0000	5.0000	10.3774	7.5472	مخزون	سجلّ
2026-09-14	BMGL	T-C	pre	متوسط	لا	10-30%	لا	37.7585	43.9222	43.9222	43.9222	-11.3209	49.4327	98.0000	-11.3209	1.0000		17.1799	-0.6483	مخزون	سجلّ
2026-09-14	CTNT	R1	reg	متوسط	لا	<10%	لا	-19.9101	-19.9101	-19.9101	-19.9101	-38.6962	-19.9101	1.0000	-20.5523		8.0000	-50.9955	-73.8279	مخزون	سجلّ
2026-09-14	DRCT	T-C	pre	متوسط	لا	10-30%	لا	2.3743	2.3743	2.3743	33.6009	-22.0033	33.6009	49.0000	-22.0033	49.0000	2.0000	-13.2462	-13.0059	مخزون	سجلّ
2026-09-14	EUDA	T-C	reg	؟	؟	10-30%	لا	2.4764	2.4764	6.0962	16.4555	1.8523	16.4555	54.0000	1.8523	51.0000	146.0000	1.7587		مخزون	شموع
2026-09-14	FTFT	R1	reg	ضعيف	لا	10-30%	نعم	32.8125	35.6250	64.0625	64.0625	15.3156	196.2500	368.0000	15.3156	1.0000		150.9375	98.1250	مخزون	سجلّ
2026-09-14	LHSW	T-C	pre	ضعيف	لا	10-30%	لا	14.3335	23.4311	23.4311	23.4311	1.2625	33.7727	314.0000	-10.7872	1.0000	6.0000	15.3918	9.5433	مخزون	سجلّ
2026-09-14	MYSZ	T-C	after	قوي	لا	10-30%	لا	2.1220	7.8691	7.8691	7.8691	-3.6251	11.4058	88.0000	-3.6251	87.0000			5.2166	مخزون	سجلّ
2026-09-14	NCT	T-C	pre	قوي	J1	≥30%	لا	0.7015	4.0959	4.0959	4.0959	-3.3265	28.5811	216.0000	-3.5528	88.0000	383.0000	10.8848	-30.5952	مخزون	سجلّ
2026-09-14	SCNI	T-C	pre	قوي	J1	≥30%	لا	-5.1471	-5.1471	-5.1471	-5.1471	-13.2426	-1.8382	156.0000	-18.7500		6.0000	-11.3971	-31.9853	مخزون	سجلّ
2026-09-14	TNON	R1	pre	متوسط	لا	<10%	لا	1.0733	8.7657	14.3113	14.3113	-4.8301	14.3113	18.0000	-4.8301	16.0000		-0.5367	13.5957	مخزون	سجلّ
2026-09-14	TRUG	R1	reg	ضعيف	لا	<10%	لا	8.2140	8.2140	8.2140	8.2140	-1.4145	12.1506	242.0000	-2.1302	132.0000		8.6742	26.6701	مخزون	سجلّ
2026-09-14	UZX	T-C	pre	قوي	J1	10-30%	لا	-18.9251	-17.2597	-9.2354	-3.1037	-24.4512	-3.1037	40.0000	-24.4512		1.0000	-29.8259	-39.8183	مخزون	سجلّ
2026-09-14	VEEA	T-C	reg	ضعيف	لا	10-30%	نعم	13.0496	16.9737	16.9737	16.9737	-6.5167	130.9908	467.0000	-6.5167	1.0000	15.0000	23.9198	135.3334	مخزون	سجلّ
2026-09-14	VSME	T-C	pre	ضعيف	لا	10-30%	لا	-4.4776	-4.4776	-3.7313	-1.4925	-9.7015	7.4627	157.0000	-9.7015		6.0000	-1.1194	-13.4328	مخزون	سجلّ
2026-09-15	BDRX	R1	reg	قوي	لا	10-30%	لا	-50.1946	-49.8054	-49.8054	-49.8054	-56.0311	-44.3580	79.0000	-56.0311		20.0000	-48.4436		مخزون	سجلّ
2026-09-15	CDT	R1	reg	ضعيف	لا	<10%	لا	0.0000	0.0000	0.0000	0.0000	-6.0534	3.6220	141.0000	-6.0534			-1.5253		مخزون	سجلّ
2026-09-15	CLNN	T-C	reg	ضعيف	لا	10-30%	لا	3.5961	3.5961	3.5961	3.5961	-0.8650	3.5961	2.0000	0.0000			-0.3693		مخزون	سجلّ
2026-09-15	GVH	T-C	reg	قوي	لا	10-30%	لا	-3.8045	-3.8045	-3.8045	-3.8045	-11.2782	0.7519	239.0000	-12.0301		13.0000	-3.7594		مخزون	سجلّ
2026-09-15	HQ	R1	reg	ضعيف	لا	10-30%	لا	0.5595	0.5595	4.7095	13.3289	-5.2666	13.3289	56.0000	-5.2666	45.0000		5.5874		مخزون	سجلّ
2026-09-15	IPW	T-C	reg	ضعيف	لا	10-30%	نعم	0.8299	0.8299	3.7344	37.7593	-6.4647	73.4440	202.0000	-6.4647	41.0000	7.0000	8.2988		مخزون	سجلّ
2026-09-15	MEDS	R1	reg	ضعيف	لا	<10%	نعم	0.0000	7.5126	9.5635	62.3163	-0.3565	322.2417	87.0000	-0.3565	50.0000		78.7673		مخزون	سجلّ
2026-09-15	MYSZ	T-C	pre	قوي	J1	≥30%	لا	-22.4026	-22.0779	-18.8312	-17.8571	-28.2468	-15.5844	185.0000	-32.7922		55.0000	-25.0000		مخزون	سجلّ
2026-09-15	NAMI	T-C	reg	قوي	لا	10-30%	نعم	7.4074	7.4074	7.4074	7.4074	-4.1667	75.9259	282.0000	-5.5556	222.0000	45.0000	5.0926		مخزون	سجلّ
2026-09-15	NEXR	T-C	reg	؟	؟	10-30%	لا	5.4645	5.4645	5.4645	5.4645	-8.6885	6.5574	90.0000	-8.6885		3.0000	-13.1148		مخزون	شموع
2026-09-15	PDSB	T-C	reg	متوسط	لا	10-30%	نعم	7.3975	13.2907	27.2409	27.2409	-2.4521	55.6357	155.0000	-2.4521	6.0000		20.5131		مخزون	سجلّ
2026-09-15	PFSA	R1	reg	ضعيف	لا	<10%	لا	0.9599	7.5637	7.5637	7.5637	-1.2468	7.5637	8.0000	-1.2468					مخزون	سجلّ
2026-09-15	PHOE	T-C	reg	متوسط	لا	10-30%	لا	-5.8777	-5.8777	-5.8777	-5.8777	-21.4866	-5.8777	3.0000	-5.8777		4.0000	-10.6413		مخزون	سجلّ
2026-09-15	PN	T-C	reg	متوسط	لا	10-30%	لا	-0.7758	-0.3675	-0.3675	-0.3675	-8.1258	-0.3675	9.0000	-3.2258		1.0000	-1.5925		مخزون	سجلّ
2026-09-15	PTLE	T-C	reg	ضعيف	لا	10-30%	لا	4.2128	4.2128	4.2128	4.2128	-8.3524	4.2128	1.0000	0.6865		12.0000	-14.1876		مخزون	سجلّ
2026-09-15	RETO	R1	reg	قوي	لا	10-30%	نعم	55.6593	104.5808	104.5808	197.9764	-4.4252	1678.9638	326.0000	-4.4252	1.0000		658.2833		مخزون	سجلّ
2026-09-15	SLXN	T-C	pre	متوسط	لا	10-30%	لا	6.2969	12.5256	20.4592	20.4592	-1.4776	20.4592	26.0000	1.3867	13.0000	5.0000	-22.8688		مخزون	سجلّ
2026-09-15	STAK	R1	after	متوسط	لا	10-30%	لا	-1.6260	-1.6260	-1.6260	1.6260	-8.9431	6.5041	199.0000	-8.9431		1.0000			مخزون	سجلّ
2026-09-15	TNON	T-C	pre	قوي	لا	10-30%	لا	2.9112	2.9112	2.9112	2.9112	-11.2082	2.9112	2.0000	-1.6012		9.0000	-26.7817		مخزون	سجلّ
2026-09-15	UPLD	T-C	reg	ضعيف	لا	10-30%	لا	-0.2625	0.2283	1.5774	2.3622	-1.5013	3.6745	117.0000	-2.6982		2.0000	-1.4436		مخزون	سجلّ
2026-09-15	VEEA	T-C	pre	؟	؟	≥30%	نعم	0.7732	0.7732	0.7732	0.7732	-11.7268	93.0412	499.0000	-14.4330	216.0000	7.0000	46.7784		مخزون	شموع
2026-09-15	VWAV	T-C	reg	قوي	لا	10-30%	لا	5.6752	5.6752	5.6752	5.6752	-5.0365	5.6752	1.0000	1.1131		3.0000	-3.1569		مخزون	سجلّ
2026-09-15	WNW	T-C	after	؟	؟	10-30%	لا	9.2308	9.2308	9.2308	9.2308	-3.0769	9.2308	5.0000	-2.3077		1.0000			مخزون	شموع
2026-09-15	ZSQR	R1	reg	ضعيف	لا	<10%	لا	0.4338	0.4338	0.4338	0.4338	-3.9479	0.4338	1.0000	-0.2126			0.0000		مخزون	سجلّ
