date	sym	half	tod	tier	gap	trig	e5	alow	risk_pct	H0_out	H0_R	HN_out	HN_R	HN_t	HN_day	HC0_out	HC0_R	HX2_R	HD_R	mom_lvl	mom_out	mom_R
2026-08-18	AIHS	H1	reg	؟	؟	قبل الشحن	1.5823	1.4700	7.10	loss	-2.3169	loss	-2.3169	49.0	2026-08-18	loss	-2.3169	-2.3169	—	D0	window	0.5280
2026-08-18	AIXC	H1	reg	؟	؟	قبل الشحن	1.1900	0.9131	23.27	win	0.3453	window	0.3478	384.0	2026-08-18	window	0.3478	0.2070	—	D1	window	0.0942
2026-08-18	AUUD	H1	reg	؟	؟	قبل الشحن	1.0503	0.9999	4.80	window	0.3041	window	0.0118	344.0	2026-08-18	window	0.0118	-1.4587	—	D1	—	—
2026-08-18	BAOS	H1	pre	؟	؟	قبل الشحن	0.4577	0.5496	—	—	—	—	—	—	—	—	—	—	—	—	—	—
2026-08-18	BIAF	H1	pre	؟	؟	قبل الشحن	0.4900	0.3999	18.39	win	0.4370	window	-0.2901	475.0	2026-08-18	window	-0.2901	-0.3151	—	D1	window	-0.4774
2026-08-18	CCHH	H1	after	؟	؟	قبل الشحن	1.4000	1.4887	—	—	—	—	—	—	—	—	—	—	—	—	—	—
2026-08-18	CMND	H1	reg	؟	؟	قبل الشحن	2.2000	1.9050	13.41	loss	-1.1029	loss	-1.1029	101.0	2026-08-18	loss	-1.1029	-1.1029	—	D0	—	—
2026-08-18	CNET	H1	after	؟	؟	قبل الشحن	1.6100	1.5300	4.97	loss	-1.6254	loss	-1.6254	5.0	2026-08-19	—	—	-1.6254	-1.6254	D1	—	—
2026-08-18	CRE	H1	after	؟	؟	قبل الشحن	2.7000	2.6000	3.70	loss	-1.4458	loss	-1.4458	1.0	2026-08-19	—	—	-1.4458	-1.4458	D1	loss	-2.2356
2026-08-18	CXAI	H1	after	؟	؟	قبل الشحن	5.4380	4.7500	12.65	win	0.6351	loss	-1.1782	11.0	2026-08-19	—	—	-1.1782	-1.1782	D1	window	344.6552
2026-08-18	DAIC	H1	after	؟	؟	قبل الشحن	0.4693	0.4098	12.68	loss	-1.5861	loss	-1.5861	1.0	2026-08-19	—	—	-1.5861	-1.5861	D1	—	—
2026-08-18	GNPX	H1	reg	؟	؟	قبل الشحن	4.5000	4.2600	5.33	loss	-1.2987	loss	-1.2987	43.0	2026-08-18	loss	-1.2987	-1.2987	—	D1	window	-0.7967
2026-08-18	HCWB	H1	pre	؟	؟	قبل الشحن	2.6700	2.7100	—	—	—	—	—	—	—	—	—	—	—	—	—	—
2026-08-18	ICCM	H1	reg	؟	؟	قبل الشحن	2.7950	2.7713	0.85	loss	-3.0317	loss	-3.0317	6.0	2026-08-18	loss	-3.0317	-3.0317	—	D1	—	—
2026-08-18	LGHL	H1	after	؟	؟	قبل الشحن	0.6414	0.6259	2.42	loss	-1.9084	loss	-1.9084	5.0	2026-08-19	—	—	-1.9084	-1.9084	D1	loss	-1.7491
2026-08-18	MSS	H1	after	؟	؟	قبل الشحن	1.6200	1.6000	1.23	loss	-3.0548	loss	-3.0548	1.0	2026-08-19	—	—	-3.0548	-3.0548	D1	loss	-2.7465
2026-08-18	PBK	H1	pre	؟	؟	قبل الشحن	0.4845	0.5142	—	—	—	—	—	—	—	—	—	—	—	—	—	—
2026-08-18	PFSA	H1	pre	؟	؟	قبل الشحن	11.0200	8.6400	21.60	win	0.3721	loss	-1.0870	231.0	2026-08-18	loss	-1.0870	-1.0870	—	D1	window	0.4434
2026-08-18	PSIG	H1	reg	؟	؟	قبل الشحن	1.2800	1.3000	—	—	—	—	—	—	—	—	—	—	—	—	—	—
2026-08-18	SAGT	H1	reg	؟	؟	قبل الشحن	0.8915	0.7639	14.31	loss	-1.3150	loss	-1.3150	10.0	2026-08-18	loss	-1.3150	-1.3150	—	D1	window	-0.4769
2026-08-18	SGLY	H1	pre	؟	؟	قبل الشحن	5.3000	6.0541	—	—	—	—	—	—	—	—	—	—	—	—	—	—
2026-08-18	SILO	H1	after	؟	؟	قبل الشحن	3.5400	3.2500	8.19	loss	-1.3538	loss	-1.3538	1.0	2026-08-19	—	—	-1.3538	-1.3538	—	—	—
2026-08-18	SLE	H1	pre	؟	؟	قبل الشحن	3.2099	3.0000	6.54	win	1.2289	window	9.2727	411.0	2026-08-18	window	9.2727	7.9626	—	D1	loss	-1.7654
2026-08-18	SPRC	H1	pre	؟	؟	قبل الشحن	7.0900	6.6660	5.98	loss	-1.8056	loss	-1.8056	27.0	2026-08-18	loss	-1.8056	-1.8056	—	D1	—	—
2026-08-18	TGL	H1	after	؟	؟	قبل الشحن	3.3300	3.0300	9.01	win	0.8920	loss	-1.1677	68.0	2026-08-19	—	—	-1.1677	-1.1677	D3	—	—
2026-08-18	TWG	H1	after	؟	؟	قبل الشحن	1.6600	1.3000	21.69	window	-0.6553	loss	-1.1304	582.0	2026-08-19	—	—	-1.1304	-1.1304	D1	—	—
2026-08-18	WFF	H1	pre	؟	؟	قبل الشحن	2.7000	2.3000	14.81	window	-0.6119	loss	-1.1138	674.0	2026-08-18	loss	-1.1138	-1.1138	—	D1	window	2.1486
2026-08-18	WSHP	H1	reg	؟	؟	قبل الشحن	4.9200	4.6300	5.89	window	-0.8110	window	-0.8110	15.0	2026-08-18	window	-0.8110	-0.8110	—	D0	window	-0.0907
2026-08-19	AIXC	H1	reg	؟	؟	قبل الشحن	1.2782	1.1900	6.90	win	1.1645	window	2.6565	345.0	2026-08-19	window	2.6565	1.0986	—	D1	—	—
2026-08-19	ARBK	H1	reg	؟	؟	قبل الشحن	2.9511	2.9400	0.38	loss	-7.2031	loss	-7.2031	6.0	2026-08-19	loss	-7.2031	-7.2031	—	D0	—	—
2026-08-19	AZI	H1	pre	؟	؟	قبل الشحن	1.0798	1.3100	—	—	—	—	—	—	—	—	—	—	—	—	—	—
2026-08-19	BAOS	H1	pre	؟	؟	قبل الشحن	0.4457	0.4350	2.40	window	1.0369	window	6.0853	386.0	2026-08-19	window	6.0853	1.4866	—	D1	loss	-1.7055
2026-08-19	BDRX	H1	pre	؟	؟	قبل الشحن	1.4340	1.5000	—	—	—	—	—	—	—	—	—	—	—	—	—	—
2026-08-19	BIVI	H1	after	؟	؟	قبل الشحن	1.6800	1.3900	17.26	win	0.4655	window	0.5062	1413.0	2026-08-20	—	—	0.9464	0.5062	D1	loss	-1.2205
2026-08-19	BRNX	H1	reg	؟	؟	قبل الشحن	3.7200	3.1900	14.25	loss	-1.4527	loss	-1.4527	3.0	2026-08-19	loss	-1.4527	-1.4527	—	D1	window	-0.2783
2026-08-19	BTCT	H1	reg	؟	؟	قبل الشحن	0.6001	0.5392	10.15	win	0.7918	loss	-1.1863	36.0	2026-08-19	loss	-1.1863	-1.1863	—	D0	window	6.7076
2026-08-19	CDTG	H1	reg	؟	؟	قبل الشحن	2.7500	2.7300	0.73	loss	-8.0025	loss	-8.0025	1.0	2026-08-19	loss	-8.0025	-8.0025	—	D1	loss	-5.0592
2026-08-19	CHSN	H1	reg	؟	؟	قبل الشحن	1.1601	1.1300	2.59	loss	-2.2945	window	-0.0389	18.0	2026-08-19	window	-0.0389	-2.2945	—	D0	loss	-2.1491
2026-08-19	CISS	H1	reg	؟	؟	قبل الشحن	2.9700	3.0300	—	—	—	—	—	—	—	—	—	—	—	—	—	—
2026-08-19	CODX	H1	reg	؟	؟	قبل الشحن	1.0100	1.0490	—	—	—	—	—	—	—	—	—	—	—	—	—	—
2026-08-19	CXAI	H1	reg	؟	؟	قبل الشحن	4.3250	4.0083	7.32	window	0.1283	window	0.5779	358.0	2026-08-19	window	0.5779	0.5779	—	D1	loss	-1.2180
2026-08-19	EHGO	H1	pre	؟	؟	قبل الشحن	1.8000	1.7600	2.22	win	3.6161	loss	-14.1673	276.0	2026-08-19	loss	-14.1673	-14.1673	—	D1	loss	-1.5930
2026-08-19	ELAB	H1	reg	؟	؟	قبل الشحن	0.7600	0.7300	3.95	loss	-1.6340	loss	-1.6340	3.0	2026-08-19	loss	-1.6340	-1.6340	—	D1	—	—
2026-08-19	ELPW	H1	pre	؟	؟	قبل الشحن	4.2300	3.9700	6.15	loss	-1.2418	loss	-1.2418	4.0	2026-08-19	loss	-1.2418	-1.2418	—	D1	—	—
2026-08-19	EVAX	H1	pre	؟	؟	قبل الشحن	3.7954	3.9000	—	—	—	—	—	—	—	—	—	—	—	—	—	—
2026-08-19	FEMY	H1	pre	؟	؟	قبل الشحن	2.2900	2.1900	4.37	win	1.8402	window	3.4214	415.0	2026-08-19	window	3.4214	2.1692	—	D1	—	—
2026-08-19	FTFT	H1	after	؟	؟	قبل الشحن	1.0700	0.9647	9.84	loss	-1.2601	loss	-1.2601	1.0	2026-08-20	—	—	-1.2601	-1.2601	D1	—	—
2026-08-19	HUIZ	H1	pre	؟	؟	قبل الشحن	1.2800	1.3400	—	—	—	—	—	—	—	—	—	—	—	—	—	—
2026-08-19	HYPD	H1	reg	؟	؟	قبل الشحن	3.0700	2.9200	4.89	window	0.0529	window	-0.5619	43.0	2026-08-19	window	-0.5619	0.8098	—	D0	window	0.9746
2026-08-19	INHD	H1	reg	؟	؟	قبل الشحن	8.4000	8.1325	3.18	loss	-2.5217	loss	-2.5217	43.0	2026-08-19	loss	-2.5217	-2.5217	—	D1	loss	-2.1323
2026-08-19	INLF	H1	pre	؟	؟	قبل الشحن	5.2110	5.2463	—	—	—	—	—	—	—	—	—	—	—	—	—	—
2026-08-19	IVDA	H1	reg	؟	؟	قبل الشحن	0.3991	0.3828	4.08	loss	-1.4407	loss	-1.4407	3.0	2026-08-19	loss	-1.4407	-1.4407	—	D1	window	0.0437
2026-08-19	KWM	H1	pre	؟	؟	قبل الشحن	2.5211	2.7600	—	—	—	—	—	—	—	—	—	—	—	—	—	—
2026-08-19	LGCL	H1	reg	؟	؟	قبل الشحن	0.1398	0.1358	2.86	loss	-1.8726	loss	-1.8726	2.0	2026-08-19	loss	-1.8726	-1.8726	—	D0	loss	-1.8889
2026-08-19	LGHL	H1	reg	؟	؟	قبل الشحن	0.7050	0.6401	9.21	win	0.8729	window	-0.2545	34.0	2026-08-19	window	-0.2545	-1.3400	—	D0	window	1.1999
2026-08-19	MIMI	H1	reg	؟	؟	قبل الشحن	2.1055	1.9199	8.82	window	-0.7079	window	-0.9725	301.0	2026-08-19	window	-0.9725	-0.7079	—	D1	window	-0.2591
2026-08-19	MSS	H1	pre	؟	؟	قبل الشحن	1.9500	1.9200	1.54	loss	-2.5123	loss	-2.5123	20.0	2026-08-19	loss	-2.5123	-2.5123	—	D1	—	—
2026-08-19	NWGL	H1	reg	؟	؟	قبل الشحن	0.4999	0.4402	11.94	loss	-1.1018	loss	-1.1018	96.0	2026-08-19	loss	-1.1018	-1.1018	—	D0	window	1.8938
2026-08-19	PSIG	H1	reg	؟	؟	قبل الشحن	2.1150	2.1300	—	—	—	—	—	—	—	—	—	—	—	—	—	—
2026-08-19	QTEX	H1	reg	؟	؟	قبل الشحن	1.1450	1.2100	—	—	—	—	—	—	—	—	—	—	—	—	—	—
2026-08-19	RDAC	H1	pre	؟	؟	قبل الشحن	17.3100	17.4300	—	—	—	—	—	—	—	—	—	—	—	—	—	—
2026-08-19	SCKT	H1	reg	؟	؟	قبل الشحن	0.7300	0.7090	2.88	loss	-1.6199	loss	-1.6199	20.0	2026-08-19	loss	-1.6199	-1.6199	—	D1	loss	-1.8192
2026-08-19	SUGP	H1	reg	؟	؟	قبل الشحن	2.8400	2.6301	7.39	loss	-1.3088	window	-0.8031	82.0	2026-08-19	window	-0.8031	-1.3088	—	D0	window	2.1536
2026-08-19	TGL	H1	pre	؟	؟	قبل الشحن	3.0194	3.2900	—	—	—	—	—	—	—	—	—	—	—	—	—	—
2026-08-19	TRUG	H1	reg	؟	؟	قبل الشحن	1.0850	1.0400	4.15	loss	-1.7471	loss	-1.7471	3.0	2026-08-19	loss	-1.7471	-1.7471	—	D1	loss	-1.3453
2026-08-19	VRAX	H1	pre	؟	؟	قبل الشحن	3.6200	2.8800	20.44	win	0.3931	loss	-1.0786	252.0	2026-08-19	loss	-1.0786	-1.0786	—	D1	—	—
2026-08-19	WXM	H1	pre	؟	؟	قبل الشحن	4.3900	5.3900	—	—	—	—	—	—	—	—	—	—	—	—	—	—
2026-08-19	XOS	H1	after	؟	؟	قبل الشحن	3.0200	2.9100	3.64	window	-0.9367	loss	-1.4322	171.0	2026-08-20	—	—	-1.4322	-1.4322	D1	loss	-1.4854
2026-08-19	YHC	H1	after	؟	؟	قبل الشحن	1.9201	1.8600	3.13	loss	-2.2341	loss	-2.2341	7.0	2026-08-20	—	—	-2.2341	-2.2341	D1	loss	-1.8842
2026-08-19	YJ	H1	pre	؟	؟	قبل الشحن	2.1900	1.8600	15.07	win	0.5333	window	6.2505	598.0	2026-08-19	window	6.2505	4.4297	—	D1	window	-0.8168
2026-08-19	YXT	H1	pre	؟	؟	قبل الشحن	3.2670	3.1400	3.89	win	2.0671	loss	-1.5632	14.0	2026-08-19	loss	-1.5632	-1.5632	—	D1	loss	-1.8148
2026-08-19	ZYBT	H1	reg	؟	؟	قبل الشحن	1.9799	1.7350	12.37	loss	-1.4370	loss	-1.4370	2.0	2026-08-19	loss	-1.4370	-1.4370	—	D1	window	-0.1444
2026-08-20	BAOS	H1	pre	؟	؟	قبل الشحن	0.6350	0.4988	21.45	loss	-1.0743	loss	-1.0743	28.0	2026-08-20	loss	-1.0743	-1.0743	—	D1	window	0.6811
2026-08-20	BOXL	H1	reg	ضعيف	؟	قبل الشحن	5.6100	5.0950	9.18	win	0.8753	window	0.3585	30.0	2026-08-20	window	0.3585	-0.5143	—	D0	window	1.3161
2026-08-20	BTCT	H1	pre	؟	؟	قبل الشحن	1.4700	1.3500	8.16	loss	-1.3558	loss	-1.3558	66.0	2026-08-20	loss	-1.3558	-1.3558	—	D1	—	—
2026-08-20	CDTG	H1	reg	؟	؟	قبل الشحن	3.8301	3.3700	12.01	win	0.6689	loss	-1.1836	63.0	2026-08-20	loss	-1.1836	-1.1836	—	D1	loss	-1.1593
2026-08-20	CELZ	H1	pre	؟	؟	قبل الشحن	1.2598	1.2000	4.75	loss	-1.3504	loss	-1.3504	10.0	2026-08-20	loss	-1.3504	-1.3504	—	D1	window	0.3831
2026-08-20	CIRC	H1	pre	؟	؟	قبل الشحن	0.7254	0.6809	6.13	loss	-1.3329	loss	-1.3329	3.0	2026-08-20	loss	-1.3329	-1.3329	—	D1	window	-0.4124
2026-08-20	CISS	H1	reg	؟	؟	قبل الشحن	2.9300	2.8200	3.75	loss	-1.6114	loss	-1.6114	56.0	2026-08-20	loss	-1.6114	-1.6114	—	D1	loss	-1.5856
2026-08-20	DBGI	H1	reg	؟	؟	قبل الشحن	7.9582	7.5100	5.63	win	1.4268	window	2.7985	316.0	2026-08-20	window	2.7985	3.0834	—	D1	window	0.1053
2026-08-20	ENVX	H1	pre	؟	؟	قبل الشحن	3.4300	3.3800	1.46	loss	-2.4946	loss	-2.4946	33.0	2026-08-20	loss	-2.4946	-2.4946	—	D1	—	—
2026-08-20	EVAX	H1	pre	؟	؟	قبل الشحن	3.8700	3.5900	7.24	loss	-1.2417	loss	-1.2417	2.0	2026-08-20	loss	-1.2417	-1.2417	—	D1	loss	-1.8208
2026-08-20	FCUV	H1	reg	؟	؟	قبل الشحن	8.9400	8.1499	8.84	window	-0.9106	loss	-1.3998	125.0	2026-08-20	loss	-1.3998	-1.3998	—	D1	window	-0.1609
2026-08-20	FEMY	H1	reg	؟	؟	قبل الشحن	2.7100	2.5800	4.80	loss	-1.3409	loss	-1.3409	7.0	2026-08-20	loss	-1.3409	-1.3409	—	D1	loss	-2.0334
2026-08-20	FGL	H1	pre	؟	؟	قبل الشحن	0.5647	0.3800	32.71	loss	-1.0996	loss	-1.0996	10.0	2026-08-20	loss	-1.0996	-1.0996	—	D1	window	-0.0366
2026-08-20	FRGT	H1	reg	؟	؟	قبل الشحن	1.7226	1.6400	4.80	loss	-2.4596	loss	-2.4596	24.0	2026-08-20	loss	-2.4596	-2.4596	—	D1	window	1.1362
2026-08-20	GMM	H1	after	ضعيف	؟	قبل الشحن	2.6100	2.6300	—	—	—	—	—	—	—	—	—	—	—	—	—	—
2026-08-20	HUIZ	H1	pre	؟	؟	قبل الشحن	1.8987	1.7200	9.41	loss	-1.5702	loss	-1.5702	5.0	2026-08-20	loss	-1.5702	-1.5702	—	D1	loss	-1.2066
2026-08-20	INDP	H1	reg	؟	؟	قبل الشحن	1.1380	1.0417	8.46	loss	-1.2356	loss	-1.2356	1.0	2026-08-20	loss	-1.2356	-1.2356	—	D1	loss	-1.1866
2026-08-20	JZ	H1	pre	؟	؟	قبل الشحن	2.1400	1.8000	15.89	win	0.5058	window	3.1518	395.0	2026-08-20	window	3.1518	0.0898	—	D2	—	—
2026-08-20	KWM	H1	reg	؟	؟	قبل الشحن	1.6700	1.5900	4.79	window	-0.4342	window	0.2411	278.0	2026-08-20	window	0.2411	1.8371	—	D1	loss	-1.3429
2026-08-20	LGHL	H1	reg	؟	؟	قبل الشحن	0.5800	0.5671	2.22	win	3.6130	window	5.2422	384.0	2026-08-20	window	5.2422	4.9453	—	D1	loss	-4.0018
2026-08-20	MGN	H1	pre	؟	؟	قبل الشحن	0.1505	0.1111	26.18	loss	-1.2655	loss	-1.2655	4.0	2026-08-20	loss	-1.2655	-1.2655	—	D1	window	-0.0232
2026-08-20	NWGL	H1	reg	ضعيف	؟	قبل الشحن	0.5890	0.5803	1.48	loss	-3.7165	loss	-3.7165	6.0	2026-08-20	loss	-3.7165	-3.7165	—	D0	window	17.8425
2026-08-20	PCLA	H1	reg	؟	؟	قبل الشحن	7.9300	6.8000	14.25	win	0.5639	loss	-1.1272	33.0	2026-08-20	loss	-1.1272	-1.1272	—	D1	window	-0.3989
2026-08-20	QNME	H1	reg	؟	؟	قبل الشحن	0.3614	0.3501	3.13	loss	-1.5970	loss	-1.5970	11.0	2026-08-20	loss	-1.5970	-1.5970	—	D1	loss	-1.4166
2026-08-20	RDAC	H1	after	ضعيف	؟	قبل الشحن	7.1100	6.7500	5.06	win	1.5871	loss	-1.2778	678.0	2026-08-21	—	—	-1.2778	-1.2778	D1	loss	-1.5215
2026-08-20	RITR	H1	pre	؟	؟	قبل الشحن	0.1421	0.0846	40.46	win	0.1986	loss	-1.0866	358.0	2026-08-20	loss	-1.0866	-1.0866	—	D1	window	0.0465
2026-08-20	SGLY	H1	pre	؟	؟	قبل الشحن	5.8098	3.0100	48.19	win	0.1667	window	-0.8719	595.0	2026-08-20	window	-0.8719	-1.0179	—	D1	window	0.1963
2026-08-20	SLE	H1	reg	؟	؟	قبل الشحن	4.4100	4.1100	6.80	win	1.1813	window	-0.6881	379.0	2026-08-20	window	-0.6881	-0.6226	—	D1	window	-0.0834
2026-08-20	SOBR	H1	reg	؟	؟	قبل الشحن	0.5392	0.5195	3.65	window	-0.9424	window	0.0447	326.0	2026-08-20	window	0.0447	-0.8726	—	D1	window	0.4151
2026-08-20	STKH	H1	pre	؟	؟	قبل الشحن	4.3200	3.9000	9.72	win	0.8265	loss	-1.1710	43.0	2026-08-20	loss	-1.1710	-1.1710	—	D1	window	-0.2431
2026-08-20	SUGP	H1	after	متوسط	؟	قبل الشحن	3.1800	2.9500	7.23	win	1.1110	loss	-1.2999	1184.0	2026-08-21	—	—	-1.2999	-1.2999	D1	window	0.8058
2026-08-20	SUPX	H1	reg	؟	؟	قبل الشحن	6.7073	6.6400	1.00	loss	-2.9038	loss	-2.9038	4.0	2026-08-20	loss	-2.9038	-2.9038	—	D1	loss	-3.3201
2026-08-20	TGHL	H1	pre	؟	؟	قبل الشحن	0.7043	0.8167	—	—	—	—	—	—	—	—	—	—	—	—	—	—
2026-08-20	WYHG	H1	reg	؟	؟	قبل الشحن	5.5750	5.3500	4.04	loss	-1.7078	loss	-1.7078	6.0	2026-08-20	loss	-1.7078	-1.7078	—	D1	window	0.2079
2026-08-20	YXT	H1	after	متوسط	؟	قبل الشحن	3.3620	3.1780	5.47	loss	-1.5952	loss	-1.5952	1.0	2026-08-21	—	—	-1.5952	-1.5952	D1	—	—
2026-08-20	ZSTK	H1	reg	؟	؟	قبل الشحن	4.8900	4.1700	14.72	win	0.5458	loss	-1.0891	40.0	2026-08-20	loss	-1.0891	-1.0891	—	D1	loss	-1.1406
2026-08-20	ZTG	H1	reg	؟	؟	قبل الشحن	2.1000	1.8524	11.79	loss	-1.1095	loss	-1.1095	1.0	2026-08-20	loss	-1.1095	-1.1095	—	D1	window	0.8504
2026-08-21	AIFU	H1	reg	؟	؟	قبل الشحن	17.5200	15.6670	10.58	win	0.7598	window	0.3505	201.0	2026-08-21	window	0.3505	0.3505	—	D1	window	0.5787
2026-08-21	BAOS	H1	pre	ضعيف	؟	قبل الشحن	0.4500	0.4380	2.67	loss	-1.6518	loss	-1.6518	30.0	2026-08-21	loss	-1.6518	-1.6518	—	D1	loss	-1.9791
2026-08-21	BTOG	H1	reg	ضعيف	؟	قبل الشحن	3.9000	3.9700	—	—	—	—	—	—	—	—	—	—	—	—	—	—
2026-08-21	CDTG	H1	after	متوسط	؟	قبل الشحن	1.4500	1.1699	19.32	window	-0.7930	loss	-1.0903	3878.0	2026-08-24	—	—	-1.0903	-1.0903	D1	loss	-1.3427
2026-08-21	DWSN	H1	reg	ضعيف	؟	قبل الشحن	3.1600	3.1000	1.90	loss	-2.3476	loss	-2.3476	32.0	2026-08-21	loss	-2.3476	-2.3476	—	D1	loss	-1.7857
2026-08-21	FEMY	H1	reg	ضعيف	؟	قبل الشحن	2.8400	2.7200	4.23	window	-0.0134	window	0.4777	383.0	2026-08-21	window	0.4777	-0.0952	—	D1	loss	-1.5223
2026-08-21	IBG	H1	pre	متوسط	؟	قبل الشحن	1.0000	0.9500	5.00	win	1.6071	loss	-1.6483	7.0	2026-08-21	loss	-1.6483	-1.6483	—	D1	—	—
2026-08-21	INDP	H1	reg	ضعيف	؟	قبل الشحن	1.3766	1.3832	—	—	—	—	—	—	—	—	—	—	—	—	—	—
2026-08-21	KWM	H1	pre	ضعيف	؟	قبل الشحن	1.7915	1.8000	—	—	—	—	—	—	—	—	—	—	—	—	—	—
2026-08-21	LSTA	H1	reg	ضعيف	؟	قبل الشحن	1.3697	1.2050	12.02	win	0.6683	window	0.8968	301.0	2026-08-21	window	0.8968	1.4634	—	D1	—	—
2026-08-21	OLOX	H1	after	قوي	؟	قبل الشحن	2.5600	2.4000	6.25	loss	-1.5086	loss	-1.5086	2.0	2026-08-24	—	—	-1.5086	-1.5086	D1	loss	-1.2661
2026-08-21	OSRH	H1	pre	ضعيف	؟	قبل الشحن	0.2998	0.3307	—	—	—	—	—	—	—	—	—	—	—	—	—	—
2026-08-21	PSIG	H1	reg	ضعيف	؟	قبل الشحن	2.7488	2.5900	5.78	window	0.3786	window	-0.1161	185.0	2026-08-21	window	-0.1161	-0.7965	—	D0	window	4.5707
2026-08-21	RDAC	H1	pre	ضعيف	؟	قبل الشحن	7.5800	7.3500	3.03	loss	-1.8351	loss	-1.8351	2.0	2026-08-21	loss	-1.8351	-1.8351	—	D1	loss	-1.7124
2026-08-21	RENX	H1	pre	ضعيف	؟	قبل الشحن	1.9701	1.9800	—	—	—	—	—	—	—	—	—	—	—	—	—	—
2026-08-21	RITR	H1	pre	متوسط	؟	قبل الشحن	0.0835	0.0758	9.22	win	0.8714	window	-0.1681	413.0	2026-08-21	window	-0.1681	0.1252	—	D1	loss	-1.2554
2026-08-21	SDOT	H1	reg	ضعيف	؟	قبل الشحن	11.6660	12.3700	—	—	—	—	—	—	—	—	—	—	—	—	—	—
2026-08-21	SUGP	H1	pre	ضعيف	؟	قبل الشحن	4.0200	3.4744	13.57	win	0.5921	loss	-1.1292	371.0	2026-08-21	loss	-1.1292	-1.1292	—	D1	window	0.5211
2026-08-21	SXTC	H1	pre	ضعيف	؟	قبل الشحن	4.3700	4.3400	0.69	win	11.7054	loss	-4.2471	16.0	2026-08-21	loss	-4.2471	-4.2471	—	D1	loss	-4.3290
2026-08-21	TRON	H1	reg	قوي	؟	قبل الشحن	2.2690	1.9400	14.50	loss	-1.0937	loss	-1.0937	57.0	2026-08-21	loss	-1.0937	-1.0937	—	D1	window	0.1026
2026-08-21	VBIO	H1	reg	ضعيف	؟	قبل الشحن	0.1255	0.1240	1.20	loss	-2.3011	loss	-2.3011	13.0	2026-08-21	loss	-2.3011	-2.3011	—	D1	loss	-3.0967
2026-08-21	VIVK	H1	pre	قوي	؟	قبل الشحن	1.1800	1.0400	11.86	win	0.6773	loss	-1.1048	366.0	2026-08-21	loss	-1.1048	-1.1048	—	D1	window	-0.4092
2026-08-24	AIXC	H1	pre	ضعيف	<10%	قبل الشحن	1.0999	1.0200	7.26	loss	-1.2939	loss	-1.2939	88.0	2026-08-24	loss	-1.2939	-1.2939	—	D1	loss	-1.2293
2026-08-24	AIXI	H1	after	قوي	≥30%	قبل الشحن	0.6458	0.4717	26.96	win	0.2981	loss	-1.0685	55.0	2026-08-25	—	—	-1.0685	-1.0685	D1	—	—
2026-08-24	AMIX	H1	after	قوي	10-30%	قبل الشحن	7.7745	6.2000	20.25	win	0.3968	window	-0.4403	1434.0	2026-08-25	—	—	-0.7330	-0.4403	D1	—	—
2026-08-24	BCTX	H1	pre	قوي	10-30%	قبل الشحن	5.3580	4.0600	24.23	loss	-1.0871	loss	-1.0871	7.0	2026-08-24	loss	-1.0871	-1.0871	—	D1	window	-0.0333
2026-08-24	BTCT	H1	pre	قوي	10-30%	قبل الشحن	1.5500	1.3100	15.48	win	0.5190	window	0.6417	497.0	2026-08-24	window	0.6417	1.4397	—	D1	window	-0.8900
2026-08-24	CAPR	H1	pre	قوي	≥30%	قبل الشحن	8.0100	6.7400	15.86	loss	-1.1330	loss	-1.1330	8.0	2026-08-24	loss	-1.1330	-1.1330	—	D1	window	-0.6285
2026-08-24	DAIC	H1	pre	قوي	≥30%	قبل الشحن	1.7500	0.5021	71.31	win	0.1127	window	-0.0501	387.0	2026-08-24	window	-0.0501	1.6710	—	D1	—	—
2026-08-24	DBGI	H1	reg	ضعيف	<10%	قبل الشحن	8.4000	8.0700	3.93	window	0.1705	window	-1.1688	374.0	2026-08-24	window	-1.1688	-0.6926	—	D1	window	-1.0571
2026-08-24	DXST	H1	pre	قوي	≥30%	قبل الشحن	3.6602	3.3100	9.57	loss	-1.5477	loss	-1.5477	4.0	2026-08-24	loss	-1.5477	-1.5477	—	D1	—	—
2026-08-24	EJH	H1	reg	ضعيف	10-30%	قبل الشحن	1.4651	1.2550	14.34	window	-0.8729	loss	-1.1032	121.0	2026-08-24	loss	-1.1032	-1.1032	—	D1	—	—
2026-08-24	EMAT	H1	reg	قوي	10-30%	قبل الشحن	4.5500	4.0300	11.43	loss	-1.1225	loss	-1.1225	115.0	2026-08-24	loss	-1.1225	-1.1225	—	D1	window	-0.0690
2026-08-24	FFAI	H1	after	متوسط	<10%	قبل الشحن	3.5200	3.0300	13.92	window	-0.8100	loss	-1.1027	962.0	2026-08-25	—	—	-1.1027	-1.1027	D1	—	—
2026-08-24	FGL	H1	reg	متوسط	10-30%	قبل الشحن	0.2806	0.2900	—	—	—	—	—	—	—	—	—	—	—	—	—	—
2026-08-24	FLZH	H1	pre	قوي	<10%	قبل الشحن	0.2889	0.2598	10.07	window	-0.6363	loss	-1.6041	172.0	2026-08-24	loss	-1.6041	-1.6041	—	D1	—	—
2026-08-24	GIPR	H1	reg	ضعيف	10-30%	قبل الشحن	0.3653	0.3100	15.14	window	-0.6046	window	6.6700	372.0	2026-08-24	window	6.6700	4.2582	—	D1	window	0.1143
2026-08-24	JEM	H1	after	متوسط	<10%	قبل الشحن	4.8600	4.0500	16.67	win	0.4821	loss	-1.1155	71.0	2026-08-25	—	—	-1.1155	-1.1155	D1	—	—
2026-08-24	LGHL	H1	pre	قوي	10-30%	قبل الشحن	0.8587	0.6172	28.12	window	-0.7703	loss	-1.0762	246.0	2026-08-24	loss	-1.0762	-1.0762	—	D1	window	-0.2715
2026-08-24	MF	H1	reg	ضعيف	<10%	قبل الشحن	16.8800	16.8000	0.47	win	16.9554	window	6.6674	293.0	2026-08-24	window	6.6674	6.6674	—	D1	loss	-8.3268
2026-08-24	NAMI	H1	after	متوسط	<10%	قبل الشحن	2.4899	2.6000	—	—	—	—	—	—	—	—	—	—	—	—	—	—
2026-08-24	NNNN	H1	reg	ضعيف	10-30%	قبل الشحن	8.3900	7.3100	12.87	loss	-1.1635	loss	-1.1635	8.0	2026-08-24	loss	-1.1635	-1.1635	—	D1	—	—
2026-08-24	NVX	H1	reg	ضعيف	<10%	قبل الشحن	0.4597	0.3950	14.07	window	-0.6551	window	-0.7052	187.0	2026-08-24	window	-0.7052	-0.8510	—	D0	—	—
2026-08-24	NXTT	H1	pre	ضعيف	<10%	قبل الشحن	8.2500	7.7800	5.70	loss	-1.6409	loss	-1.6409	28.0	2026-08-24	loss	-1.6409	-1.6409	—	D1	loss	-1.4818
2026-08-24	OLOX	H1	pre	متوسط	10-30%	قبل الشحن	2.5750	2.4000	6.80	loss	-1.2959	loss	-1.2959	3.0	2026-08-24	loss	-1.2959	-1.2959	—	D1	—	—
2026-08-24	PSIG	H1	reg	ضعيف	<10%	قبل الشحن	2.5701	1.2300	52.14	window	-0.2542	window	-0.2469	52.0	2026-08-24	window	-0.2469	-0.3641	—	D0	loss	-1.1208
2026-08-24	RITR	H1	pre	قوي	≥30%	قبل الشحن	0.1288	0.1229	4.58	loss	-1.5959	loss	-1.5959	4.0	2026-08-24	loss	-1.5959	-1.5959	—	D1	loss	-1.6377
2026-08-24	SDOT	H1	pre	قوي	≥30%	قبل الشحن	19.4800	19.9600	—	—	—	—	—	—	—	—	—	—	—	—	—	—
2026-08-24	SMX	H1	reg	ضعيف	<10%	قبل الشحن	16.5200	16.3000	1.33	window	0.4002	window	2.7689	358.0	2026-08-24	window	2.7689	2.7689	—	D1	—	—
2026-08-24	SNYR	H1	after	قوي	10-30%	قبل الشحن	0.0975	0.1060	—	—	—	—	—	—	—	—	—	—	—	—	—	—
2026-08-24	STKH	H1	after	ضعيف	<10%	قبل الشحن	3.7400	3.5200	5.88	loss	-1.3033	loss	-1.3033	19.0	2026-08-25	—	—	-1.3033	-1.3033	D1	—	—
2026-08-24	SUGP	H1	pre	قوي	<10%	قبل الشحن	1.8500	1.4800	20.00	win	0.4018	loss	-1.1067	199.0	2026-08-24	loss	-1.1067	-1.1067	—	D1	loss	-1.0829
2026-08-24	TENX	H1	after	قوي	10-30%	قبل الشحن	2.1700	1.9000	12.44	window	-0.6524	window	0.3912	1302.0	2026-08-25	—	—	0.4749	0.3912	D1	window	0.2153
2026-08-24	VBIO	H1	pre	متوسط	10-30%	قبل الشحن	0.1450	0.1291	10.97	loss	-1.4807	loss	-1.4807	4.0	2026-08-24	loss	-1.4807	-1.4807	—	D1	—	—
2026-08-24	XPON	H1	pre	قوي	10-30%	قبل الشحن	6.2100	3.6000	42.03	win	0.1912	window	-0.1100	447.0	2026-08-24	window	-0.1100	-0.4226	—	D1	—	—
2026-08-24	YYAI	H1	reg	ضعيف	<10%	قبل الشحن	1.1300	1.0600	6.19	window	0.1341	window	-0.8495	297.0	2026-08-24	window	-0.8495	-0.9898	—	D1	loss	-1.2588
2026-08-25	AIXI	H1	pre	قوي	≥30%	قبل الشحن	0.5985	0.6212	—	—	—	—	—	—	—	—	—	—	—	—	—	—
2026-08-25	AMIX	H1	pre	قوي	≥30%	قبل الشحن	8.2300	7.1500	13.12	win	0.6124	window	-1.0637	423.0	2026-08-25	window	-1.0637	-1.2346	—	D1	—	—
2026-08-25	BAOS	H1	after	متوسط	10-30%	قبل الشحن	0.4661	0.4355	6.57	loss	-1.2706	loss	-1.2706	17.0	2026-08-26	—	—	-1.2706	-1.2706	D1	window	-0.3162
2026-08-25	BDRX	H1	pre	قوي	≥30%	قبل الشحن	1.4098	1.3600	3.53	win	2.2748	loss	-1.5628	294.0	2026-08-25	loss	-1.5628	-1.5628	—	D1	—	—
2026-08-25	BRNX	H1	reg	ضعيف	10-30%	قبل الشحن	5.0700	5.0000	1.38	loss	-2.1651	loss	-2.1651	3.0	2026-08-25	loss	-2.1651	-2.1651	—	D1	window	3.3697
2026-08-25	BTCT	H1	pre	قوي	≥30%	قبل الشحن	2.2400	2.2400	—	—	—	—	—	—	—	—	—	—	—	—	—	—
2026-08-25	CAPR	H1	reg	ضعيف	10-30%	قبل الشحن	7.9700	7.2500	9.03	window	-0.3955	window	0.2661	385.0	2026-08-25	window	0.2661	0.2388	—	D1	window	-0.8725
2026-08-25	CDTG	H1	after	ضعيف	<10%	قبل الشحن	1.0200	1.0700	—	—	—	—	—	—	—	—	—	—	—	—	—	—
2026-08-25	CLIK	H1	reg	ضعيف	<10%	قبل الشحن	1.3800	1.3700	0.72	loss	-3.8159	loss	-3.8159	6.0	2026-08-25	loss	-3.8159	-3.8159	—	D1	—	—
2026-08-25	DAIC	H1	pre	قوي	≥30%	قبل الشحن	2.8800	2.8700	0.35	loss	-14.7380	loss	-14.7380	3.0	2026-08-25	loss	-14.7380	-14.7380	—	D1	window	162.0048
2026-08-25	DARE	H1	reg	ضعيف	<10%	قبل الشحن	0.8300	0.8051	3.00	loss	-1.4357	loss	-1.4357	110.0	2026-08-25	loss	-1.4357	-1.4357	—	D1	window	-1.2087
2026-08-25	DFNS	H1	pre	قوي	≥30%	قبل الشحن	21.1000	19.6943	6.66	loss	-2.0745	loss	-2.0745	35.0	2026-08-25	loss	-2.0745	-2.0745	—	D1	—	—
2026-08-25	DFSC	H1	after	متوسط	10-30%	قبل الشحن	1.8500	1.6400	11.35	loss	-1.1583	loss	-1.1583	5.0	2026-08-26	—	—	-1.1583	-1.1583	D1	—	—
2026-08-25	FGL	H1	pre	قوي	10-30%	قبل الشحن	0.2420	0.2558	—	—	—	—	—	—	—	—	—	—	—	—	—	—
2026-08-25	FLZH	H1	after	ضعيف	<10%	قبل الشحن	0.1150	0.0960	16.52	win	0.4864	loss	-1.2077	956.0	2026-08-26	—	—	-1.2077	-1.2077	D1	loss	-1.4721
2026-08-25	GIPR	H1	pre	قوي	<10%	قبل الشحن	0.5600	0.5006	10.61	loss	-1.1158	loss	-1.1158	12.0	2026-08-25	loss	-1.1158	-1.1158	—	D1	—	—
2026-08-25	GITS	H1	pre	قوي	≥30%	قبل الشحن	1.4020	1.7243	—	—	—	—	—	—	—	—	—	—	—	—	—	—
2026-08-25	ILLR	H1	pre	متوسط	10-30%	قبل الشحن	0.9802	0.9010	8.08	loss	-1.7860	loss	-1.7860	3.0	2026-08-25	loss	-1.7860	-1.7860	—	D1	loss	-1.2196
2026-08-25	IPW	H1	after	متوسط	10-30%	قبل الشحن	2.4295	2.2200	8.62	loss	-1.2319	loss	-1.2319	5.0	2026-08-26	—	—	-1.2319	-1.2319	D1	loss	-1.2411
2026-08-25	JEM	H1	pre	قوي	≥30%	قبل الشحن	5.4148	5.6200	—	—	—	—	—	—	—	—	—	—	—	—	—	—
2026-08-25	LBGJ	H1	after	قوي	10-30%	قبل الشحن	3.4300	3.0000	12.54	window	-0.6438	loss	-1.1390	775.0	2026-08-26	—	—	-1.1390	-1.1390	D1	window	-0.0101
2026-08-25	LESL	H1	reg	ضعيف	<10%	قبل الشحن	0.6199	0.5950	4.02	window	-0.0462	window	-0.6102	375.0	2026-08-25	window	-0.6102	-0.4406	—	D1	window	0.4091
2026-08-25	LGCL	H1	reg	قوي	<10%	قبل الشحن	0.0532	0.0478	10.15	loss	-1.4471	loss	-1.4471	2.0	2026-08-25	loss	-1.4471	-1.4471	—	D1	window	-0.1138
2026-08-25	MSGY	H1	reg	ضعيف	10-30%	قبل الشحن	2.5894	2.3220	10.33	loss	-1.1599	loss	-1.1599	15.0	2026-08-25	loss	-1.1599	-1.1599	—	D0	window	0.1081
2026-08-25	MTVA	H1	reg	ضعيف	10-30%	قبل الشحن	1.7295	1.6800	2.86	loss	-1.5568	loss	-1.5568	35.0	2026-08-25	loss	-1.5568	-1.5568	—	D1	window	1.0189
2026-08-25	NXTS	H1	pre	ضعيف	10-30%	قبل الشحن	1.6600	1.8900	—	—	—	—	—	—	—	—	—	—	—	—	—	—
2026-08-25	OFAL	H1	pre	قوي	≥30%	قبل الشحن	0.9926	0.8100	18.40	win	0.4368	window	0.1848	569.0	2026-08-25	window	0.1848	-0.0035	—	D1	window	-0.3361
2026-08-25	OSRH	H1	reg	ضعيف	<10%	قبل الشحن	0.2131	0.2030	4.74	loss	-3.6813	loss	-3.6813	7.0	2026-08-25	loss	-3.6813	-3.6813	—	D1	loss	-1.5889
2026-08-25	PFSA	H1	reg	ضعيف	<10%	قبل الشحن	4.3500	3.9200	9.89	window	-0.5235	window	1.2355	384.0	2026-08-25	window	1.2355	0.5731	—	D1	loss	-1.5738
2026-08-25	RCON	H1	pre	قوي	10-30%	قبل الشحن	6.8200	2.9000	57.48	win	0.1398	loss	-1.0174	87.0	2026-08-25	loss	-1.0174	-1.0174	—	D1	—	—
2026-08-25	SDOT	H1	reg	ضعيف	<10%	قبل الشحن	19.3910	18.8500	2.79	loss	-2.1218	loss	-2.1218	3.0	2026-08-25	loss	-2.1218	-2.1218	—	D1	window	1.7281
2026-08-25	SLGB	H1	pre	ضعيف	10-30%	قبل الشحن	0.5659	0.5751	—	—	—	—	—	—	—	—	—	—	—	—	—	—
2026-08-25	SMTK	H1	reg	قوي	10-30%	قبل الشحن	4.6174	4.2350	8.28	win	0.9703	loss	-1.8574	17.0	2026-08-25	loss	-1.8574	-1.8574	—	D1	window	-0.1355
2026-08-25	SNYR	H1	pre	قوي	≥30%	قبل الشحن	0.0989	0.1159	—	—	—	—	—	—	—	—	—	—	—	—	—	—
2026-08-25	STKH	H1	pre	متوسط	10-30%	قبل الشحن	3.8700	3.5937	7.14	loss	-1.2583	loss	-1.2583	6.0	2026-08-25	loss	-1.2583	-1.2583	—	D1	window	-0.9843
2026-08-25	SUGP	H1	pre	ضعيف	<10%	قبل الشحن	1.1198	1.0100	9.81	window	-0.3592	window	0.2669	519.0	2026-08-25	window	0.2669	-0.0014	—	D1	loss	-1.1986
2026-08-25	TRUG	H1	after	ضعيف	10-30%	قبل الشحن	0.7897	0.6657	15.70	win	0.5118	loss	-1.1648	765.0	2026-08-26	—	—	-1.1648	-1.1648	D1	window	-0.5961
2026-08-25	WKSP	H1	reg	ضعيف	<10%	قبل الشحن	0.4707	0.4650	1.21	window	-0.7337	window	0.9893	253.0	2026-08-25	window	0.9893	1.8509	—	D1	loss	-4.0515
2026-08-25	WLDS	H1	reg	ضعيف	10-30%	قبل الشحن	2.5350	2.4280	4.22	loss	-1.4690	window	-0.5607	92.0	2026-08-25	window	-0.5607	-1.4690	—	D0	window	2.0263
2026-08-25	WXM	H1	reg	ضعيف	10-30%	قبل الشحن	4.9400	4.7800	3.24	loss	-1.5802	loss	-1.5802	2.0	2026-08-25	loss	-1.5802	-1.5802	—	D0	—	—
2026-08-25	XPON	H1	pre	متوسط	<10%	قبل الشحن	4.9900	4.8500	2.81	loss	-1.6035	loss	-1.6035	34.0	2026-08-25	loss	-1.6035	-1.6035	—	D1	window	15.8473
2026-08-25	YMT	H1	reg	ضعيف	10-30%	قبل الشحن	0.2330	0.2232	4.21	win	1.9105	loss	-1.4048	30.0	2026-08-25	loss	-1.4048	-1.4048	—	D1	window	-0.5407
2026-08-26	AIXI	H1	pre	متوسط	<10%	قبل الشحن	1.2800	1.1900	7.03	loss	-1.2862	loss	-1.2862	4.0	2026-08-26	loss	-1.2862	-1.2862	—	D1	window	12.9126
2026-08-26	AMIX	H1	pre	متوسط	<10%	قبل الشحن	6.9500	6.7000	3.60	loss	-1.3973	loss	-1.3973	24.0	2026-08-26	loss	-1.3973	-1.3973	—	D1	loss	-1.6099
2026-08-26	BRLS	H1	reg	ضعيف	<10%	قبل الشحن	1.3800	1.2800	7.25	win	1.1089	loss	-1.4176	13.0	2026-08-26	loss	-1.4176	-1.4176	—	D1	loss	-1.3772
2026-08-26	BYAH	H1	reg	ضعيف	10-30%	قبل الشحن	3.0212	2.9000	4.01	loss	-2.0513	loss	-2.0513	25.0	2026-08-26	loss	-2.0513	-2.0513	—	D0	—	—
2026-08-26	CRE	H1	pre	قوي	≥30%	قبل الشحن	6.5000	2.9800	54.15	win	0.1484	window	0.0459	494.0	2026-08-26	window	0.0459	-0.1697	—	D1	—	—
2026-08-26	FGL	H1	pre	قوي	≥30%	قبل الشحن	0.2896	0.2679	7.49	win	1.0724	loss	-1.3649	19.0	2026-08-26	loss	-1.3649	-1.3649	—	D1	loss	-1.2316
2026-08-26	GIPR	H1	reg	ضعيف	<10%	قبل الشحن	0.4933	0.4707	4.58	loss	-1.3086	loss	-1.3086	41.0	2026-08-26	loss	-1.3086	-1.3086	—	D1	window	5.0201
2026-08-26	HODO	H1	after	متوسط	<10%	قبل الشحن	0.3204	0.2636	17.73	loss	-1.1870	loss	-1.1870	46.0	2026-08-27	—	—	-1.1870	-1.1870	D1	loss	-1.1011
2026-08-26	IPDN	H1	reg	ضعيف	10-30%	قبل الشحن	0.1457	0.1399	3.98	win	2.0186	loss	-1.5602	45.0	2026-08-26	loss	-1.5602	-1.5602	—	D0	loss	-1.3932
2026-08-26	ISPC	H1	reg	ضعيف	<10%	قبل الشحن	1.6500	1.5750	4.55	window	-0.6548	window	-0.6548	348.0	2026-08-26	window	-0.6548	-1.0476	—	D1	loss	-1.5623
2026-08-26	IVF	H1	reg	ضعيف	<10%	قبل الشحن	1.1300	1.0400	7.96	win	1.0089	loss	-1.4832	286.0	2026-08-26	loss	-1.4832	-1.4832	—	D1	window	-0.3406
2026-08-26	LBGJ	H1	pre	ضعيف	10-30%	قبل الشحن	3.3000	3.4956	—	—	—	—	—	—	—	—	—	—	—	—	—	—
2026-08-26	LGCL	H1	pre	قوي	≥30%	قبل الشحن	0.0588	0.0588	—	—	—	—	—	—	—	—	—	—	—	—	—	—
2026-08-26	LGHL	H1	pre	متوسط	10-30%	قبل الشحن	0.6000	0.5955	0.75	win	10.7143	loss	-3.4905	15.0	2026-08-26	loss	-3.4905	-3.4905	—	D1	loss	-4.3810
2026-08-26	MEDS	H1	after	ضعيف	10-30%	قبل الشحن	1.6100	1.4780	8.20	win	0.9801	loss	-1.5457	18.0	2026-08-27	—	—	-1.5457	-1.5457	D1	—	—
2026-08-26	MIMI	H1	after	متوسط	10-30%	قبل الشحن	2.0200	1.9700	2.48	loss	-2.3095	loss	-2.3095	1.0	2026-08-27	—	—	-2.3095	-2.3095	D1	—	—
2026-08-26	NCPL	H1	reg	ضعيف	<10%	قبل الشحن	0.5030	0.4797	4.63	loss	-1.3257	loss	-1.3257	30.0	2026-08-26	loss	-1.3257	-1.3257	—	D1	loss	-1.4414
2026-08-26	NEXR	H1	pre	متوسط	<10%	قبل الشحن	2.6700	2.7000	—	—	—	—	—	—	—	—	—	—	—	—	—	—
2026-08-26	NUWE	H1	pre	متوسط	10-30%	قبل الشحن	1.1900	1.0600	10.92	loss	-1.1840	loss	-1.1840	12.0	2026-08-26	loss	-1.1840	-1.1840	—	D1	window	-0.9415
2026-08-26	OLOX	H1	reg	ضعيف	10-30%	قبل الشحن	2.3000	1.6000	30.43	loss	-1.0467	loss	-1.0467	19.0	2026-08-26	loss	-1.0467	-1.0467	—	D1	window	0.0444
2026-08-26	PN	H1	reg	ضعيف	10-30%	قبل الشحن	2.9500	2.8250	4.24	loss	-1.5409	loss	-1.5409	41.0	2026-08-26	loss	-1.5409	-1.5409	—	D1	—	—
2026-08-26	PWCM	H1	pre	ضعيف	<10%	قبل الشحن	1.2165	1.1500	5.47	loss	-1.3051	loss	-1.3051	14.0	2026-08-26	loss	-1.3051	-1.3051	—	D1	loss	-1.2507
2026-08-26	SBFM	H1	pre	متوسط	10-30%	قبل الشحن	1.2200	1.1700	4.10	win	1.9607	loss	-1.5098	42.0	2026-08-26	loss	-1.5098	-1.5098	—	D1	window	-0.4150
2026-08-26	SDOT	H1	pre	ضعيف	10-30%	قبل الشحن	19.4200	19.2137	1.06	loss	-2.9786	loss	-2.9786	4.0	2026-08-26	loss	-2.9786	-2.9786	—	D1	loss	-4.8012
2026-08-26	SGLY	H1	pre	قوي	10-30%	قبل الشحن	1.9500	2.1500	—	—	—	—	—	—	—	—	—	—	—	—	—	—
2026-08-26	SMTK	H1	pre	قوي	≥30%	قبل الشحن	4.8600	4.7900	1.44	loss	-2.3365	loss	-2.3365	8.0	2026-08-26	loss	-2.3365	-2.3365	—	D1	—	—
2026-08-26	SNYR	H1	reg	ضعيف	10-30%	قبل الشحن	0.1137	0.1051	7.56	loss	-1.2320	loss	-1.2320	13.0	2026-08-26	loss	-1.2320	-1.2320	—	D1	window	0.8777
2026-08-26	SUGP	H1	pre	متوسط	<10%	قبل الشحن	1.1987	1.1000	8.23	window	-0.6040	loss	-1.2488	208.0	2026-08-26	loss	-1.2488	-1.2488	—	D1	window	0.3179
2026-08-26	UCAR	H1	reg	ضعيف	10-30%	قبل الشحن	0.6200	0.6299	—	—	—	—	—	—	—	—	—	—	—	—	—	—
2026-08-26	WNW	H1	after	ضعيف	10-30%	قبل الشحن	2.9376	2.4997	14.91	win	0.5391	window	0.7603	1419.0	2026-08-27	—	—	0.4463	0.7603	D1	—	—
2026-08-26	WSHP	H1	reg	قوي	≥30%	قبل الشحن	6.7394	5.7300	14.98	win	0.5365	window	-0.6926	266.0	2026-08-26	window	-0.6926	-0.4105	—	D1	—	—
2026-08-26	XPON	H1	pre	ضعيف	10-30%	قبل الشحن	6.6097	6.4100	3.02	loss	-1.9473	loss	-1.9473	5.0	2026-08-26	loss	-1.9473	-1.9473	—	D1	window	3.5581
2026-08-26	ZCMD	H1	pre	قوي	10-30%	قبل الشحن	0.8816	0.7980	9.48	loss	-1.5287	loss	-1.5287	2.0	2026-08-26	loss	-1.5287	-1.5287	—	D1	loss	-1.2343
2026-08-27	AEMD	H1	after	قوي	10-30%	قبل الشحن	2.9000	2.3700	18.28	win	0.4397	window	-0.8944	1432.0	2026-08-28	—	—	-1.0722	-0.8944	D1	—	—
2026-08-27	CHAI	H1	after	متوسط	<10%	قبل الشحن	0.2630	0.2599	1.18	loss	-2.6923	loss	-2.6923	1.0	2026-08-28	—	—	-2.6923	-2.6923	D1	—	—
2026-08-27	FAMI	H1	after	ضعيف	10-30%	قبل الشحن	0.1066	0.1064	0.19	loss	-9.0899	loss	-9.0899	2.0	2026-08-28	—	—	-9.0899	-9.0899	D1	loss	-13.5479
2026-08-27	GNPX	H1	after	ضعيف	<10%	قبل الشحن	3.9000	3.6700	5.90	loss	-1.2988	loss	-1.2988	16.0	2026-08-28	—	—	-1.2988	-1.2988	D1	—	—
2026-08-27	GOVX	H1	reg	ضعيف	10-30%	قبل الشحن	0.7152	0.6831	4.49	window	-0.1500	window	-0.5570	109.0	2026-08-27	window	-0.5570	-1.6868	—	D0	window	2.3613
2026-08-27	HCWB	H1	reg	ضعيف	10-30%	قبل الشحن	3.0700	3.0000	2.28	loss	-2.2756	loss	-2.2756	6.0	2026-08-27	loss	-2.2756	-2.2756	—	D0	window	5.3703
2026-08-27	INHD	H1	after	قوي	10-30%	قبل الشحن	7.7600	6.7100	13.53	win	0.5939	loss	-1.1417	39.0	2026-08-28	—	—	-1.1417	-1.1417	D1	—	—
2026-08-27	KXIN	H1	reg	ضعيف	<10%	قبل الشحن	1.7301	1.7550	—	—	—	—	—	—	—	—	—	—	—	—	—	—
2026-08-27	MIMI	H1	reg	متوسط	<10%	قبل الشحن	1.6000	1.3606	14.96	loss	-1.1196	loss	-1.1196	41.0	2026-08-27	loss	-1.1196	-1.1196	—	D0	loss	-1.1880
2026-08-27	NCPL	H1	after	ضعيف	10-30%	قبل الشحن	0.5999	0.5999	—	—	—	—	—	—	—	—	—	—	—	—	—	—
2026-08-27	TRUG	H1	after	ضعيف	<10%	قبل الشحن	0.6119	0.5949	2.78	loss	-1.7458	loss	-1.7458	3.0	2026-08-28	—	—	-1.7458	-1.7458	D1	loss	-2.0691
2026-08-27	WETO	H1	after	قوي	<10%	قبل الشحن	15.5900	12.8200	17.77	window	-0.5579	loss	-1.0959	512.0	2026-08-28	—	—	-1.0959	-1.0959	D1	loss	-1.0845
2026-08-27	XAIR	H1	reg	ضعيف	10-30%	قبل الشحن	6.7800	4.8950	—	loss	-1.2414	—	—	—	—	—	—	-1.2414	—	—	—	—
2026-08-28	AIXI	H1	after	متوسط	<10%	قبل الشحن	0.6770	0.5424	19.88	loss	-1.0861	loss	-1.0861	10.0	2026-08-31	—	—	-1.0861	-1.0861	D1	window	-0.3235
2026-08-28	AMIX	H1	reg	ضعيف	<10%	قبل الشحن	5.3750	5.1900	3.44	loss	-1.4812	window	-0.9966	3.0	2026-08-28	window	-0.9966	-1.4812	—	D0	loss	-1.6134
2026-08-28	ARTL	H1	after	ضعيف	10-30%	قبل الشحن	0.7325	0.7300	0.34	loss	-24.6318	loss	-24.6318	1.0	2026-08-31	—	—	-24.6318	-24.6318	D1	—	—
2026-08-28	CHAI	H1	reg	قوي	≥30%	قبل الشحن	0.4186	0.4076	2.63	loss	-1.5755	loss	-1.5755	5.0	2026-08-28	loss	-1.5755	-1.5755	—	D0	loss	-3.1523
2026-08-28	FGL	H1	after	قوي	<10%	قبل الشحن	0.2065	0.1523	26.25	loss	-1.1049	loss	-1.1049	41.0	2026-08-31	—	—	-1.1049	-1.1049	D1	window	0.2127
2026-08-28	FNGR	H1	after	قوي	≥30%	قبل الشحن	0.4263	0.4014	5.84	loss	-1.5600	loss	-1.5600	7.0	2026-08-31	—	—	-1.5600	-1.5600	D1	window	21.9930
2026-08-28	FTFT	H1	after	قوي	10-30%	قبل الشحن	1.1500	0.5850	49.13	win	0.1636	loss	-1.0440	218.0	2026-08-31	—	—	-1.0440	-1.0440	D1	—	—
2026-08-28	JZ	H1	after	قوي	<10%	قبل الشحن	1.9400	1.4200	26.80	window	-0.5010	loss	-1.0554	3510.0	2026-08-31	—	—	-1.0554	-1.0554	D1	window	-0.6421
2026-08-28	MIMI	H1	after	متوسط	<10%	قبل الشحن	1.0505	0.9669	7.96	loss	-1.3539	loss	-1.3539	20.0	2026-08-31	—	—	-1.3539	-1.3539	D1	loss	-1.2949
2026-08-28	NCRA	H1	after	ضعيف	10-30%	قبل الشحن	2.2600	2.0600	8.85	loss	-1.4335	loss	-1.4335	2.0	2026-08-31	—	—	-1.4335	-1.4335	D1	—	—
2026-08-28	TRUG	H1	after	متوسط	<10%	قبل الشحن	0.5745	0.5101	11.21	loss	-1.1839	loss	-1.1839	18.0	2026-08-31	—	—	-1.1839	-1.1839	D1	loss	-1.1174
2026-08-28	UZX	H1	after	ضعيف	<10%	قبل الشحن	0.1234	0.1185	3.97	window	-0.5900	loss	-1.4639	3606.0	2026-08-31	—	—	-1.4639	-1.4639	D1	—	—
2026-08-28	WETO	H1	after	متوسط	<10%	قبل الشحن	7.8000	6.3000	19.23	window	-0.8455	loss	-1.3356	4222.0	2026-08-31	—	—	-1.3356	-1.3356	D1	loss	-1.0666
2026-08-28	WHLR	H1	reg	ضعيف	<10%	قبل الشحن	1.0600	0.9808	—	loss	-1.1678	—	—	—	—	—	—	-1.1678	—	—	—	—
2026-08-31	BRNX	H1	reg	ضعيف	10-30%	قبل الشحن	4.6910	4.4600	4.92	loss	-1.3432	loss	-1.3432	29.0	2026-08-31	loss	-1.3432	-1.3432	—	D1	window	2.7537
2026-08-31	BZAI	H1	reg	متوسط	<10%	قبل الشحن	0.5237	0.4820	7.96	window	-0.5422	loss	-1.1662	319.0	2026-08-31	loss	-1.1662	-1.1662	—	D1	window	0.4898
2026-08-31	CDTG	H1	reg	ضعيف	<10%	قبل الشحن	1.0550	1.0450	0.95	loss	-2.8886	loss	-2.8886	4.0	2026-08-31	loss	-2.8886	-2.8886	—	D1	loss	-2.8281
2026-08-31	COOT	H1	reg	قوي	≥30%	قبل الشحن	0.6320	0.6024	4.68	loss	-1.8617	loss	-1.8617	1.0	2026-08-31	loss	-1.8617	-1.8617	—	D1	—	—
2026-08-31	DCX	H1	reg	ضعيف	<10%	قبل الشحن	0.6401	0.6303	1.53	win	5.2486	window	4.4058	22.0	2026-08-31	window	4.4058	0.9282	—	D0	—	—
2026-08-31	FAMI	H1	reg	ضعيف	10-30%	قبل الشحن	0.1199	0.1162	3.09	loss	-1.5260	loss	-1.5260	17.0	2026-08-31	loss	-1.5260	-1.5260	—	D0	window	4.8773
2026-08-31	FTFT	H1	reg	ضعيف	<10%	قبل الشحن	1.9050	1.8100	4.99	loss	-1.7695	loss	-1.7695	19.0	2026-08-31	loss	-1.7695	-1.7695	—	D1	—	—
2026-08-31	KXIN	H1	reg	ضعيف	<10%	قبل الشحن	1.5300	1.4700	3.92	loss	-1.4916	loss	-1.4916	81.0	2026-08-31	loss	-1.4916	-1.4916	—	D1	loss	-1.6521
2026-08-31	LGCL	H1	reg	ضعيف	<10%	قبل الشحن	0.0364	0.0363	0.27	loss	-6.8334	loss	-6.8334	3.0	2026-08-31	loss	-6.8334	-6.8334	—	D1	loss	-6.6925
2026-08-31	LHSW	H1	reg	ضعيف	<10%	قبل الشحن	3.9800	3.7700	5.28	loss	-1.3337	loss	-1.3337	33.0	2026-08-31	loss	-1.3337	-1.3337	—	D0	loss	-1.2638
2026-08-31	MEDS	H1	pre	قوي	≥30%	قبل الشحن	1.2402	1.1000	11.30	loss	-1.2455	loss	-1.2455	2.0	2026-08-31	loss	-1.2455	-1.2455	—	D1	—	—
2026-08-31	MOBX	H1	reg	متوسط	10-30%	قبل الشحن	1.1450	1.1500	—	—	—	—	—	—	—	—	—	—	—	—	—	—
2026-08-31	NCPL	H1	pre	متوسط	10-30%	قبل الشحن	0.7941	0.7669	3.43	loss	-2.5626	loss	-2.5626	6.0	2026-08-31	loss	-2.5626	-2.5626	—	D1	loss	-1.6066
2026-08-31	OLOX	H1	after	ضعيف	<10%	قبل الشحن	0.9928	1.0800	—	—	—	—	—	—	—	—	—	—	—	—	—	—
2026-08-31	PFSA	H1	pre	ضعيف	10-30%	قبل الشحن	3.0800	2.8900	6.17	loss	-1.5666	loss	-1.5666	3.0	2026-08-31	loss	-1.5666	-1.5666	—	D1	—	—
2026-08-31	RDHL	H1	pre	قوي	≥30%	قبل الشحن	1.9000	1.2700	33.16	window	-0.5527	loss	-1.0582	132.0	2026-08-31	loss	-1.0582	-1.0582	—	D2	—	—
2026-08-31	SSM	H1	after	قوي	≥30%	قبل الشحن	4.5397	3.5600	21.58	win	0.3724	window	0.1182	1352.0	2026-09-01	—	—	-0.2929	0.1182	D1	—	—
2026-08-31	TENX	H1	reg	ضعيف	<10%	قبل الشحن	1.8618	1.7301	7.07	window	-0.6760	window	-0.4150	379.0	2026-08-31	window	-0.4150	-0.4896	—	D1	window	-0.7852
2026-08-31	VEEA	H1	reg	متوسط	<10%	قبل الشحن	1.7488	1.3400	23.38	window	-0.0735	window	0.0236	385.0	2026-08-31	window	0.0236	-0.1216	—	D1	window	-0.1531
2026-08-31	VVOS	H1	reg	قوي	≥30%	قبل الشحن	0.3970	0.3920	1.26	loss	-5.7369	loss	-5.7369	1.0	2026-08-31	loss	-5.7369	-5.7369	—	D1	loss	-3.2531
2026-08-31	WFF	H1	reg	قوي	10-30%	قبل الشحن	2.2200	1.9510	12.12	win	0.6632	window	-0.8776	377.0	2026-08-31	window	-0.8776	-1.1005	—	D1	—	—
2026-08-31	YYGH	H1	after	متوسط	<10%	قبل الشحن	1.4600	1.3300	8.90	window	0.0261	window	-0.1250	1425.0	2026-09-01	—	—	0.2527	-0.1250	D1	window	-1.0754
2026-09-01	AMOD	H2	reg	قوي	10-30%	قبل الشحن	3.0000	2.4400	—	loss	-1.2167	—	—	—	—	—	—	-1.2167	—	—	—	—
2026-09-01	AUUD	H2	pre	ضعيف	10-30%	قبل الشحن	0.9757	1.0900	—	—	—	—	—	—	—	—	—	—	—	—	—	—
2026-09-01	BAOS	H2	pre	ضعيف	<10%	قبل الشحن	0.3470	0.3348	3.52	loss	-1.7465	loss	-1.7465	16.0	2026-09-01	loss	-1.7465	-1.7465	—	D1	loss	-1.7255
2026-09-01	BRNX	H2	pre	قوي	<10%	قبل الشحن	3.3000	2.8900	12.42	win	0.6468	window	0.5749	498.0	2026-09-01	window	0.5749	-0.1916	—	D1	loss	-1.3623
2026-09-01	CAST	H2	reg	متوسط	<10%	قبل الشحن	1.3700	1.3050	4.74	window	0.5302	window	-0.3008	381.0	2026-09-01	window	-0.3008	-0.8297	—	D1	loss	-1.3052
2026-09-01	CDT	H2	after	قوي	10-30%	قبل الشحن	1.8098	1.6600	8.28	loss	-1.5431	loss	-1.5431	4.0	2026-09-02	—	—	-1.5431	-1.5431	D1	loss	-1.3533
2026-09-01	DAIC	H2	reg	قوي	<10%	قبل الشحن	3.8700	3.3101	14.47	win	0.5554	window	-0.5970	382.0	2026-09-01	window	-0.5970	-0.7374	—	D1	window	-0.4874
2026-09-01	DBGI	H2	reg	ضعيف	<10%	قبل الشحن	5.3550	5.3500	0.09	loss	-25.1532	loss	-25.1532	2.0	2026-09-01	loss	-25.1532	-25.1532	—	D1	loss	-19.5334
2026-09-01	FGL	H2	reg	ضعيف	10-30%	قبل الشحن	14.2200	16.5200	—	—	—	—	—	—	—	—	—	—	—	—	—	—
2026-09-01	FLYE	H2	pre	قوي	≥30%	قبل الشحن	1.9500	2.1600	—	—	—	—	—	—	—	—	—	—	—	—	—	—
2026-09-01	INBS	H2	pre	ضعيف	10-30%	قبل الشحن	2.5000	2.5300	—	—	—	—	—	—	—	—	—	—	—	—	—	—
2026-09-01	JUNS	H2	reg	ضعيف	<10%	قبل الشحن	3.5000	3.3750	3.57	loss	-1.7946	loss	-1.7946	39.0	2026-09-01	loss	-1.7946	-1.7946	—	D0	—	—
2026-09-01	KALA	H2	pre	متوسط	10-30%	قبل الشحن	0.5987	0.6902	—	—	—	—	—	—	—	—	—	—	—	—	—	—
2026-09-01	KITT	H2	after	متوسط	10-30%	قبل الشحن	1.0998	0.9072	17.51	window	-0.6313	loss	-1.0742	627.0	2026-09-02	—	—	-1.0742	-1.0742	D1	—	—
2026-09-01	KUST	H2	pre	متوسط	10-30%	قبل الشحن	0.8176	0.9727	—	—	—	—	—	—	—	—	—	—	—	—	—	—
2026-09-01	LGCL	H2	reg	ضعيف	<10%	قبل الشحن	4.8609	4.2800	11.95	loss	-1.1323	loss	-1.1323	59.0	2026-09-01	loss	-1.1323	-1.1323	—	D1	window	-0.4429
2026-09-01	LHSW	H2	reg	ضعيف	<10%	قبل الشحن	3.2400	2.9900	7.72	window	-0.4565	loss	-1.2781	185.0	2026-09-01	loss	-1.2781	-1.2781	—	D1	loss	-1.1951
2026-09-01	NCPL	H2	pre	ضعيف	10-30%	قبل الشحن	0.8029	0.7900	1.61	win	5.0015	loss	-2.8043	23.0	2026-09-01	loss	-2.8043	-2.8043	—	D1	loss	-5.4632
2026-09-01	OLOX	H2	reg	قوي	10-30%	قبل الشحن	1.3001	1.1331	12.85	win	0.6256	loss	-1.1721	92.0	2026-09-01	loss	-1.1721	-1.1721	—	D0	window	0.4556
2026-09-01	OSRH	H2	reg	ضعيف	<10%	قبل الشحن	0.2720	0.2600	4.41	win	1.8214	window	4.9561	180.0	2026-09-01	window	4.9561	4.9561	—	D0	loss	-1.3672
2026-09-01	RAIN	H2	reg	ضعيف	10-30%	قبل الشحن	0.9600	0.8957	6.70	win	1.1997	loss	-1.1891	92.0	2026-09-01	loss	-1.1891	-1.1891	—	D1	—	—
2026-09-01	RDAC	H2	pre	قوي	≥30%	قبل الشحن	6.0850	5.3100	12.74	loss	-1.4594	loss	-1.4594	11.0	2026-09-01	loss	-1.4594	-1.4594	—	D1	—	—
2026-09-01	RITR	H2	pre	متوسط	10-30%	قبل الشحن	0.1089	0.0887	18.55	win	0.4332	loss	-1.0879	253.0	2026-09-01	loss	-1.0879	-1.0879	—	D1	window	-0.4954
2026-09-01	RNAZ	H2	reg	متوسط	<10%	قبل الشحن	2.2570	2.1400	5.18	loss	-1.3707	loss	-1.3707	20.0	2026-09-01	loss	-1.3707	-1.3707	—	D0	loss	-1.3333
2026-09-01	SCNI	H2	reg	ضعيف	<10%	قبل الشحن	2.6000	2.4700	5.00	window	-0.3571	loss	-1.7850	298.0	2026-09-01	loss	-1.7850	-1.7850	—	D1	—	—
2026-09-01	SMTK	H2	after	ضعيف	10-30%	قبل الشحن	2.6804	3.0100	—	—	—	—	—	—	—	—	—	—	—	—	—	—
2026-09-01	SSM	H2	pre	قوي	≥30%	قبل الشحن	4.2200	4.0300	4.50	loss	-1.4390	loss	-1.4390	6.0	2026-09-01	loss	-1.4390	-1.4390	—	D1	—	—
2026-09-01	UPC	H2	after	قوي	10-30%	قبل الشحن	5.5085	4.6500	15.59	win	0.5156	loss	-1.1183	920.0	2026-09-02	—	—	-1.1183	-1.1183	D2	—	—
2026-09-01	WETO	H2	reg	قوي	≥30%	قبل الشحن	7.4095	7.7500	—	—	—	—	—	—	—	—	—	—	—	—	—	—
2026-09-01	WHLR	H2	after	ضعيف	<10%	قبل الشحن	0.6400	0.6311	1.39	loss	-2.1685	loss	-2.1685	1.0	2026-09-02	—	—	-2.1685	-2.1685	D1	loss	-2.5239
2026-09-01	XOS	H2	after	ضعيف	<10%	قبل الشحن	3.0680	3.1200	—	—	—	—	—	—	—	—	—	—	—	—	—	—
2026-09-01	ZEO	H2	reg	متوسط	10-30%	قبل الشحن	0.2479	0.2651	—	—	—	—	—	—	—	—	—	—	—	—	—	—
2026-09-02	AMBR	H2	pre	؟	؟	قبل الشحن	1.0100	1.0400	—	—	—	—	—	—	—	—	—	—	—	—	—	—
2026-09-02	BTAI	H2	reg	ضعيف	10-30%	قبل الشحن	0.1453	0.1422	2.13	win	3.7664	loss	-3.1720	77.0	2026-09-02	loss	-3.1720	-3.1720	—	D1	loss	-1.7269
2026-09-02	DAIC	H2	reg	ضعيف	10-30%	قبل الشحن	3.8000	3.7278	1.90	loss	-1.7960	loss	-1.7960	2.0	2026-09-02	loss	-1.7960	-1.7960	—	D1	loss	-3.5768
2026-09-02	EOSE	H2	pre	ضعيف	10-30%	قبل الشحن	3.3700	3.0200	10.39	window	0.0946	window	0.5436	476.0	2026-09-02	window	0.5436	0.5296	—	D1	window	-0.4731
2026-09-02	FAMI	H2	after	قوي	≥30%	قبل الشحن	0.1681	0.1503	10.59	loss	-1.3899	loss	-1.3899	7.0	2026-09-03	—	—	-1.3899	-1.3899	D1	—	—
2026-09-02	FGL	H2	pre	ضعيف	<10%	قبل الشحن	18.9900	16.3800	13.74	loss	-1.2236	loss	-1.2236	68.0	2026-09-02	loss	-1.2236	-1.2236	—	D1	window	1.7995
2026-09-02	FLYE	H2	pre	متوسط	<10%	قبل الشحن	2.1459	2.0400	4.93	win	1.6283	loss	-1.4435	327.0	2026-09-02	loss	-1.4435	-1.4435	—	D1	loss	-1.4574
2026-09-02	GIPR	H2	after	؟	؟	قبل الشحن	0.3939	0.4048	—	—	—	—	—	—	—	—	—	—	—	—	—	—
2026-09-02	HKPD	H2	after	؟	؟	قبل الشحن	0.1651	0.1657	—	—	—	—	—	—	—	—	—	—	—	—	—	—
2026-09-02	JFIN	H2	reg	ضعيف	<10%	قبل الشحن	1.8000	1.7167	4.63	window	-0.2680	window	-0.3269	245.0	2026-09-02	window	-0.3269	-0.3269	—	D1	window	-0.6608
2026-09-02	JLHL	H2	pre	ضعيف	10-30%	قبل الشحن	6.8876	6.7300	2.29	win	3.5119	loss	-2.2250	154.0	2026-09-02	loss	-2.2250	-2.2250	—	D1	—	—
2026-09-02	KG	H2	reg	؟	؟	قبل الشحن	7.8500	7.7050	1.85	window	-0.2217	window	-1.4240	311.0	2026-09-02	window	-1.4240	-1.4240	—	D1	loss	-2.7469
2026-09-02	LBGJ	H2	reg	؟	؟	قبل الشحن	3.1766	3.1900	—	—	—	—	—	—	—	—	—	—	—	—	—	—
2026-09-02	LHSW	H2	pre	ضعيف	<10%	قبل الشحن	1.9000	1.7400	8.42	win	0.9542	window	10.6836	423.0	2026-09-02	window	10.6836	11.9420	—	D1	loss	-1.3433
2026-09-02	MDXH	H2	reg	ضعيف	<10%	قبل الشحن	0.7242	0.7101	1.95	window	-1.8923	loss	-1.6794	152.0	2026-09-02	loss	-1.6794	-1.6794	—	D1	—	—
2026-09-02	MGN	H2	reg	ضعيف	10-30%	قبل الشحن	0.1333	0.1264	5.18	win	1.5524	loss	-1.4162	58.0	2026-09-02	loss	-1.4162	-1.4162	—	D1	window	-0.0516
2026-09-02	RITR	H2	reg	؟	؟	قبل الشحن	0.1017	0.1053	—	—	—	—	—	—	—	—	—	—	—	—	—	—
2026-09-02	SCNI	H2	after	ضعيف	10-30%	قبل الشحن	2.8100	2.6500	5.69	loss	-1.5911	loss	-1.5911	2.0	2026-09-03	—	—	-1.5911	-1.5911	D1	—	—
2026-09-02	SDA	H2	after	ضعيف	<10%	قبل الشحن	0.6500	0.6444	0.86	window	-2.0727	loss	-6.7297	1045.0	2026-09-03	—	—	-6.7297	-6.7297	D1	loss	-3.1628
2026-09-02	SSM	H2	after	؟	؟	قبل الشحن	4.5690	4.4000	3.70	—	—	loss	-1.8147	480.0	2026-09-03	—	—	-1.8147	-1.8147	D1	loss	-1.8766
2026-09-02	SUPX	H2	reg	ضعيف	<10%	قبل الشحن	7.9000	7.8101	1.14	window	0.1799	window	3.3470	348.0	2026-09-02	window	3.3470	4.1117	—	D1	window	1.9990
2026-09-02	UCL	H2	after	؟	؟	قبل الشحن	0.3992	0.3868	3.11	loss	-2.7373	loss	-2.7373	1.0	2026-09-03	—	—	-2.7373	-2.7373	D1	—	—
2026-09-02	UPC	H2	pre	؟	؟	قبل الشحن	5.2100	5.3600	—	—	—	—	—	—	—	—	—	—	—	—	—	—
2026-09-02	VIVK	H2	reg	؟	؟	قبل الشحن	0.9900	1.0300	—	—	—	—	—	—	—	—	—	—	—	—	—	—
2026-09-03	AEHL	H2	reg	قوي	≥30%	قبل الشحن	8.1200	7.3069	10.01	loss	-1.1648	loss	-1.1648	21.0	2026-09-03	loss	-1.1648	-1.1648	—	D1	window	-0.1254
2026-09-03	AKAN	H2	after	قوي	<10%	قبل الشحن	4.1485	3.6600	11.78	window	-0.1110	loss	-1.1202	1369.0	2026-09-04	—	—	-1.1202	-1.1202	D1	—	—
2026-09-03	APVO	H2	reg	ضعيف	<10%	قبل الشحن	1.7400	1.5000	13.79	window	-0.3341	window	-0.3337	51.0	2026-09-03	window	-0.3337	-0.2932	—	D0	loss	-1.5409
2026-09-03	DFNS	H2	reg	متوسط	<10%	قبل الشحن	9.9400	9.2400	7.04	window	-0.1694	window	0.1112	385.0	2026-09-03	window	0.1112	-0.0712	—	D1	loss	-1.2564
2026-09-03	FLYE	H2	reg	ضعيف	<10%	قبل الشحن	2.4100	2.1500	—	window	-0.9210	—	—	—	—	—	—	-0.9588	—	—	—	—
2026-09-03	KPLT	H2	reg	ضعيف	<10%	قبل الشحن	6.0400	5.8000	3.97	window	1.3512	window	2.8653	340.0	2026-09-03	window	2.8653	2.8653	—	D1	window	-0.1495
2026-09-03	MIMI	H2	pre	قوي	≥30%	قبل الشحن	0.8422	0.7731	8.20	loss	-1.3507	loss	-1.3507	1.0	2026-09-03	loss	-1.3507	-1.3507	—	D1	—	—
2026-09-03	OSRH	H2	reg	ضعيف	<10%	قبل الشحن	0.2198	0.1999	9.05	win	0.8876	window	1.0465	238.0	2026-09-03	window	1.0465	0.0594	—	D1	—	—
2026-09-03	PTLE	H2	reg	ضعيف	10-30%	قبل الشحن	8.0000	7.4500	6.87	window	-0.5276	window	-0.5276	113.0	2026-09-03	window	-0.5276	-0.5276	—	D0	window	0.5069
2026-09-03	TWG	H2	reg	قوي	≥30%	قبل الشحن	0.5562	0.5039	9.40	loss	-1.1720	loss	-1.1720	8.0	2026-09-03	loss	-1.1720	-1.1720	—	D1	—	—
2026-09-03	VWAV	H2	reg	متوسط	<10%	قبل الشحن	0.6750	0.6100	9.63	window	-0.6901	window	-1.0482	385.0	2026-09-03	window	-1.0482	-0.9077	—	D1	window	-0.2913
2026-09-04	ALP	H2	pre	ضعيف	<10%	قبل الشحن	0.0900	0.0799	11.22	window	0.3076	window	0.7452	624.0	2026-09-04	window	0.7452	0.8133	—	D1	loss	-1.8832
2026-09-04	BNR	H2	reg	متوسط	<10%	قبل الشحن	10.4501	10.3250	1.20	window	2.1582	window	10.5979	158.0	2026-09-04	window	10.5979	7.6145	—	D0	loss	-3.7740
2026-09-04	CDTG	H2	reg	قوي	10-30%	قبل الشحن	1.3500	0.9857	26.99	win	0.2978	window	-0.1740	377.0	2026-09-04	window	-0.1740	-0.3088	—	D1	window	-0.0856
2026-09-04	FXHO	H2	reg	ضعيف	<10%	قبل الشحن	11.4500	10.9750	4.15	window	-0.3271	window	0.2519	273.0	2026-09-04	window	0.2519	0.2519	—	D1	—	—
2026-09-04	GIPR	H2	after	ضعيف	<10%	قبل الشحن	0.5200	0.4312	17.08	win	0.4706	loss	-1.1426	5436.0	2026-09-08	—	—	-1.1426	-1.1426	D1	loss	-1.3325
2026-09-04	NCPL	H2	after	ضعيف	<10%	قبل الشحن	0.7280	0.6154	15.47	loss	-1.2342	loss	-1.2342	1.0	2026-09-08	—	—	-1.2342	-1.2342	D1	loss	-1.2929
2026-09-04	NIKI	H2	reg	قوي	≥30%	قبل الشحن	8.8664	8.3000	6.39	loss	-1.4221	loss	-1.4221	17.0	2026-09-04	loss	-1.4221	-1.4221	—	D1	window	-0.6258
2026-09-04	ZTG	H2	reg	متوسط	<10%	قبل الشحن	0.6600	0.6300	4.55	win	1.7679	window	2.7173	379.0	2026-09-04	window	2.7173	4.2560	—	D1	—	—
2026-09-08	AIXI	H2	reg	ضعيف	<10%	قبل الشحن	3.2550	3.1700	2.61	loss	-1.6233	loss	-1.6233	3.0	2026-09-08	loss	-1.6233	-1.6233	—	D1	loss	-2.2366
2026-09-08	ANY	H2	after	ضعيف	10-30%	قبل الشحن	2.7000	2.4700	8.52	win	0.9433	loss	-1.2253	1048.0	2026-09-09	—	—	-1.2253	-1.2253	D1	—	—
2026-09-08	CDTG	H2	reg	قوي	<10%	قبل الشحن	1.5368	1.3500	12.16	win	0.6611	window	-0.6033	385.0	2026-09-08	window	-0.6033	-0.6033	—	D1	window	0.1944
2026-09-08	CMND	H2	after	متوسط	10-30%	قبل الشحن	1.2102	1.0100	16.54	loss	-1.1171	loss	-1.1171	2.0	2026-09-09	—	—	-1.1171	-1.1171	D1	loss	-1.1833
2026-09-08	FAMI	H2	reg	ضعيف	<10%	قبل الشحن	0.1013	0.0962	5.03	window	-0.7013	window	2.7265	385.0	2026-09-08	window	2.7265	3.1117	—	D1	window	0.2229
2026-09-08	FGL	H2	after	ضعيف	10-30%	قبل الشحن	9.5900	9.7900	—	—	—	—	—	—	—	—	—	—	—	—	—	—
2026-09-08	MOBX	H2	pre	قوي	10-30%	قبل الشحن	1.1398	1.0450	8.32	win	0.9662	window	1.1342	465.0	2026-09-08	window	1.1342	0.8244	—	D1	loss	-1.1566
2026-09-08	PDSB	H2	pre	قوي	≥30%	قبل الشحن	0.4100	0.2200	46.34	win	0.1734	window	-0.5808	445.0	2026-09-08	window	-0.5808	-0.5555	—	D1	window	-0.0587
2026-09-08	TANH	H2	reg	ضعيف	<10%	قبل الشحن	20.5000	18.5900	—	win	0.8625	—	—	—	—	—	—	-0.7367	—	—	—	—
2026-09-08	TRUG	H2	pre	قوي	10-30%	قبل الشحن	0.5260	0.3745	28.80	window	-0.8788	window	-0.6325	475.0	2026-09-08	window	-0.6325	-0.7492	—	D1	window	-0.2599
2026-09-08	TWG	H2	pre	ضعيف	10-30%	قبل الشحن	0.5550	0.5244	5.51	loss	-1.3094	loss	-1.3094	4.0	2026-09-08	loss	-1.3094	-1.3094	—	D1	loss	-1.2330
2026-09-09	BIAF	H2	pre	قوي	10-30%	قبل الشحن	10.4900	9.4360	10.05	win	0.7998	window	-0.0845	474.0	2026-09-09	window	-0.0845	0.2975	—	D1	loss	-1.1736
2026-09-09	BNR	H2	reg	ضعيف	10-30%	T-C	12.9200	12.9171	0.02	loss	-375.8934	loss	-375.8934	1.0	2026-09-09	loss	-375.8934	-375.8934	—	D1	—	—
2026-09-09	BRNX	H2	pre	قوي	<10%	قبل الشحن	2.4550	2.3300	5.09	window	-0.5479	window	1.1814	389.0	2026-09-09	window	1.1814	0.7289	—	D1	loss	-1.3032
2026-09-09	FTFT	H2	reg	قوي	≥30%	قبل الشحن	2.9401	1.6019	45.52	win	0.1765	window	-0.6778	309.0	2026-09-09	window	-0.6778	-0.6693	—	D1	window	0.0277
2026-09-09	INDP	H2	reg	متوسط	10-30%	قبل الشحن	2.1076	1.8900	10.32	win	0.7783	window	-0.3878	385.0	2026-09-09	window	-0.3878	-0.2073	—	D1	window	0.4027
2026-09-09	IPDN	H2	after	متوسط	10-30%	T-C	0.1249	0.1316	—	—	—	—	—	—	—	—	—	—	—	—	—	—
2026-09-09	LHSW	H2	reg	ضعيف	<10%	قبل الشحن	0.9894	0.9300	6.00	win	1.3385	window	0.2912	379.0	2026-09-09	window	0.2912	1.1989	—	D1	window	0.6187
2026-09-09	MGN	H2	pre	متوسط	<10%	قبل الشحن	0.4518	0.1292	71.40	win	0.1125	window	-0.5639	413.0	2026-09-09	window	-0.5639	-0.6010	—	D1	window	-0.2167
2026-09-09	ODD	H2	pre	متوسط	10-30%	قبل الشحن	16.2288	14.2500	12.19	window	0.4746	window	-0.0118	533.0	2026-09-09	window	-0.0118	0.0151	—	D1	—	—
2026-09-09	PCLA	H2	reg	ضعيف	10-30%	R1	7.5000	6.5050	13.27	window	-0.2410	window	-0.2531	148.0	2026-09-09	window	-0.2531	-0.0260	—	D0	—	—
2026-09-09	SDA	H2	reg	؟	؟	T-C	0.5917	0.5906	0.19	loss	-8.8864	loss	-8.8864	1.0	2026-09-09	loss	-8.8864	-8.8864	—	D0	loss	-27.6330
2026-09-09	SGLY	H2	reg	متوسط	10-30%	T-C	1.9100	1.8890	1.10	loss	-2.6239	loss	-2.6239	5.0	2026-09-09	loss	-2.6239	-2.6239	—	D0	loss	-2.6895
2026-09-09	SKYE	H2	after	ضعيف	10-30%	T-C	2.2900	2.2800	0.44	window	-4.6589	loss	-11.9374	833.0	2026-09-10	—	—	-11.9374	-11.9374	D1	—	—
2026-09-09	SUNE	H2	reg	قوي	≥30%	T-C	3.6950	3.4900	5.55	loss	-1.3236	loss	-1.3236	1.0	2026-09-09	loss	-1.3236	-1.3236	—	D1	—	—
2026-09-09	TNON	H2	reg	متوسط	<10%	R1	4.1220	2.7600	33.04	loss	-1.2480	loss	-1.2480	3.0	2026-09-09	loss	-1.2480	-1.2480	—	D0	window	-1.0229
2026-09-09	YMAT	H2	reg	قوي	≥30%	T-C	2.3801	1.9101	19.75	loss	-1.0545	loss	-1.0545	2.0	2026-09-09	loss	-1.0545	-1.0545	—	D1	—	—
2026-09-09	ZTG	H2	reg	ضعيف	10-30%	R1	0.7700	0.6309	18.06	win	0.4448	window	-0.1504	265.0	2026-09-09	window	-0.1504	-0.5740	—	D1	window	-0.6135
2026-09-10	AHMA	H2	reg	قوي	≥30%	R1	1.9100	1.4750	22.77	window	-0.8009	window	-0.4171	384.0	2026-09-10	window	-0.4171	-0.2139	—	D1	—	—
2026-09-10	ALP	H2	reg	ضعيف	<10%	R1	3.9650	3.7550	5.30	loss	-1.2622	loss	-1.2622	21.0	2026-09-10	loss	-1.2622	-1.2622	—	D0	loss	-1.3066
2026-09-10	BYSI	H2	reg	ضعيف	10-30%	T-C	0.7590	0.7364	2.98	window	-0.5519	window	-0.2868	244.0	2026-09-10	window	-0.2868	-1.7145	—	D1	—	—
2026-09-10	CLIK	H2	pre	؟	؟	T-C	1.2793	1.3500	—	—	—	—	—	—	—	—	—	—	—	—	—	—
2026-09-10	DBGI	H2	reg	قوي	10-30%	T-C	4.5109	4.4502	1.35	win	5.9717	window	34.7404	346.0	2026-09-10	window	34.7404	33.3343	—	D1	—	—
2026-09-10	EHGO	H2	pre	؟	؟	T-C	1.0900	1.1100	—	—	—	—	—	—	—	—	—	—	—	—	—	—
2026-09-10	FNGR	H2	reg	ضعيف	<10%	R1	0.1889	0.1749	7.41	window	-0.1708	window	-0.5286	240.0	2026-09-10	window	-0.5286	-1.0687	—	D1	window	-0.2187
2026-09-10	GDHG	H2	pre	قوي	≥30%	R1	1.3900	1.4315	—	—	—	—	—	—	—	—	—	—	—	—	—	—
2026-09-10	HCAI	H2	reg	ضعيف	<10%	R1	3.0122	2.5100	16.67	win	0.4820	loss	-1.3221	337.0	2026-09-10	loss	-1.3221	-1.3221	—	D1	—	—
2026-09-10	INDP	H2	reg	ضعيف	10-30%	T-C	2.5207	2.5100	0.42	loss	-5.0081	loss	-5.0081	6.0	2026-09-10	loss	-5.0081	-5.0081	—	D1	loss	-4.2470
2026-09-10	IPDN	H2	pre	قوي	10-30%	R1	0.1682	0.1378	18.07	win	0.4446	window	-0.9743	524.0	2026-09-10	window	-0.9743	-1.1352	—	D1	—	—
2026-09-10	LBGJ	H2	after	قوي	<10%	R1	2.3400	2.0500	12.39	win	0.6484	window	-0.4452	1265.0	2026-09-11	—	—	-0.1102	-0.4452	D1	—	—
2026-09-10	PCLA	H2	pre	متوسط	10-30%	T-C	8.8900	8.8500	0.45	loss	-6.1741	loss	-6.1741	1.0	2026-09-10	loss	-6.1741	-6.1741	—	D1	—	—
2026-09-10	REBN	H2	reg	؟	؟	R1	0.8186	0.8049	1.67	loss	-2.8575	loss	-2.8575	1.0	2026-09-10	loss	-2.8575	-2.8575	—	D1	loss	-2.1998
2026-09-10	SLXN	H2	pre	قوي	10-30%	T-C	0.4400	0.3800	13.64	loss	-1.1405	loss	-1.1405	20.0	2026-09-10	loss	-1.1405	-1.1405	—	D1	window	0.1119
2026-09-10	TANH	H2	reg	ضعيف	10-30%	T-C	23.1850	23.9450	—	—	—	—	—	—	—	—	—	—	—	—	—	—
2026-09-10	TNON	H2	pre	قوي	≥30%	T-C	3.6200	3.5800	1.10	loss	-2.2024	loss	-2.2024	4.0	2026-09-10	loss	-2.2024	-2.2024	—	D1	loss	-4.2279
2026-09-10	TURB	H2	reg	ضعيف	<10%	R1	1.2210	1.2100	0.90	window	-1.1786	window	2.3929	254.0	2026-09-10	window	2.3929	1.5000	—	D1	—	—
2026-09-10	VIOT	H2	reg	ضعيف	10-30%	R1	1.3381	1.2101	9.57	window	-0.1721	window	-0.0186	376.0	2026-09-10	window	-0.0186	-0.0954	—	D1	window	0.0070
2026-09-10	YMAT	H2	after	ضعيف	<10%	R1	2.3150	2.1700	6.26	window	-0.2512	loss	-1.6761	488.0	2026-09-11	—	—	-1.6761	-1.6761	D1	loss	-1.2405
2026-09-11	ADXN	H2	reg	؟	؟	R1	3.6284	3.4250	—	—	—	—	—	—	—	—	—	—	—	—	—	—
2026-09-11	AEHL	H2	reg	متوسط	10-30%	T-C	9.0000	9.0800	—	—	—	—	—	—	—	—	—	—	—	—	—	—
2026-09-11	AIXC	H2	reg	ضعيف	10-30%	T-C	0.8995	0.8849	1.62	loss	-2.1809	loss	-2.1809	1.0	2026-09-11	loss	-2.1809	-2.1809	—	D0	window	3.8939
2026-09-11	BDRX	H2	pre	قوي	≥30%	R1	0.9074	0.7811	13.92	win	0.5773	window	2.8539	713.0	2026-09-11	window	2.8539	2.1828	—	D1	—	—
2026-09-11	BTCT	H2	pre	ضعيف	10-30%	R1	1.5207	1.5000	1.36	loss	-2.0629	loss	-2.0629	13.0	2026-09-11	loss	-2.0629	-2.0629	—	D1	loss	-1.9807
2026-09-11	CDTG	H2	reg	ضعيف	10-30%	T-C	1.5500	1.5351	0.96	win	8.3593	loss	-3.3755	51.0	2026-09-11	loss	-3.3755	-3.3755	—	D1	window	0.4466
2026-09-11	CRMT	H2	reg	ضعيف	10-30%	T-C	1.8950	1.9000	—	—	—	—	—	—	—	—	—	—	—	—	—	—
2026-09-11	EUDA	H2	reg	ضعيف	<10%	R1	13.6000	13.2550	2.54	window	-1.1310	window	-1.1310	65.0	2026-09-11	window	-1.1310	-1.1310	—	D0	window	-0.0154
2026-09-11	FGL	H2	after	ضعيف	10-30%	T-C	5.4450	5.8984	—	—	—	—	—	—	—	—	—	—	—	—	—	—
2026-09-11	FTFT	H2	pre	ضعيف	10-30%	T-C	2.3900	2.3515	1.61	win	4.9884	window	10.6262	402.0	2026-09-11	window	10.6262	1.1874	—	D1	loss	-1.9710
2026-09-11	GAUZ	H2	reg	ضعيف	10-30%	T-C	8.1800	8.1100	0.86	loss	-14.1048	loss	-14.1048	1.0	2026-09-11	loss	-14.1048	-14.1048	—	D0	loss	-7.3334
2026-09-11	GNLN	H2	reg	؟	؟	T-C	3.1100	3.1000	0.32	loss	-7.2111	loss	-7.2111	4.0	2026-09-11	loss	-7.2111	-7.2111	—	D0	loss	-5.1907
2026-09-11	HCAI	H2	pre	قوي	<10%	R1	2.1000	1.8900	10.00	win	0.8036	window	0.8036	409.0	2026-09-11	window	0.8036	1.1230	—	D1	loss	-1.1996
2026-09-11	IMMP	H2	after	متوسط	10-30%	T-C	0.3799	0.3933	—	—	—	—	—	—	—	—	—	—	—	—	—	—
2026-09-11	KPTI	H2	reg	ضعيف	<10%	R1	1.4400	1.5000	—	—	—	—	—	—	—	—	—	—	—	—	—	—
2026-09-11	LBGJ	H2	pre	قوي	≥30%	T-C	2.5700	2.5005	2.70	loss	-1.6294	loss	-1.6294	1.0	2026-09-11	loss	-1.6294	-1.6294	—	D1	—	—
2026-09-11	NCRA	H2	reg	ضعيف	10-30%	T-C	2.2399	2.2300	0.44	loss	-6.0008	loss	-6.0008	1.0	2026-09-11	loss	-6.0008	-6.0008	—	D0	loss	-5.5348
2026-09-11	NCT	H2	after	قوي	10-30%	R1	0.4217	0.2993	29.03	win	0.2769	window	0.4865	4254.0	2026-09-14	—	—	-0.7143	0.4865	D1	—	—
2026-09-11	PCLA	H2	pre	؟	؟	T-C	11.5500	11.7869	—	—	—	—	—	—	—	—	—	—	—	—	—	—
2026-09-11	PSIG	H2	reg	قوي	10-30%	R1	2.7829	2.5360	8.87	window	-0.3918	loss	-1.5859	208.0	2026-09-11	loss	-1.5859	-1.5859	—	D1	window	1.0211
2026-09-11	RDIB	H2	reg	متوسط	10-30%	R1	17.4300	16.2400	6.83	window	-0.4926	window	-0.6082	5.0	2026-09-11	window	-0.6082	-0.5834	—	D0	—	—
2026-09-11	SCNI	H2	after	متوسط	10-30%	R1	2.0100	1.8300	8.96	window	-0.2540	window	1.9831	4299.0	2026-09-14	—	—	-0.0903	1.9831	D1	—	—
2026-09-11	SGRX	H2	reg	قوي	≥30%	R1	1.7401	1.7405	—	—	—	—	—	—	—	—	—	—	—	—	—	—
2026-09-11	SXTC	H2	pre	ضعيف	10-30%	R1	2.3200	2.2500	3.02	loss	-2.1396	loss	-2.1396	1.0	2026-09-11	loss	-2.1396	-2.1396	—	D1	—	—
2026-09-11	TANH	H2	reg	؟	؟	T-C	28.4700	28.9985	—	—	—	—	—	—	—	—	—	—	—	—	—	—
2026-09-11	TNON	H2	pre	قوي	10-30%	T-C	6.5200	6.3100	3.22	win	2.4949	loss	-1.8240	508.0	2026-09-11	loss	-1.8240	-1.8240	—	D1	window	11.1936
2026-09-11	TRUG	H2	pre	قوي	10-30%	R1	0.4110	0.3875	5.72	win	1.4054	window	9.7181	527.0	2026-09-11	window	9.7181	6.9639	—	D1	window	-0.1674
2026-09-11	UPC	H2	reg	؟	؟	T-C	4.5250	4.7000	—	—	—	—	—	—	—	—	—	—	—	—	—	—
2026-09-11	VMAR	H2	reg	ضعيف	<10%	R1	6.9979	6.5000	7.11	window	-0.0496	window	0.2463	345.0	2026-09-11	window	0.2463	-0.1482	—	D1	window	0.2220
2026-09-11	VSME	H2	after	قوي	10-30%	T-C	1.1600	1.0600	8.62	win	0.9321	window	1.4134	4282.0	2026-09-14	—	—	0.5786	1.4134	D3	—	—
2026-09-14	AIXC	H2	reg	ضعيف	10-30%	T-C	1.0600	1.0300	2.83	loss	-1.7873	loss	-1.7873	5.0	2026-09-14	loss	-1.7873	-1.7873	—	D1	window	1.4770
2026-09-14	BMGL	H2	pre	متوسط	10-30%	T-C	6.1700	5.4000	12.48	win	0.6439	window	1.2090	465.0	2026-09-14	window	1.2090	1.6171	—	D1	—	—
2026-09-14	CTNT	H2	reg	متوسط	<10%	R1	0.3114	0.2299	26.17	loss	-1.2217	loss	-1.2217	8.0	2026-09-14	loss	-1.2217	-1.2217	—	D0	—	—
2026-09-14	DRCT	H2	pre	متوسط	10-30%	T-C	2.0806	1.9400	6.76	loss	-1.6755	loss	-1.6755	2.0	2026-09-14	loss	-1.6755	-1.6755	—	D1	—	—
2026-09-14	EUDA	H2	reg	؟	؟	T-C	16.0232	16.0200	0.02	win	402.3684	loss	-70.7419	146.0	2026-09-14	loss	-70.7419	-70.7419	—	D1	loss	-74.1116
2026-09-14	FTFT	H2	reg	ضعيف	10-30%	R1	3.2000	3.2500	—	—	—	—	—	—	—	—	—	—	—	—	—	—
2026-09-14	LHSW	H2	pre	ضعيف	10-30%	T-C	0.5386	0.5663	—	—	—	—	—	—	—	—	—	—	—	—	—	—
2026-09-14	MYSZ	H2	after	قوي	10-30%	T-C	2.2620	1.9000	16.00	win	0.5021	window	0.0186	1291.0	2026-09-15	—	—	0.3320	0.0186	D2	window	-0.4134
2026-09-14	NCT	H2	pre	قوي	≥30%	T-C	0.4419	0.4265	3.48	win	2.3058	loss	-1.5748	383.0	2026-09-14	loss	-1.5748	-1.5748	—	D1	—	—
2026-09-14	SCNI	H2	pre	قوي	≥30%	T-C	2.7200	2.5200	7.35	loss	-1.3162	loss	-1.3162	6.0	2026-09-14	loss	-1.3162	-1.3162	—	D1	—	—
2026-09-14	TNON	H2	pre	متوسط	<10%	R1	5.5900	5.2700	5.72	win	1.4037	window	-0.4040	390.0	2026-09-14	window	-0.4040	-0.5268	—	D1	loss	-1.5391
2026-09-14	TRUG	H2	reg	ضعيف	<10%	R1	0.5868	0.5671	3.36	window	-0.4222	window	2.0057	261.0	2026-09-14	window	2.0057	0.8790	—	D1	loss	-1.7385
2026-09-14	UZX	H2	pre	قوي	10-30%	T-C	0.1321	0.1070	19.00	loss	-1.0884	loss	-1.0884	1.0	2026-09-14	loss	-1.0884	-1.0884	—	D1	window	0.0142
2026-09-14	VEEA	H2	reg	ضعيف	10-30%	T-C	1.8399	1.8600	—	—	—	—	—	—	—	—	—	—	—	—	—	—
2026-09-14	VSME	H2	pre	ضعيف	10-30%	T-C	1.3400	1.2685	5.34	loss	-1.2465	loss	-1.2465	6.0	2026-09-14	loss	-1.2465	-1.2465	—	D1	—	—
2026-09-15	BDRX	H2	reg	قوي	10-30%	R1	2.5700	1.2100	52.92	loss	-1.0155	loss	-1.0155	20.0	2026-09-15	loss	-1.0155	-1.0155	—	D1	window	-0.3338
2026-09-15	CDT	H2	reg	ضعيف	<10%	R1	0.2098	0.1933	7.86	window	-0.5455	window	-0.4175	217.0	2026-09-15	window	-0.4175	-0.8699	—	D1	window	-0.1491
2026-09-15	CLNN	H2	reg	ضعيف	10-30%	T-C	4.0349	3.9000	3.34	window	-0.4242	window	-0.6426	241.0	2026-09-15	window	-0.6426	-1.0066	—	D1	—	—
2026-09-15	GVH	H2	reg	قوي	10-30%	T-C	1.3300	1.2400	6.77	loss	-1.5150	loss	-1.5150	13.0	2026-09-15	loss	-1.5150	-1.5150	—	D1	loss	-1.2029
2026-09-15	HQ	H2	reg	ضعيف	10-30%	R1	12.5299	11.6600	6.94	win	1.1575	window	0.5332	145.0	2026-09-15	window	0.5332	0.8268	—	D0	window	2.8300
2026-09-15	IPW	H2	reg	ضعيف	10-30%	T-C	2.4100	2.3125	4.05	loss	-1.7468	loss	-1.7468	7.0	2026-09-15	loss	-1.7468	-1.7468	—	D1	window	-0.9406
2026-09-15	MEDS	H2	reg	ضعيف	<10%	R1	0.9118	0.8680	4.80	win	1.6728	window	15.7327	234.0	2026-09-15	window	15.7327	22.0113	—	D1	—	—
2026-09-15	MYSZ	H2	pre	قوي	≥30%	T-C	3.0800	2.3003	25.31	loss	-1.0651	loss	-1.0651	55.0	2026-09-15	loss	-1.0651	-1.0651	—	D1	window	-0.0232
2026-09-15	NAMI	H2	reg	قوي	10-30%	T-C	2.1600	2.1100	2.31	loss	-1.7608	loss	-1.7608	45.0	2026-09-15	loss	-1.7608	-1.7608	—	D0	loss	-2.7853
2026-09-15	NEXR	H2	reg	؟	؟	T-C	1.8300	1.7950	1.91	loss	-1.8257	loss	-1.8257	3.0	2026-09-15	loss	-1.8257	-1.8257	—	D0	loss	-1.7368
2026-09-15	PDSB	H2	reg	متوسط	10-30%	T-C	0.4853	0.4607	5.07	win	1.5853	window	3.6222	373.0	2026-09-15	window	3.6222	5.6264	—	D1	window	8.2437
2026-09-15	PFSA	H2	reg	ضعيف	<10%	R1	1.8126	1.7701	—	window	0.0796	—	—	—	—	—	—	0.1004	—	—	—	—
2026-09-15	PHOE	H2	reg	متوسط	10-30%	T-C	24.6200	23.1600	5.93	loss	-1.9842	loss	-1.9842	4.0	2026-09-15	loss	-1.9842	-1.9842	—	D1	—	—
2026-09-15	PN	H2	reg	متوسط	10-30%	T-C	2.4490	2.4200	1.18	loss	-2.4544	loss	-2.4544	1.0	2026-09-15	loss	-2.4544	-2.4544	—	D0	loss	-2.7947
2026-09-15	PTLE	H2	reg	ضعيف	10-30%	T-C	8.7400	8.4600	3.20	loss	-2.2844	loss	-2.2844	12.0	2026-09-15	loss	-2.2844	-2.2844	—	D1	—	—
2026-09-15	RETO	H2	reg	قوي	10-30%	R1	0.4497	0.3604	19.86	win	0.4047	window	32.4682	310.0	2026-09-15	window	32.4682	42.6019	—	D1	window	-0.1165
2026-09-15	SLXN	H2	pre	متوسط	10-30%	T-C	0.4399	0.4538	—	—	—	—	—	—	—	—	—	—	—	—	—	—
2026-09-15	STAK	H2	after	متوسط	10-30%	R1	1.2300	1.2400	—	—	—	—	—	—	—	—	—	—	—	—	—	—
2026-09-15	TNON	H2	pre	قوي	10-30%	T-C	6.8700	6.5400	4.80	loss	-1.4739	loss	-1.4739	9.0	2026-09-15	loss	-1.4739	-1.4739	—	D1	window	0.8356
2026-09-15	UPLD	H2	reg	ضعيف	10-30%	T-C	3.8100	3.8700	—	—	—	—	—	—	—	—	—	—	—	—	—	—
2026-09-15	VEEA	H2	pre	؟	؟	T-C	3.8800	3.7600	3.09	loss	-1.5828	loss	-1.5828	7.0	2026-09-15	loss	-1.5828	-1.5828	—	D1	—	—
2026-09-15	VWAV	H2	reg	قوي	10-30%	T-C	0.5480	0.5489	—	—	—	—	—	—	—	—	—	—	—	—	—	—
2026-09-15	WNW	H2	after	؟	؟	T-C	2.6000	2.6400	—	—	—	—	—	—	—	—	—	—	—	—	—	—
2026-09-15	ZSQR	H2	reg	ضعيف	<10%	R1	2.3050	2.1650	6.07	window	-0.6097	window	-0.2940	1.0	2026-09-15	window	-0.2940	-0.4694	—	D0	loss	-1.5387
