SET,ARCHITECTURE,FAISAL_ROWS,TICKERS,RECALL_ANY_STAGE,RECALL_MATCHED_STAGE,FIRST_DIVERGENCE_TICKERS,FIRST_DIVERGENCE_SHARE,FIRST_DIVERGENCE_DATES,CONTROL_DAYS,FP_OBSERVATION_STAGE,FP_OBSERVATION_RATE,FP_ALERT_STAGE,FP_ALERT_RATE,TRANSITION_TIMING_SESSIONS_STAGE_TO_FAISAL_READY_ENTRY
discovery,A,46,22,2,2,22,1.0,AMIX:2026-08-24;BETA:2026-04-06;CANF:2026-07-20;CDIO:2026-01-28;CRE:2025-08-04;DXST:2026-06-16;EHGO:2026-05-22;ELAB:2026-04-13;ELPW:2026-01-22;FRSX:2026-03-30;MNDR:2026-07-31;NUWE:2026-07-28;ONCO:2026-07-27;PIII:2026-05-18;SLXN:2026-08-06;SMX:2026-04-27;SPRC:2026-07-17;TRUG:2026-03-30;UPC:2026-07-31;WORX:2026-04-13;ZCMD:2026-07-02;ZNB:2026-08-03,88,15,0.17,15,0.17,n/a
discovery,REMOVE,46,22,13,13,16,0.727,AMIX:2026-08-24;BETA:2026-04-06;CANF:2026-07-20;CDIO:2026-01-28;CRE:2025-08-04;DXST:2026-06-16;EHGO:2026-05-22;ELAB:2026-04-13;FRSX:2026-03-30;MNDR:2026-07-31;ONCO:2026-07-27;PIII:2026-05-18;SMX:2026-04-27;TRUG:2026-03-30;ZCMD:2026-07-02;ZNB:2026-08-03,88,88,1.0,88,1.0,n/a
discovery,B,46,22,16,12,14,0.636,AMIX:2026-08-24;BETA:2026-04-06;CANF:2026-07-20;CDIO:2026-01-28;CRE:2025-08-04;EHGO:2026-05-22;ELAB:2026-04-13;FRSX:2026-03-30;MNDR:2026-07-31;ONCO:2026-07-27;SMX:2026-04-27;TRUG:2026-03-30;ZCMD:2026-07-02;ZNB:2026-08-03,88,88,1.0,9,0.102,n/a
discovery,C,46,22,16,14,14,0.636,AMIX:2026-08-24;BETA:2026-04-06;CANF:2026-07-20;CDIO:2026-01-28;CRE:2025-08-04;EHGO:2026-05-22;ELAB:2026-04-13;FRSX:2026-03-30;MNDR:2026-07-31;ONCO:2026-07-27;SMX:2026-04-27;TRUG:2026-03-30;ZCMD:2026-07-02;ZNB:2026-08-03,88,88,1.0,35,0.398,median 9.5 IQR 4.8-14.2 n 2
discovery,D,46,22,16,14,14,0.636,AMIX:2026-08-24;BETA:2026-04-06;CANF:2026-07-20;CDIO:2026-01-28;CRE:2025-08-04;EHGO:2026-05-22;ELAB:2026-04-13;FRSX:2026-03-30;MNDR:2026-07-31;ONCO:2026-07-27;SMX:2026-04-27;TRUG:2026-03-30;ZCMD:2026-07-02;ZNB:2026-08-03,88,88,1.0,30,0.341,median 9.5 IQR 4.8-14.2 n 2
validation,A,29,16,3,3,14,0.875,BRTX:2026-10-05;CIIT:2026-09-25;CUPR:2026-09-14;DCOY:2026-09-22;EDBL:2026-09-22;GCTK:2026-09-24;IPDN:2026-09-23;MSGY:2026-09-14;NRSN:2026-09-28;OMH:2026-09-28;PPBT:2026-09-04;STKH:2026-09-04;SVRE:2026-09-14;YMT:2026-09-04,64,15,0.234,15,0.234,n/a
validation,REMOVE,29,16,21,21,4,0.25,IPDN:2026-09-23;PPBT:2026-09-04;STKH:2026-09-04;YMT:2026-09-04,64,64,1.0,64,1.0,n/a
validation,B,29,16,24,23,3,0.188,IPDN:2026-09-23;STKH:2026-09-04;YMT:2026-09-04,64,64,1.0,7,0.109,n/a
validation,C,29,16,24,23,3,0.188,IPDN:2026-09-23;STKH:2026-09-04;YMT:2026-09-04,64,64,1.0,26,0.406,n/a
validation,D,29,16,24,23,3,0.188,IPDN:2026-09-23;STKH:2026-09-04;YMT:2026-09-04,64,64,1.0,21,0.328,n/a
anchor,A,8,3,0,0,3,1.0,DKI:2026-09-14;HUBC:2026-04-24;SXTC:2026-09-10,12,1,0.083,1,0.083,n/a
anchor,REMOVE,8,3,2,2,2,0.667,HUBC:2026-04-24;SXTC:2026-09-10,12,12,1.0,12,1.0,n/a
anchor,B,8,3,2,2,2,0.667,HUBC:2026-04-24;SXTC:2026-09-10,12,12,1.0,1,0.083,n/a
anchor,C,8,3,2,2,2,0.667,HUBC:2026-04-24;SXTC:2026-09-10,12,12,1.0,6,0.5,n/a
anchor,D,8,3,2,2,2,0.667,HUBC:2026-04-24;SXTC:2026-09-10,12,12,1.0,5,0.417,n/a
