SET,TARGET,N,N_EVALUABLE,N_UNKNOWN,MEDIAN,Q1,Q3,MIN,MAX,PROP_POSITIVE,PROP_ZERO,PROP_NEGATIVE,NOTE
discovery,FIRST_STATE,22,22,0,5.0,2.2,10.8,1,24,1.0,0.0,0.0,sessions from FIRST_TOUCH (of the level in force at the first state date) to the documented state; negative impossible by construction for FIRST_STATE (level measured at that date) — see report
discovery,FOCUS,22,0,22,,,,,,,,,sessions from FIRST_TOUCH (of the level in force at the first state date) to the documented state; negative impossible by construction for FIRST_STATE (level measured at that date) — see report
discovery,WATCH,22,18,4,4.5,2.0,8.5,1,14,1.0,0.0,0.0,sessions from FIRST_TOUCH (of the level in force at the first state date) to the documented state; negative impossible by construction for FIRST_STATE (level measured at that date) — see report
discovery,READY,22,3,19,24,14.0,24.0,4,24,1.0,0.0,0.0,sessions from FIRST_TOUCH (of the level in force at the first state date) to the documented state; negative impossible by construction for FIRST_STATE (level measured at that date) — see report
discovery,ENTRY,22,2,20,13.5,10.8,16.2,8,19,1.0,0.0,0.0,sessions from FIRST_TOUCH (of the level in force at the first state date) to the documented state; negative impossible by construction for FIRST_STATE (level measured at that date) — see report
validation,FIRST_STATE,16,16,0,4.0,1.0,13.5,1,30,1.0,0.0,0.0,sessions from FIRST_TOUCH (of the level in force at the first state date) to the documented state; negative impossible by construction for FIRST_STATE (level measured at that date) — see report
validation,FOCUS,16,5,11,3,2.0,6.0,2,30,1.0,0.0,0.0,sessions from FIRST_TOUCH (of the level in force at the first state date) to the documented state; negative impossible by construction for FIRST_STATE (level measured at that date) — see report
validation,WATCH,16,11,5,6,1.0,16.0,1,30,1.0,0.0,0.0,sessions from FIRST_TOUCH (of the level in force at the first state date) to the documented state; negative impossible by construction for FIRST_STATE (level measured at that date) — see report
validation,READY,16,1,15,1,1.0,1.0,1,1,1.0,0.0,0.0,sessions from FIRST_TOUCH (of the level in force at the first state date) to the documented state; negative impossible by construction for FIRST_STATE (level measured at that date) — see report
validation,ENTRY,16,0,16,,,,,,,,,sessions from FIRST_TOUCH (of the level in force at the first state date) to the documented state; negative impossible by construction for FIRST_STATE (level measured at that date) — see report
anchor,FIRST_STATE,3,3,0,1,1.0,3.0,1,5,1.0,0.0,0.0,sessions from FIRST_TOUCH (of the level in force at the first state date) to the documented state; negative impossible by construction for FIRST_STATE (level measured at that date) — see report
anchor,FOCUS,3,2,1,4.0,2.5,5.5,1,7,1.0,0.0,0.0,sessions from FIRST_TOUCH (of the level in force at the first state date) to the documented state; negative impossible by construction for FIRST_STATE (level measured at that date) — see report
anchor,WATCH,3,1,2,1,1.0,1.0,1,1,1.0,0.0,0.0,sessions from FIRST_TOUCH (of the level in force at the first state date) to the documented state; negative impossible by construction for FIRST_STATE (level measured at that date) — see report
anchor,READY,3,1,2,5,5.0,5.0,5,5,1.0,0.0,0.0,sessions from FIRST_TOUCH (of the level in force at the first state date) to the documented state; negative impossible by construction for FIRST_STATE (level measured at that date) — see report
anchor,ENTRY,3,1,2,6,6.0,6.0,6,6,1.0,0.0,0.0,sessions from FIRST_TOUCH (of the level in force at the first state date) to the documented state; negative impossible by construction for FIRST_STATE (level measured at that date) — see report
discovery+validation,FIRST_STATE,38,38,0,5.0,2.0,11.0,1,30,1.0,0.0,0.0,sessions from FIRST_TOUCH (of the level in force at the first state date) to the documented state; negative impossible by construction for FIRST_STATE (level measured at that date) — see report
discovery+validation,FOCUS,38,5,33,3,2.0,6.0,2,30,1.0,0.0,0.0,sessions from FIRST_TOUCH (of the level in force at the first state date) to the documented state; negative impossible by construction for FIRST_STATE (level measured at that date) — see report
discovery+validation,WATCH,38,29,9,5,1.0,10.0,1,30,1.0,0.0,0.0,sessions from FIRST_TOUCH (of the level in force at the first state date) to the documented state; negative impossible by construction for FIRST_STATE (level measured at that date) — see report
discovery+validation,READY,38,4,34,14.0,3.2,24.0,1,24,1.0,0.0,0.0,sessions from FIRST_TOUCH (of the level in force at the first state date) to the documented state; negative impossible by construction for FIRST_STATE (level measured at that date) — see report
discovery+validation,ENTRY,38,2,36,13.5,10.8,16.2,8,19,1.0,0.0,0.0,sessions from FIRST_TOUCH (of the level in force at the first state date) to the documented state; negative impossible by construction for FIRST_STATE (level measured at that date) — see report
