SET,MOVE_ARCH,REMOVE_RECALL_ANY,MOVE_RECALL_ANY,REMOVE_RECALL_MATCHED,MOVE_RECALL_MATCHED,A_FP_ALERT_RATE,REMOVE_FP_ALERT_RATE,MOVE_FP_ALERT_RATE,MOVE_FP_OBSERVATION_RATE,REMOVE_FP_OBSERVATION_RATE,RULE_RECALL_KEPT_80PCT,RULE_ALERT_NOISE_LE_1_5x_A,MOVE_BETTER_THAN_REMOVE_PER_PREREG
discovery,B,13,16,13,12,0.17,1.0,0.102,1.0,1.0,1,1,1
discovery,C,13,16,13,14,0.17,1.0,0.398,1.0,1.0,1,0,0
discovery,D,13,16,13,14,0.17,1.0,0.341,1.0,1.0,1,0,0
validation,B,21,24,21,23,0.234,1.0,0.109,1.0,1.0,1,1,1
validation,C,21,24,21,23,0.234,1.0,0.406,1.0,1.0,1,0,0
validation,D,21,24,21,23,0.234,1.0,0.328,1.0,1.0,1,1,1
anchor,B,2,2,2,2,0.083,1.0,0.083,1.0,1.0,1,1,1
anchor,C,2,2,2,2,0.083,1.0,0.5,1.0,1.0,1,0,0
anchor,D,2,2,2,2,0.083,1.0,0.417,1.0,1.0,1,0,0
