TICKER,SET,FIRST_TOUCH_DATE,FIRST_STATE_DATE,FIRST_STATE_CLASS,SESSIONS_FT_TO_STATE,SECOND_TOUCH_DATE,SECOND_TOUCH_STATUS,RETEST_DATE,RETEST_BRANCH,TRIGGER_DATE,TRIGGER_BRANCH,BREAK_DATE,BREAK_KIND,READY_DATE,ENTRY_DATE,E2_VS_STATE,E3_VS_STATE,E2_VS_READY,E3_VS_READY,E2_VS_ENTRY,E3_VS_ENTRY,E4_VS_ENTRY,CHECKS,ORDER_RESULT,CLASS_READING,EVIDENCE_QUALITY,DATE_AMBIGUOUS,LOOKAHEAD_SAFE,FUTURE_REVEAL_DATE
AMIX,discovery,2026-07-28,2026-08-24,ENTRY,19,,WINDOW_EXPIRED,,,,,2026-10-08,NO_RETEST_IN_60,,2026-08-24,NEVER,NEVER,UNKNOWN,UNKNOWN,NEVER,NEVER,NEVER,FT<=STATE=ok,INSUFFICIENT,READY/ENTRY declared with no retest(E3),ACTION,0,1,2026-10-08
BETA,discovery,2026-03-30,2026-04-06,WATCH,4,,WINDOW_EXPIRED,2026-05-07,sweep,2026-05-07,sweep_reclaim,,,,,NEVER,AFTER,UNKNOWN,UNKNOWN,UNKNOWN,UNKNOWN,UNKNOWN,FT<=STATE=ok;STATE<E3=ok,EXPECTED,WATCH/FOCUS declared before retest(E3),DIRECT_TEXT,1,1,2026-10-08
BRTX,validation,2026-10-02,2026-10-05,WATCH,1,,LEVEL_INVALIDATED,,,,,2026-10-08,NO_RETEST_IN_60,,,NEVER,NEVER,UNKNOWN,UNKNOWN,UNKNOWN,UNKNOWN,UNKNOWN,FT<=STATE=ok,INSUFFICIENT,WATCH/FOCUS declared with no retest(E3),DIRECT_TEXT,1,1,2026-10-08
CANF,discovery,2026-06-29,2026-07-20,WATCH,14,,WINDOW_EXPIRED,2026-07-01,sweep,2026-07-01,sweep_reclaim,,,,,NEVER,BEFORE,UNKNOWN,UNKNOWN,UNKNOWN,UNKNOWN,UNKNOWN,FT<=STATE=ok;STATE<E3=FAIL,CONTRADICTED,WATCH/FOCUS declared after retest(E3),DIRECT_TEXT+REPEATED_ATTENTION,0,1,2026-10-08
CDIO,discovery,2026-01-14,2026-01-28,WATCH,9,2026-01-22,E2,2026-01-16,sweep,2026-01-16,sweep_reclaim,,,,,BEFORE,BEFORE,UNKNOWN,UNKNOWN,UNKNOWN,UNKNOWN,UNKNOWN,FT<=STATE=ok;STATE<E2=FAIL;STATE<E3=FAIL,CONTRADICTED,WATCH/FOCUS declared after retest(E3),DIRECT_TEXT,0,1,2026-10-08
CETX,validation,2026-09-10,2026-09-14,FOCUS,2,2026-09-14,E2,2026-09-14,sweep,,,2026-09-21,BROKEN_BELOW_SWEEP_MAX,,,SAME,SAME,UNKNOWN,UNKNOWN,UNKNOWN,UNKNOWN,UNKNOWN,FT<=STATE=ok;STATE<E2=FAIL;STATE<E3=FAIL,CONTRADICTED,WATCH/FOCUS declared at retest(E3),DIRECT_TEXT,1,1,2026-10-08
CIIT,validation,2026-09-16,2026-09-25,WATCH,7,,WINDOW_EXPIRED,,,,,2026-10-08,NO_RETEST_IN_60,,,NEVER,NEVER,UNKNOWN,UNKNOWN,UNKNOWN,UNKNOWN,UNKNOWN,FT<=STATE=ok,INSUFFICIENT,WATCH/FOCUS declared with no retest(E3),DIRECT_TEXT+REPEATED_ATTENTION,0,1,2026-10-08
CRE,discovery,2025-07-23,2025-08-04,ENTRY,8,,LEVEL_INVALIDATED,,,,,2025-08-14,BROKEN_BELOW_SWEEP_MAX,,2025-08-04,NEVER,NEVER,UNKNOWN,UNKNOWN,NEVER,NEVER,NEVER,FT<=STATE=ok,INSUFFICIENT,READY/ENTRY declared with no retest(E3),ACTION,1,1,2026-10-08
CUPR,validation,2026-07-31,2026-09-14,FOCUS,30,,WINDOW_EXPIRED,2026-08-12,sweep,2026-08-12,sweep_reclaim,,,,,NEVER,BEFORE,UNKNOWN,UNKNOWN,UNKNOWN,UNKNOWN,UNKNOWN,FT<=STATE=ok;STATE<E3=FAIL,CONTRADICTED,WATCH/FOCUS declared after retest(E3),DIRECT_TEXT,1,1,2026-10-08
DCOY,validation,2026-09-21,2026-09-22,WATCH,1,,LEVEL_INVALIDATED,2026-09-30,sweep,,,2026-10-02,BROKEN_BELOW_SWEEP_MAX,,,NEVER,AFTER,UNKNOWN,UNKNOWN,UNKNOWN,UNKNOWN,UNKNOWN,FT<=STATE=ok;STATE<E3=ok,EXPECTED,WATCH/FOCUS declared before retest(E3),DIRECT_TEXT,0,1,2026-10-08
DKI,anchor,2026-09-11,2026-09-14,FOCUS,1,,LEVEL_INVALIDATED,2026-09-15,sweep,2026-09-18,sweep_reclaim,,,,,NEVER,AFTER,UNKNOWN,UNKNOWN,UNKNOWN,UNKNOWN,UNKNOWN,FT<=STATE=ok;STATE<E3=ok,EXPECTED,WATCH/FOCUS declared before retest(E3),DIRECT_TEXT,1,1,2026-10-08
DXST,discovery,2026-05-29,2026-06-16,WATCH,12,,WINDOW_EXPIRED,2026-06-02,sweep,2026-06-03,sweep_reclaim,,,,,NEVER,BEFORE,UNKNOWN,UNKNOWN,UNKNOWN,UNKNOWN,UNKNOWN,FT<=STATE=ok;STATE<E3=FAIL,CONTRADICTED,WATCH/FOCUS declared after retest(E3),DIRECT_CHART+REPEATED_ATTENTION,0,1,2026-10-08
EDBL,validation,2026-09-21,2026-09-22,WATCH,1,,LEVEL_INVALIDATED,2026-10-06,hold,,,,,,,NEVER,AFTER,UNKNOWN,UNKNOWN,UNKNOWN,UNKNOWN,UNKNOWN,FT<=STATE=ok;STATE<E3=ok,EXPECTED,WATCH/FOCUS declared before retest(E3),DIRECT_TEXT,0,1,2026-10-08
EHGO,discovery,2026-05-20,2026-05-22,WATCH,2,2026-06-08,E2,2026-05-22,sweep,2026-05-22,sweep_reclaim,,,,,AFTER,SAME,UNKNOWN,UNKNOWN,UNKNOWN,UNKNOWN,UNKNOWN,FT<=STATE=ok;STATE<E2=ok;STATE<E3=FAIL,CONTRADICTED,WATCH/FOCUS declared at retest(E3),DIRECT_TEXT,0,1,2026-10-08
ELAB,discovery,2026-03-27,2026-04-13,WATCH,10,,WINDOW_EXPIRED,2026-06-03,hold,,,2026-06-10,BROKEN_BELOW_SWEEP_MAX,,,NEVER,AFTER,UNKNOWN,UNKNOWN,UNKNOWN,UNKNOWN,UNKNOWN,FT<=STATE=ok;STATE<E3=ok,EXPECTED,WATCH/FOCUS declared before retest(E3),DIRECT_TEXT,1,1,2026-10-08
ELPW,discovery,2026-01-21,2026-01-22,WATCH,1,,LEVEL_INVALIDATED,,,,,2026-01-23,BROKEN_BELOW_SWEEP_MAX,,,NEVER,NEVER,UNKNOWN,UNKNOWN,UNKNOWN,UNKNOWN,UNKNOWN,FT<=STATE=ok,INSUFFICIENT,WATCH/FOCUS declared with no retest(E3),DIRECT_TEXT,0,1,2026-10-08
FRSX,discovery,2026-03-13,2026-03-30,WATCH,11,,LEVEL_INVALIDATED,2026-03-17,sweep,2026-03-17,sweep_reclaim,,,,,NEVER,BEFORE,UNKNOWN,UNKNOWN,UNKNOWN,UNKNOWN,UNKNOWN,FT<=STATE=ok;STATE<E3=FAIL,CONTRADICTED,WATCH/FOCUS declared after retest(E3),DIRECT_TEXT,1,1,2026-10-08
GCTK,validation,2026-09-23,2026-09-24,READY,1,,LEVEL_INVALIDATED,2026-09-25,sweep,2026-09-25,sweep_reclaim,,,2026-09-24,,NEVER,AFTER,NEVER,AFTER,UNKNOWN,UNKNOWN,UNKNOWN,FT<=STATE=ok;STATE<E3=ok,EXPECTED,READY/ENTRY declared before retest(E3),DIRECT_TEXT,0,1,2026-10-08
HUBC,anchor,2026-04-23,2026-04-24,WATCH,1,,LEVEL_INVALIDATED,2026-04-28,sweep,,,2026-04-29,BROKEN_BELOW_SWEEP_MAX,,,NEVER,AFTER,UNKNOWN,UNKNOWN,UNKNOWN,UNKNOWN,UNKNOWN,FT<=STATE=ok;STATE<E3=ok,EXPECTED,WATCH/FOCUS declared before retest(E3),DIRECT_TEXT,0,1,2026-10-08
IPDN,validation,2026-09-16,2026-09-23,WATCH,5,,LEVEL_INVALIDATED,2026-09-18,sweep,2026-09-18,sweep_reclaim,,,,,NEVER,BEFORE,UNKNOWN,UNKNOWN,UNKNOWN,UNKNOWN,UNKNOWN,FT<=STATE=ok;STATE<E3=FAIL,CONTRADICTED,WATCH/FOCUS declared after retest(E3),DIRECT_TEXT,0,1,2026-10-08
LIMN,validation,2026-09-14,2026-09-22,WATCH,6,2026-09-17,E2,2026-09-16,sweep,2026-09-16,sweep_reclaim,,,,,BEFORE,BEFORE,UNKNOWN,UNKNOWN,UNKNOWN,UNKNOWN,UNKNOWN,FT<=STATE=ok;STATE<E2=FAIL;STATE<E3=FAIL,CONTRADICTED,WATCH/FOCUS declared after retest(E3),DIRECT_TEXT,0,1,2026-10-08
MNDR,discovery,2026-07-29,2026-07-31,WATCH,2,2026-09-08,E2,2026-09-08,hold,2026-09-15,sweep_reclaim,,,,,AFTER,AFTER,UNKNOWN,UNKNOWN,UNKNOWN,UNKNOWN,UNKNOWN,FT<=STATE=ok;STATE<E2=ok;STATE<E3=ok,EXPECTED,WATCH/FOCUS declared before retest(E3),DIRECT_CHART,0,1,2026-10-08
MSGY,validation,2026-09-09,2026-09-14,FOCUS,3,,WINDOW_EXPIRED,2026-09-11,sweep,2026-09-11,sweep_reclaim,,,,,NEVER,BEFORE,UNKNOWN,UNKNOWN,UNKNOWN,UNKNOWN,UNKNOWN,FT<=STATE=ok;STATE<E3=FAIL,CONTRADICTED,WATCH/FOCUS declared after retest(E3),DIRECT_TEXT,1,1,2026-10-08
NRSN,validation,2026-08-19,2026-09-28,WATCH,27,,LEVEL_INVALIDATED,2026-09-29,hold,,,2026-10-01,BROKEN_BELOW_SWEEP_MAX,,,NEVER,AFTER,UNKNOWN,UNKNOWN,UNKNOWN,UNKNOWN,UNKNOWN,FT<=STATE=ok;STATE<E3=ok,EXPECTED,WATCH/FOCUS declared before retest(E3),DIRECT_TEXT,1,1,2026-10-08
NUWE,discovery,2026-07-27,2026-07-28,WATCH,1,,LEVEL_INVALIDATED,2026-08-03,sweep,,,2026-08-04,BROKEN_BELOW_SWEEP_MAX,,,NEVER,AFTER,UNKNOWN,UNKNOWN,UNKNOWN,UNKNOWN,UNKNOWN,FT<=STATE=ok;STATE<E3=ok,EXPECTED,WATCH/FOCUS declared before retest(E3),DIRECT_CHART+REPEATED_ATTENTION,0,1,2026-10-08
OMH,validation,2026-09-11,2026-09-28,WATCH,11,,WINDOW_EXPIRED,,,,,2026-10-08,NO_RETEST_IN_60,,,NEVER,NEVER,UNKNOWN,UNKNOWN,UNKNOWN,UNKNOWN,UNKNOWN,FT<=STATE=ok,INSUFFICIENT,WATCH/FOCUS declared with no retest(E3),DIRECT_TEXT,1,1,2026-10-08
ONCO,discovery,2026-07-20,2026-07-27,WATCH,5,,LEVEL_INVALIDATED,2026-07-31,sweep,2026-07-31,sweep_reclaim,,,,,NEVER,AFTER,UNKNOWN,UNKNOWN,UNKNOWN,UNKNOWN,UNKNOWN,FT<=STATE=ok;STATE<E3=ok,EXPECTED,WATCH/FOCUS declared before retest(E3),DIRECT_CHART+REPEATED_ATTENTION,1,1,2026-10-08
PIII,discovery,2026-04-14,2026-05-18,READY,24,,LEVEL_INVALIDATED,2026-05-18,hold,2026-05-18,stability,,,2026-05-18,,NEVER,SAME,NEVER,SAME,UNKNOWN,UNKNOWN,UNKNOWN,FT<=STATE=ok;STATE<E3=FAIL,CONTRADICTED,READY/ENTRY declared after/at retest(E3),DIRECT_TEXT,1,1,2026-10-08
PPBT,validation,2026-08-06,2026-09-04,WATCH,21,,WINDOW_EXPIRED,,,,,2026-10-08,NO_RETEST_IN_60,,,NEVER,NEVER,UNKNOWN,UNKNOWN,UNKNOWN,UNKNOWN,UNKNOWN,FT<=STATE=ok,INSUFFICIENT,WATCH/FOCUS declared with no retest(E3),DIRECT_TEXT,0,1,2026-10-08
SLXN,discovery,2026-07-30,2026-08-06,WATCH,5,,LEVEL_INVALIDATED,2026-08-11,sweep,,,2026-08-12,BROKEN_BELOW_SWEEP_MAX,,,NEVER,AFTER,UNKNOWN,UNKNOWN,UNKNOWN,UNKNOWN,UNKNOWN,FT<=STATE=ok;STATE<E3=ok,EXPECTED,WATCH/FOCUS declared before retest(E3),DIRECT_CHART,0,1,2026-10-08
SMX,discovery,2026-04-24,2026-04-27,WATCH,1,,LEVEL_INVALIDATED,,,,,2026-05-06,BROKEN_BELOW_SWEEP_MAX,,,NEVER,NEVER,UNKNOWN,UNKNOWN,UNKNOWN,UNKNOWN,UNKNOWN,FT<=STATE=ok,INSUFFICIENT,WATCH/FOCUS declared with no retest(E3),DIRECT_TEXT+REPEATED_ATTENTION,1,1,2026-10-08
SPRC,discovery,2026-07-13,2026-07-17,READY,4,,WINDOW_EXPIRED,2026-08-20,sweep,2026-08-20,sweep_reclaim,,,2026-07-17,,NEVER,AFTER,NEVER,AFTER,UNKNOWN,UNKNOWN,UNKNOWN,FT<=STATE=ok;STATE<E3=ok,EXPECTED,READY/ENTRY declared before retest(E3),DIRECT_CHART+REPEATED_ATTENTION,0,1,2026-10-08
STKH,validation,2026-07-24,2026-09-04,WATCH,30,,LEVEL_INVALIDATED,,,,,2026-10-02,BROKEN_BELOW_SWEEP_MAX,,,NEVER,NEVER,UNKNOWN,UNKNOWN,UNKNOWN,UNKNOWN,UNKNOWN,FT<=STATE=ok,INSUFFICIENT,WATCH/FOCUS declared with no retest(E3),DIRECT_TEXT,0,1,2026-10-08
SVRE,validation,2026-09-10,2026-09-14,FOCUS,2,,LEVEL_INVALIDATED,,,,,2026-09-25,BROKEN_BELOW_SWEEP_MAX,,,NEVER,NEVER,UNKNOWN,UNKNOWN,UNKNOWN,UNKNOWN,UNKNOWN,FT<=STATE=ok,INSUFFICIENT,WATCH/FOCUS declared with no retest(E3),DIRECT_TEXT,1,1,2026-10-08
SXTC,anchor,2026-09-02,2026-09-10,READY,5,,LEVEL_INVALIDATED,,,,,2026-09-11,BROKEN_BELOW_SWEEP_MAX,2026-09-10,2026-09-11,NEVER,NEVER,NEVER,NEVER,NEVER,NEVER,NEVER,FT<=STATE=ok,INSUFFICIENT,READY/ENTRY declared with no retest(E3),DIRECT_TEXT+REPEATED_ATTENTION,0,1,2026-10-08
TRUG,discovery,2026-03-25,2026-03-30,WATCH,3,2026-04-07,E2,2026-04-07,hold,2026-04-10,stability,,,,,AFTER,AFTER,UNKNOWN,UNKNOWN,UNKNOWN,UNKNOWN,UNKNOWN,FT<=STATE=ok;STATE<E2=ok;STATE<E3=ok,EXPECTED,WATCH/FOCUS declared before retest(E3),DIRECT_TEXT,0,1,2026-10-08
UPC,discovery,2026-06-26,2026-07-31,READY,24,,LEVEL_INVALIDATED,2026-07-06,sweep,2026-07-06,sweep_reclaim,,,2026-07-31,,NEVER,BEFORE,NEVER,BEFORE,UNKNOWN,UNKNOWN,UNKNOWN,FT<=STATE=ok;STATE<E3=FAIL,CONTRADICTED,READY/ENTRY declared after/at retest(E3),DIRECT_CHART,0,1,2026-10-08
WORX,discovery,2026-04-10,2026-04-13,WATCH,1,,LEVEL_INVALIDATED,,,,,2026-04-14,BROKEN_BELOW_SWEEP_MAX,,,NEVER,NEVER,UNKNOWN,UNKNOWN,UNKNOWN,UNKNOWN,UNKNOWN,FT<=STATE=ok,INSUFFICIENT,WATCH/FOCUS declared with no retest(E3),DIRECT_CHART,1,1,2026-10-08
YMT,validation,2026-09-03,2026-09-04,WATCH,1,,LEVEL_INVALIDATED,2026-09-24,sweep,2026-09-24,sweep_reclaim,,,,,NEVER,AFTER,UNKNOWN,UNKNOWN,UNKNOWN,UNKNOWN,UNKNOWN,FT<=STATE=ok;STATE<E3=ok,EXPECTED,WATCH/FOCUS declared before retest(E3),DIRECT_TEXT+REPEATED_ATTENTION,0,1,2026-10-08
ZCMD,discovery,2026-06-29,2026-07-02,WATCH,3,,WINDOW_EXPIRED,2026-08-26,sweep,2026-08-27,sweep_reclaim,,,,,NEVER,AFTER,UNKNOWN,UNKNOWN,UNKNOWN,UNKNOWN,UNKNOWN,FT<=STATE=ok;STATE<E3=ok,EXPECTED,WATCH/FOCUS declared before retest(E3),DIRECT_TEXT,0,1,2026-10-08
ZNB,discovery,2026-07-23,2026-08-03,WATCH,7,,LEVEL_INVALIDATED,2026-08-17,sweep,2026-08-17,sweep_reclaim,,,,,NEVER,AFTER,UNKNOWN,UNKNOWN,UNKNOWN,UNKNOWN,UNKNOWN,FT<=STATE=ok;STATE<E3=ok,EXPECTED,WATCH/FOCUS declared before retest(E3),DIRECT_CHART,1,1,2026-10-08
