EVENT,SET,TARGET_STATE,N,BEFORE,SAME,AFTER,NEVER,UNKNOWN,SESSIONS_EVENT_TO_STATE_MEDIAN,Q1,Q3,MIN,MAX,N_GAPS,SOURCE
E2_production,discovery,FOCUS,22,0,0,0,0,22,,,,,,0,bot-computed event vs documented state
E2_production,discovery,WATCH,22,1,0,3,14,4,-7.5,-14.0,-2.8,-26,4,4,bot-computed event vs documented state
E2_production,discovery,READY,22,0,0,0,3,19,,,,,,0,bot-computed event vs documented state
E2_production,discovery,ENTRY,22,0,0,0,2,20,,,,,,0,bot-computed event vs documented state
E2_production,validation,FOCUS,16,0,1,0,4,11,0,0.0,0.0,0,0,1,bot-computed event vs documented state
E2_production,validation,WATCH,16,1,0,0,10,5,3,3.0,3.0,3,3,1,bot-computed event vs documented state
E2_production,validation,READY,16,0,0,0,1,15,,,,,,0,bot-computed event vs documented state
E2_production,validation,ENTRY,16,0,0,0,0,16,,,,,,0,bot-computed event vs documented state
E2_production,anchor,FOCUS,3,0,0,0,2,1,,,,,,0,bot-computed event vs documented state
E2_production,anchor,WATCH,3,0,0,0,1,2,,,,,,0,bot-computed event vs documented state
E2_production,anchor,READY,3,0,0,0,1,2,,,,,,0,bot-computed event vs documented state
E2_production,anchor,ENTRY,3,0,0,0,1,2,,,,,,0,bot-computed event vs documented state
E2_production,discovery+validation,FOCUS,38,0,1,0,4,33,0,0.0,0.0,0,0,1,bot-computed event vs documented state
E2_production,discovery+validation,WATCH,38,2,0,3,24,9,-5,-10.0,3.0,-26,4,5,bot-computed event vs documented state
E2_production,discovery+validation,READY,38,0,0,0,4,34,,,,,,0,bot-computed event vs documented state
E2_production,discovery+validation,ENTRY,38,0,0,0,2,36,,,,,,0,bot-computed event vs documented state
E3_retest,discovery,FOCUS,22,0,0,0,0,22,,,,,,0,bot-computed event vs documented state
E3_retest,discovery,WATCH,22,4,1,10,3,4,-4,-23.0,3.5,-38,12,15,bot-computed event vs documented state
E3_retest,discovery,READY,22,1,1,1,0,19,0,-12.0,9.5,-24,19,3,bot-computed event vs documented state
E3_retest,discovery,ENTRY,22,0,0,0,2,20,,,,,,0,bot-computed event vs documented state
E3_retest,validation,FOCUS,16,2,1,1,1,11,0.5,-2.0,6.2,-8,22,4,bot-computed event vs documented state
E3_retest,validation,WATCH,16,2,0,4,5,5,-3.5,-9.0,2.0,-13,4,6,bot-computed event vs documented state
E3_retest,validation,READY,16,0,0,1,0,15,-1,-1.0,-1.0,-1,-1,1,bot-computed event vs documented state
E3_retest,validation,ENTRY,16,0,0,0,0,16,,,,,,0,bot-computed event vs documented state
E3_retest,anchor,FOCUS,3,0,0,1,1,1,-1,-1.0,-1.0,-1,-1,1,bot-computed event vs documented state
E3_retest,anchor,WATCH,3,0,0,1,0,2,-2,-2.0,-2.0,-2,-2,1,bot-computed event vs documented state
E3_retest,anchor,READY,3,0,0,0,1,2,,,,,,0,bot-computed event vs documented state
E3_retest,anchor,ENTRY,3,0,0,0,1,2,,,,,,0,bot-computed event vs documented state
E3_retest,discovery+validation,FOCUS,38,2,1,1,1,33,0.5,-2.0,6.2,-8,22,4,bot-computed event vs documented state
E3_retest,discovery+validation,WATCH,38,6,1,14,8,9,-4,-13.0,3.0,-38,12,21,bot-computed event vs documented state
E3_retest,discovery+validation,READY,38,1,1,2,0,34,-0.5,-6.8,4.8,-24,19,4,bot-computed event vs documented state
E3_retest,discovery+validation,ENTRY,38,0,0,0,2,36,,,,,,0,bot-computed event vs documented state
E4_trigger,discovery,FOCUS,22,0,0,0,0,22,,,,,,0,bot-computed event vs documented state
E4_trigger,discovery,WATCH,22,4,1,7,6,4,-6.0,-23.0,7.5,-39,12,12,bot-computed event vs documented state
E4_trigger,discovery,READY,22,1,1,1,0,19,0,-12.0,9.5,-24,19,3,bot-computed event vs documented state
E4_trigger,discovery,ENTRY,22,0,0,0,2,20,,,,,,0,bot-computed event vs documented state
E4_trigger,validation,FOCUS,16,2,0,1,2,11,1,-3.5,11.5,-8,22,3,bot-computed event vs documented state
E4_trigger,validation,WATCH,16,2,0,1,8,5,3,-5.0,3.5,-13,4,3,bot-computed event vs documented state
E4_trigger,validation,READY,16,0,0,1,0,15,-1,-1.0,-1.0,-1,-1,1,bot-computed event vs documented state
E4_trigger,validation,ENTRY,16,0,0,0,0,16,,,,,,0,bot-computed event vs documented state
E4_trigger,anchor,FOCUS,3,0,0,1,1,1,-4,-4.0,-4.0,-4,-4,1,bot-computed event vs documented state
E4_trigger,anchor,WATCH,3,0,0,0,1,2,,,,,,0,bot-computed event vs documented state
E4_trigger,anchor,READY,3,0,0,0,1,2,,,,,,0,bot-computed event vs documented state
E4_trigger,anchor,ENTRY,3,0,0,0,1,2,,,,,,0,bot-computed event vs documented state
E4_trigger,discovery+validation,FOCUS,38,2,0,1,2,33,1,-3.5,11.5,-8,22,3,bot-computed event vs documented state
E4_trigger,discovery+validation,WATCH,38,6,1,8,14,9,-4,-18.0,5.5,-39,12,15,bot-computed event vs documented state
E4_trigger,discovery+validation,READY,38,1,1,2,0,34,-0.5,-6.8,4.8,-24,19,4,bot-computed event vs documented state
E4_trigger,discovery+validation,ENTRY,38,0,0,0,2,36,,,,,,0,bot-computed event vs documented state
