CONTROL,MATCHED_POSITIVE,SET,DECISION_DATE,A_candidate,A_gate,REMOVE_candidate,B_observation,B_watch_ready,C_focus_watch,C_ready,D_observation,D_retest,D_trigger,OBS_SINCE,LEVEL,FIRST_TOUCH,E2,E3,E4,FWD_E2,FWD_E3,FWD_E4,FWD_E3_BRANCH,FWD_REVEAL
ARTL,HUBC,anchor,2026-04-24,0,ANCHOR,1,1,0,1,1,1,1,1,2026-04-24,26.595,2026-03-26,,2026-03-31,2026-03-31,0,1,1,sweep,today
BIAF,HUBC,anchor,2026-04-24,0,ANCHOR,1,1,0,1,0,1,0,0,2026-04-22,15.675,2026-03-12,,,,0,1,1,sweep,today
HTCO,HUBC,anchor,2026-04-24,0,ANCHOR,1,1,0,1,1,1,1,1,2026-04-07,6.1,2026-04-06,,2026-04-08,2026-04-08,0,1,1,sweep,today
ALP,HUBC,anchor,2026-04-24,0,ANCHOR,1,1,0,1,0,1,0,0,2026-04-24,8.8001,2026-04-23,,,,0,0,0,,today
AEMD,SXTC,anchor,2026-09-10,1,,1,1,1,1,1,1,1,0,2026-09-04,1.67,2026-09-03,2026-09-10,2026-09-10,,1,1,0,hold,today
TNMG,SXTC,anchor,2026-09-10,0,ANCHOR,1,1,0,1,1,1,1,1,2026-09-10,2.5952,2026-08-03,,2026-08-05,2026-08-05,0,1,1,sweep,today
FBLG,SXTC,anchor,2026-09-10,0,ANCHOR,1,1,0,1,0,1,0,0,2026-09-09,0.6203,2026-07-29,,,,0,0,0,,today
VEEA,SXTC,anchor,2026-09-10,0,ANCHOR,1,1,0,1,0,1,0,0,2026-09-01,1.34,2026-08-31,,,,0,0,0,,today
DLXY,DKI,anchor,2026-09-14,0,ANCHOR,1,1,0,1,1,1,1,1,2026-08-10,1.7,2026-08-07,,2026-08-11,2026-08-13,0,1,1,hold,today
QCLS,DKI,anchor,2026-09-14,0,ANCHOR,1,1,0,1,0,1,0,0,2026-09-14,1.64,2026-09-10,,,,0,0,0,,today
NXXT,DKI,anchor,2026-09-14,0,ANCHOR,1,1,0,1,0,1,0,0,2026-09-14,1.42,2026-09-11,,,,0,0,0,,today
HTCO,DKI,anchor,2026-09-14,0,ANCHOR,1,1,0,1,1,1,1,1,2026-09-03,2.14,2026-09-02,,2026-09-04,2026-09-04,0,1,1,sweep,today
