TICKER,SET,DECISION_DATE,FWD_E2,FWD_E3,FWD_E4,FWD_E3_BRANCH
AMIX,discovery,2026-08-24,0,0,0,
BETA,discovery,2026-04-06,0,1,1,sweep
CANF,discovery,2026-07-20,0,1,1,sweep
CDIO,discovery,2026-01-28,1,1,1,sweep
CRE,discovery,2025-08-04,0,0,0,
DXST,discovery,2026-06-16,0,1,1,sweep
EHGO,discovery,2026-05-22,1,1,1,sweep
ELAB,discovery,2026-04-13,0,1,0,hold
ELPW,discovery,2026-01-22,0,0,0,
FRSX,discovery,2026-03-30,0,1,1,sweep
MNDR,discovery,2026-07-31,1,1,1,hold
NUWE,discovery,2026-07-28,0,1,0,sweep
ONCO,discovery,2026-07-27,0,1,1,sweep
PIII,discovery,2026-05-18,0,1,1,hold
SLXN,discovery,2026-08-06,0,1,0,sweep
SMX,discovery,2026-04-27,0,0,0,
SPRC,discovery,2026-07-17,0,1,1,sweep
TRUG,discovery,2026-03-30,1,1,1,hold
UPC,discovery,2026-07-31,0,1,1,sweep
WORX,discovery,2026-04-13,0,0,0,
ZCMD,discovery,2026-07-02,0,1,1,sweep
ZNB,discovery,2026-08-03,0,1,1,sweep
