SECURITY_ID,TICKER_AT_DECISION,DECISION_EPISODE_ID,EPISODE_NO,EPISODE_START,EPISODE_END,PRIMARY_EPISODE,DECISION_DATE,FAISAL_DATE_RAW,DATE_AMBIGUOUS,FAISAL_STATE,OUTCOME_TIER,EVIDENCE_ID,EVIDENCE_CLASS,LABEL_SOURCE,LABEL,LABEL_CONFIDENCE,REPEATED_ATTENTION,PHASE4_SET,ANCHOR_EXCLUDED,OBSERVATION_WINDOW,DATA_CUTOFF_TIMESTAMP,HAS_BARS,PHASE5_PRIMARY_UNIT
AMIX,AMIX,AMIX_E1,1,2026-08-24,2026-08-24,1,2026-08-24,2026-08-24,0,ENTRY,ENTRY,X_20260827_amix_3m_inflow,ACTION,FAISAL_ACTION,POSITIVE_DIRECT,HIGH,0,discovery,0,bars < 2026-08-24; sources with publication date <= 2026-08-24,2026-08-24T00:00:00 America/New_York,1,1
ATPC,ATPC,ATPC_E1,1,2026-09-14,2026-09-14,1,2026-09-14,2026-09-13,1,FOCUS,FOCUS_OR_WATCH,X_20260918_23_watchlist,DIRECT_TEXT,FAISAL_POST,POSITIVE_DIRECT,HIGH,0,other,0,bars < 2026-09-14; sources with publication date <= 2026-09-14,2026-09-14T00:00:00 America/New_York,0,0
BETA,BETA,BETA_E1,1,2026-04-06,2026-04-06,1,2026-04-06,2026-04-05,1,WATCH,FOCUS_OR_WATCH,TG_2117,DIRECT_TEXT,FAISAL_POST,POSITIVE_DIRECT,HIGH,0,discovery,0,bars < 2026-04-06; sources with publication date <= 2026-04-06,2026-04-06T00:00:00 America/New_York,1,1
BRTX,BRTX,BRTX_E1,1,2026-10-05,2026-10-05,1,2026-10-05,2026-10-03,1,WATCH,FOCUS_OR_WATCH,TG_58402,DIRECT_TEXT,FAISAL_POST,POSITIVE_DIRECT,HIGH,0,validation,0,bars < 2026-10-05; sources with publication date <= 2026-10-05,2026-10-05T00:00:00 America/New_York,1,1
BRTX,BRTX,BRTX_E1,1,2026-10-05,2026-10-05,1,2026-10-05,2026-10-03,1,WATCH,FOCUS_OR_WATCH,TG_58407,DIRECT_TEXT,FAISAL_POST,POSITIVE_DIRECT,HIGH,0,validation,0,bars < 2026-10-05; sources with publication date <= 2026-10-05,2026-10-05T00:00:00 America/New_York,1,0
CANF,CANF,CANF_E1,1,2026-07-20,2026-08-03,1,2026-07-20,2026-07-20,0,WATCH,FOCUS_OR_WATCH,TG_1833,DIRECT_TEXT,FAISAL_POST,POSITIVE_DIRECT,HIGH,1,discovery,0,bars < 2026-07-20; sources with publication date <= 2026-07-20,2026-07-20T00:00:00 America/New_York,1,1
CANF,CANF,CANF_E1,1,2026-07-20,2026-08-03,1,2026-07-31,2026-07-31,0,WATCH,FOCUS_OR_WATCH,IMG_0602,DIRECT_CHART,FAISAL_POST,POSITIVE_DIRECT,MEDIUM,1,discovery,0,bars < 2026-07-31; sources with publication date <= 2026-07-31,2026-07-31T00:00:00 America/New_York,1,0
CANF,CANF,CANF_E1,1,2026-07-20,2026-08-03,1,2026-08-03,2026-08-01,1,WATCH,FOCUS_OR_WATCH,IMG_0510,DIRECT_CHART,FAISAL_POST,POSITIVE_DIRECT,MEDIUM,1,discovery,0,bars < 2026-08-03; sources with publication date <= 2026-08-03,2026-08-03T00:00:00 America/New_York,1,0
CANF,CANF,CANF_E1,1,2026-07-20,2026-08-03,1,2026-08-03,2026-08-01,1,WATCH,FOCUS_OR_WATCH,IMG_0512,DIRECT_CHART,FAISAL_POST,POSITIVE_DIRECT,MEDIUM,1,discovery,0,bars < 2026-08-03; sources with publication date <= 2026-08-03,2026-08-03T00:00:00 America/New_York,1,0
CANF,CANF,CANF_E1,1,2026-07-20,2026-08-03,1,2026-08-03,2026-08-01,1,WATCH,FOCUS_OR_WATCH,IMG_0513,DIRECT_CHART,FAISAL_POST,POSITIVE_DIRECT,MEDIUM,1,discovery,0,bars < 2026-08-03; sources with publication date <= 2026-08-03,2026-08-03T00:00:00 America/New_York,1,0
CDIO,CDIO,CDIO_E1,1,2026-01-28,2026-01-28,1,2026-01-28,2026-01-28,0,WATCH,FOCUS_OR_WATCH,TG_2089,DIRECT_TEXT,FAISAL_POST,POSITIVE_DIRECT,HIGH,0,discovery,0,bars < 2026-01-28; sources with publication date <= 2026-01-28,2026-01-28T00:00:00 America/New_York,1,1
CDIO,CDIO,CDIO_E1,1,2026-01-28,2026-01-28,1,2026-01-28,2026-01-28,0,WATCH,FOCUS_OR_WATCH,TG_2218,DIRECT_TEXT,FAISAL_POST,POSITIVE_DIRECT,HIGH,0,discovery,0,bars < 2026-01-28; sources with publication date <= 2026-01-28,2026-01-28T00:00:00 America/New_York,1,0
CETX,CETX,CETX_E1,1,2026-09-14,2026-09-14,1,2026-09-14,2026-09-13,1,FOCUS,FOCUS_OR_WATCH,X_20260918_23_watchlist,DIRECT_TEXT,FAISAL_POST,POSITIVE_DIRECT,HIGH,0,validation,0,bars < 2026-09-14; sources with publication date <= 2026-09-14,2026-09-14T00:00:00 America/New_York,1,1
CIIT,CIIT,CIIT_E1,1,2026-09-25,2026-09-28,1,2026-09-25,2026-09-25,0,WATCH,FOCUS_OR_WATCH,TG_57881,DIRECT_TEXT,FAISAL_POST,POSITIVE_DIRECT,HIGH,1,validation,0,bars < 2026-09-25; sources with publication date <= 2026-09-25,2026-09-25T00:00:00 America/New_York,1,1
CIIT,CIIT,CIIT_E1,1,2026-09-25,2026-09-28,1,2026-09-25,2026-09-25,0,WATCH,FOCUS_OR_WATCH,TG_57883,DIRECT_TEXT,FAISAL_POST,POSITIVE_DIRECT,HIGH,1,validation,0,bars < 2026-09-25; sources with publication date <= 2026-09-25,2026-09-25T00:00:00 America/New_York,1,0
CIIT,CIIT,CIIT_E1,1,2026-09-25,2026-09-28,1,2026-09-28,2026-09-26,1,WATCH,FOCUS_OR_WATCH,TG_57879,DIRECT_TEXT,FAISAL_POST,POSITIVE_DIRECT,HIGH,1,validation,0,bars < 2026-09-28; sources with publication date <= 2026-09-28,2026-09-28T00:00:00 America/New_York,1,0
CIIT,CIIT,CIIT_E1,1,2026-09-25,2026-09-28,1,2026-09-28,2026-09-26,1,WATCH,FOCUS_OR_WATCH,TG_57884,DIRECT_TEXT,FAISAL_POST,POSITIVE_DIRECT,HIGH,1,validation,0,bars < 2026-09-28; sources with publication date <= 2026-09-28,2026-09-28T00:00:00 America/New_York,1,0
CRE,CRE,CRE_E1,1,2025-08-04,2025-08-04,1,2025-08-04,2025-08-02,1,ENTRY,ENTRY,TG_2103,ACTION,FAISAL_ACTION,POSITIVE_DIRECT,HIGH,0,discovery,0,bars < 2025-08-04; sources with publication date <= 2025-08-04,2025-08-04T00:00:00 America/New_York,1,1
CUPR,CUPR,CUPR_E1,1,2026-09-14,2026-09-14,1,2026-09-14,2026-09-13,1,FOCUS,FOCUS_OR_WATCH,X_20260918_23_watchlist,DIRECT_TEXT,FAISAL_POST,POSITIVE_DIRECT,HIGH,0,validation,0,bars < 2026-09-14; sources with publication date <= 2026-09-14,2026-09-14T00:00:00 America/New_York,1,1
DCOY,DCOY,DCOY_E1,1,2026-09-22,2026-09-22,1,2026-09-22,2026-09-22,0,WATCH,FOCUS_OR_WATCH,TG_50575,DIRECT_TEXT,FAISAL_POST,POSITIVE_DIRECT,HIGH,0,validation,0,bars < 2026-09-22; sources with publication date <= 2026-09-22,2026-09-22T00:00:00 America/New_York,1,1
DCOY,DCOY,DCOY_E1,1,2026-09-22,2026-09-22,1,2026-09-22,2026-09-22,0,WATCH,FOCUS_OR_WATCH,TG_50576,DIRECT_TEXT,FAISAL_POST,POSITIVE_DIRECT,HIGH,0,validation,0,bars < 2026-09-22; sources with publication date <= 2026-09-22,2026-09-22T00:00:00 America/New_York,1,0
DKI,DKI,DKI_E1,1,2026-09-14,2026-09-14,1,2026-09-14,2026-09-13,1,FOCUS,FOCUS_OR_WATCH,X_20260918_22_pipeline,DIRECT_TEXT,FAISAL_POST,POSITIVE_DIRECT,HIGH,0,anchor,1,bars < 2026-09-14; sources with publication date <= 2026-09-14,2026-09-14T00:00:00 America/New_York,1,0
DKI,DKI,DKI_E1,1,2026-09-14,2026-09-14,1,2026-09-14,2026-09-13,1,FOCUS,FOCUS_OR_WATCH,X_20260918_23_watchlist,DIRECT_TEXT,FAISAL_POST,POSITIVE_DIRECT,HIGH,0,anchor,1,bars < 2026-09-14; sources with publication date <= 2026-09-14,2026-09-14T00:00:00 America/New_York,1,0
DXST,DXST,DXST_E1,1,2026-06-16,2026-06-16,1,2026-06-16,2026-06-16,0,WATCH,FOCUS_OR_WATCH,IMG_0627,DIRECT_CHART,FAISAL_POST,POSITIVE_DIRECT,MEDIUM,1,discovery,0,bars < 2026-06-16; sources with publication date <= 2026-06-16,2026-06-16T00:00:00 America/New_York,1,1
DXST,DXST,DXST_E1,1,2026-06-16,2026-06-16,1,2026-06-16,2026-06-16,0,WATCH,FOCUS_OR_WATCH,TG_58429,DIRECT_TEXT,FAISAL_POST,POSITIVE_DIRECT,HIGH,1,discovery,0,bars < 2026-06-16; sources with publication date <= 2026-06-16,2026-06-16T00:00:00 America/New_York,1,0
DXST,DXST,DXST_E2,2,2026-08-04,2026-08-04,0,2026-08-04,2026-08-04,0,WATCH,FOCUS_OR_WATCH,IMG_0688,DIRECT_CHART,FAISAL_POST,POSITIVE_DIRECT,MEDIUM,1,discovery,0,bars < 2026-08-04; sources with publication date <= 2026-08-04,2026-08-04T00:00:00 America/New_York,1,0
DXST,DXST,DXST_E2,2,2026-08-04,2026-08-04,0,2026-08-04,2026-08-04,0,WATCH,FOCUS_OR_WATCH,IMG_0689,DIRECT_CHART,FAISAL_POST,POSITIVE_DIRECT,MEDIUM,1,discovery,0,bars < 2026-08-04; sources with publication date <= 2026-08-04,2026-08-04T00:00:00 America/New_York,1,0
EDBL,EDBL,EDBL_E1,1,2026-09-22,2026-09-22,1,2026-09-22,2026-09-22,0,WATCH,FOCUS_OR_WATCH,TG_50579,DIRECT_TEXT,FAISAL_POST,POSITIVE_DIRECT,HIGH,0,validation,0,bars < 2026-09-22; sources with publication date <= 2026-09-22,2026-09-22T00:00:00 America/New_York,1,1
EHGO,EHGO,EHGO_E1,1,2026-05-22,2026-05-22,1,2026-05-22,2026-05-22,0,WATCH,FOCUS_OR_WATCH,TG_1822,DIRECT_TEXT,FAISAL_POST,POSITIVE_DIRECT,HIGH,0,discovery,0,bars < 2026-05-22; sources with publication date <= 2026-05-22,2026-05-22T00:00:00 America/New_York,1,1
EHGO,EHGO,EHGO_E1,1,2026-05-22,2026-05-22,1,2026-05-22,2026-05-22,0,WATCH,FOCUS_OR_WATCH,TG_1958,DIRECT_TEXT,FAISAL_POST,POSITIVE_DIRECT,HIGH,0,discovery,0,bars < 2026-05-22; sources with publication date <= 2026-05-22,2026-05-22T00:00:00 America/New_York,1,0
EHGO,EHGO,EHGO_E1,1,2026-05-22,2026-05-22,1,2026-05-22,2026-05-22,0,WATCH,FOCUS_OR_WATCH,TG_2071,DIRECT_TEXT,FAISAL_POST,POSITIVE_DIRECT,HIGH,0,discovery,0,bars < 2026-05-22; sources with publication date <= 2026-05-22,2026-05-22T00:00:00 America/New_York,1,0
ELAB,ELAB,ELAB_E1,1,2026-04-13,2026-04-13,1,2026-04-13,2026-04-12,1,WATCH,FOCUS_OR_WATCH,TG_1997,DIRECT_TEXT,FAISAL_POST,POSITIVE_DIRECT,HIGH,0,discovery,0,bars < 2026-04-13; sources with publication date <= 2026-04-13,2026-04-13T00:00:00 America/New_York,1,1
ELPW,ELPW,ELPW_E1,1,2026-01-22,2026-01-22,1,2026-01-22,2026-01-22,0,WATCH,FOCUS_OR_WATCH,TG_2095,DIRECT_TEXT,FAISAL_POST,POSITIVE_DIRECT,HIGH,0,discovery,0,bars < 2026-01-22; sources with publication date <= 2026-01-22,2026-01-22T00:00:00 America/New_York,1,1
FRSX,FRSX,FRSX_E1,1,2026-03-30,2026-03-30,1,2026-03-30,2026-03-28,1,WATCH,FOCUS_OR_WATCH,TG_2079,DIRECT_TEXT,FAISAL_POST,POSITIVE_DIRECT,HIGH,0,discovery,0,bars < 2026-03-30; sources with publication date <= 2026-03-30,2026-03-30T00:00:00 America/New_York,1,1
GCTK,GCTK,GCTK_E1,1,2026-09-24,2026-09-24,1,2026-09-24,2026-09-24,0,READY,READY,TG_57890,DIRECT_TEXT,FAISAL_POST,POSITIVE_DIRECT,HIGH,0,validation,0,bars < 2026-09-24; sources with publication date <= 2026-09-24,2026-09-24T00:00:00 America/New_York,1,1
HUBC,HUBC,HUBC_E1,1,2026-04-24,2026-04-24,1,2026-04-24,2026-04-24,0,WATCH,FOCUS_OR_WATCH,TG_2098,DIRECT_TEXT,FAISAL_POST,POSITIVE_DIRECT,HIGH,0,anchor,1,bars < 2026-04-24; sources with publication date <= 2026-04-24,2026-04-24T00:00:00 America/New_York,1,0
IPDN,IPDN,IPDN_E1,1,2026-09-23,2026-09-23,1,2026-09-23,2026-09-23,0,WATCH,FOCUS_OR_WATCH,TG_50833,DIRECT_TEXT,FAISAL_POST,POSITIVE_DIRECT,HIGH,0,validation,0,bars < 2026-09-23; sources with publication date <= 2026-09-23,2026-09-23T00:00:00 America/New_York,1,1
LABT,LABT,LABT_E1,1,2026-07-27,2026-08-24,1,2026-07-27,2026-07-27,0,WATCH,FOCUS_OR_WATCH,TG_1816,DIRECT_TEXT,FAISAL_POST,POSITIVE_DIRECT,HIGH,1,other,0,bars < 2026-07-27; sources with publication date <= 2026-07-27,2026-07-27T00:00:00 America/New_York,0,0
LABT,LABT,LABT_E1,1,2026-07-27,2026-08-24,1,2026-08-24,2026-08-23,1,WATCH,FOCUS_OR_WATCH,X_20260827_labt_supports_wait,DIRECT_TEXT,FAISAL_POST,POSITIVE_DIRECT,HIGH,1,other,0,bars < 2026-08-24; sources with publication date <= 2026-08-24,2026-08-24T00:00:00 America/New_York,0,0
LIMN,LIMN,LIMN_E1,1,2026-09-22,2026-09-22,1,2026-09-22,2026-09-22,0,WATCH,FOCUS_OR_WATCH,TG_50585,DIRECT_TEXT,FAISAL_POST,POSITIVE_DIRECT,HIGH,0,validation,0,bars < 2026-09-22; sources with publication date <= 2026-09-22,2026-09-22T00:00:00 America/New_York,1,1
LIMN,LIMN,LIMN_E1,1,2026-09-22,2026-09-22,1,2026-09-22,2026-09-22,0,WATCH,FOCUS_OR_WATCH,TG_50586,DIRECT_TEXT,FAISAL_POST,POSITIVE_DIRECT,HIGH,0,validation,0,bars < 2026-09-22; sources with publication date <= 2026-09-22,2026-09-22T00:00:00 America/New_York,1,0
MI,MI,MI_E1,1,2026-09-28,2026-09-28,1,2026-09-28,2026-09-28,0,WATCH,FOCUS_OR_WATCH,TG_58387,DIRECT_TEXT,FAISAL_POST,POSITIVE_DIRECT,HIGH,0,other,0,bars < 2026-09-28; sources with publication date <= 2026-09-28,2026-09-28T00:00:00 America/New_York,0,0
MNDR,MNDR,MNDR_E1,1,2026-07-31,2026-07-31,1,2026-07-31,2026-07-31,0,WATCH,FOCUS_OR_WATCH,IMG_0566,DIRECT_CHART,FAISAL_POST,POSITIVE_DIRECT,MEDIUM,0,discovery,0,bars < 2026-07-31; sources with publication date <= 2026-07-31,2026-07-31T00:00:00 America/New_York,1,1
MNDR,MNDR,MNDR_E1,1,2026-07-31,2026-07-31,1,2026-07-31,2026-07-31,0,WATCH,FOCUS_OR_WATCH,IMG_0569,DIRECT_CHART,FAISAL_POST,POSITIVE_DIRECT,MEDIUM,0,discovery,0,bars < 2026-07-31; sources with publication date <= 2026-07-31,2026-07-31T00:00:00 America/New_York,1,0
MNDR,MNDR,MNDR_E1,1,2026-07-31,2026-07-31,1,2026-07-31,2026-07-31,0,WATCH,FOCUS_OR_WATCH,IMG_0691,DIRECT_CHART,FAISAL_POST,POSITIVE_DIRECT,MEDIUM,0,discovery,0,bars < 2026-07-31; sources with publication date <= 2026-07-31,2026-07-31T00:00:00 America/New_York,1,0
MSGY,MSGY,MSGY_E1,1,2026-09-14,2026-09-14,1,2026-09-14,2026-09-13,1,FOCUS,FOCUS_OR_WATCH,X_20260918_23_watchlist,DIRECT_TEXT,FAISAL_POST,POSITIVE_DIRECT,HIGH,0,validation,0,bars < 2026-09-14; sources with publication date <= 2026-09-14,2026-09-14T00:00:00 America/New_York,1,1
NRSN,NRSN,NRSN_E1,1,2026-09-28,2026-09-28,1,2026-09-28,2026-09-27,1,WATCH,FOCUS_OR_WATCH,TG_57867,DIRECT_TEXT,FAISAL_POST,POSITIVE_DIRECT,HIGH,0,validation,0,bars < 2026-09-28; sources with publication date <= 2026-09-28,2026-09-28T00:00:00 America/New_York,1,1
NUWE,NUWE,NUWE_E1,1,2026-07-28,2026-09-04,1,2026-07-28,2026-07-28,0,WATCH,FOCUS_OR_WATCH,IMG_0413,DIRECT_CHART,FAISAL_POST,POSITIVE_DIRECT,MEDIUM,1,discovery,0,bars < 2026-07-28; sources with publication date <= 2026-07-28,2026-07-28T00:00:00 America/New_York,1,1
NUWE,NUWE,NUWE_E1,1,2026-07-28,2026-09-04,1,2026-09-04,2026-09-04,0,WATCH,FOCUS_OR_WATCH,WA_20260918_46_NUWE,DIRECT_TEXT,FAISAL_POST,POSITIVE_DIRECT,HIGH,1,discovery,0,bars < 2026-09-04; sources with publication date <= 2026-09-04,2026-09-04T00:00:00 America/New_York,1,0
OMH,OMH,OMH_E1,1,2026-09-28,2026-09-28,1,2026-09-28,2026-09-26,1,WATCH,FOCUS_OR_WATCH,TG_57870,DIRECT_TEXT,FAISAL_POST,POSITIVE_DIRECT,HIGH,0,validation,0,bars < 2026-09-28; sources with publication date <= 2026-09-28,2026-09-28T00:00:00 America/New_York,1,1
OMH,OMH,OMH_E1,1,2026-09-28,2026-09-28,1,2026-09-28,2026-09-26,1,WATCH,FOCUS_OR_WATCH,TG_57872,DIRECT_TEXT,FAISAL_POST,POSITIVE_DIRECT,HIGH,0,validation,0,bars < 2026-09-28; sources with publication date <= 2026-09-28,2026-09-28T00:00:00 America/New_York,1,0
OMH,OMH,OMH_E1,1,2026-09-28,2026-09-28,1,2026-09-28,2026-09-26,1,WATCH,FOCUS_OR_WATCH,TG_57873,DIRECT_TEXT,FAISAL_POST,POSITIVE_DIRECT,HIGH,0,validation,0,bars < 2026-09-28; sources with publication date <= 2026-09-28,2026-09-28T00:00:00 America/New_York,1,0
OMH,OMH,OMH_E1,1,2026-09-28,2026-09-28,1,2026-09-28,2026-09-26,1,WATCH,FOCUS_OR_WATCH,TG_57875,DIRECT_TEXT,FAISAL_POST,POSITIVE_DIRECT,HIGH,0,validation,0,bars < 2026-09-28; sources with publication date <= 2026-09-28,2026-09-28T00:00:00 America/New_York,1,0
ONCO,ONCO,ONCO_E1,1,2026-07-27,2026-07-27,1,2026-07-27,2026-07-26,1,WATCH,FOCUS_OR_WATCH,IMG_0267,DIRECT_CHART,FAISAL_POST,POSITIVE_DIRECT,MEDIUM,1,discovery,0,bars < 2026-07-27; sources with publication date <= 2026-07-27,2026-07-27T00:00:00 America/New_York,1,1
ONCO,ONCO,ONCO_E1,1,2026-07-27,2026-07-27,1,2026-07-27,2026-07-27,0,WATCH,FOCUS_OR_WATCH,IMG_0320,DIRECT_CHART,FAISAL_POST,POSITIVE_DIRECT,MEDIUM,1,discovery,0,bars < 2026-07-27; sources with publication date <= 2026-07-27,2026-07-27T00:00:00 America/New_York,1,0
ONCO,ONCO,ONCO_E1,1,2026-07-27,2026-07-27,1,2026-07-27,2026-07-27,0,WATCH,FOCUS_OR_WATCH,TG_2171,DIRECT_TEXT,FAISAL_POST,POSITIVE_DIRECT,HIGH,1,discovery,0,bars < 2026-07-27; sources with publication date <= 2026-07-27,2026-07-27T00:00:00 America/New_York,1,0
ONCO,ONCO,ONCO_E1,1,2026-07-27,2026-07-27,1,2026-07-27,2026-07-26,1,WATCH,FOCUS_OR_WATCH,TG_2196,DIRECT_TEXT,FAISAL_POST,POSITIVE_DIRECT,HIGH,1,discovery,0,bars < 2026-07-27; sources with publication date <= 2026-07-27,2026-07-27T00:00:00 America/New_York,1,0
ONCO,ONCO,ONCO_E1,1,2026-07-27,2026-07-27,1,2026-07-27,2026-07-26,1,WATCH,FOCUS_OR_WATCH,TG_2200,DIRECT_TEXT,FAISAL_POST,POSITIVE_DIRECT,HIGH,1,discovery,0,bars < 2026-07-27; sources with publication date <= 2026-07-27,2026-07-27T00:00:00 America/New_York,1,0
ONCO,ONCO,ONCO_E1,1,2026-07-27,2026-07-27,1,2026-07-27,2026-07-26,1,WATCH,FOCUS_OR_WATCH,TG_2201,DIRECT_TEXT,FAISAL_POST,POSITIVE_DIRECT,HIGH,1,discovery,0,bars < 2026-07-27; sources with publication date <= 2026-07-27,2026-07-27T00:00:00 America/New_York,1,0
PIII,PIII,PIII_E1,1,2026-05-18,2026-05-18,1,2026-05-18,2026-05-16,1,READY,READY,TG_1860,DIRECT_TEXT,FAISAL_POST,POSITIVE_DIRECT,HIGH,0,discovery,0,bars < 2026-05-18; sources with publication date <= 2026-05-18,2026-05-18T00:00:00 America/New_York,1,1
PPBT,PPBT,PPBT_E1,1,2026-09-04,2026-09-04,1,2026-09-04,2026-09-04,0,WATCH,FOCUS_OR_WATCH,X_20260905_01,DIRECT_TEXT,FAISAL_POST,POSITIVE_DIRECT,HIGH,0,validation,0,bars < 2026-09-04; sources with publication date <= 2026-09-04,2026-09-04T00:00:00 America/New_York,1,1
PPBT,PPBT,PPBT_E1,1,2026-09-04,2026-09-04,1,2026-09-04,2026-09-04,0,WATCH,FOCUS_OR_WATCH,X_20260905_02,DIRECT_TEXT,FAISAL_POST,POSITIVE_DIRECT,HIGH,0,validation,0,bars < 2026-09-04; sources with publication date <= 2026-09-04,2026-09-04T00:00:00 America/New_York,1,0
PPBT,PPBT,PPBT_E1,1,2026-09-04,2026-09-04,1,2026-09-04,2026-09-04,0,WATCH,FOCUS_OR_WATCH,X_20260905_03,DIRECT_TEXT,FAISAL_POST,POSITIVE_DIRECT,HIGH,0,validation,0,bars < 2026-09-04; sources with publication date <= 2026-09-04,2026-09-04T00:00:00 America/New_York,1,0
SLXN,SLXN,SLXN_E1,1,2026-08-06,2026-08-06,1,2026-08-06,2026-08-06,0,WATCH,FOCUS_OR_WATCH,IMG_0508,DIRECT_CHART,FAISAL_POST,POSITIVE_DIRECT,MEDIUM,0,discovery,0,bars < 2026-08-06; sources with publication date <= 2026-08-06,2026-08-06T00:00:00 America/New_York,1,1
SMX,SMX,SMX_E1,1,2026-04-27,2026-05-26,1,2026-04-27,2026-04-25,1,WATCH,FOCUS_OR_WATCH,TG_1908,DIRECT_TEXT,FAISAL_POST,POSITIVE_DIRECT,HIGH,1,discovery,0,bars < 2026-04-27; sources with publication date <= 2026-04-27,2026-04-27T00:00:00 America/New_York,1,1
SMX,SMX,SMX_E1,1,2026-04-27,2026-05-26,1,2026-05-26,2026-05-24,1,WATCH,FOCUS_OR_WATCH,TG_2034,DIRECT_TEXT,FAISAL_POST,POSITIVE_DIRECT,HIGH,1,discovery,0,bars < 2026-05-26; sources with publication date <= 2026-05-26,2026-05-26T00:00:00 America/New_York,1,0
SPRC,SPRC,SPRC_E1,1,2026-07-17,2026-07-20,1,2026-07-17,2026-07-17,0,READY,READY,IMG_0395,DIRECT_CHART,FAISAL_POST,POSITIVE_DIRECT,MEDIUM,1,discovery,0,bars < 2026-07-17; sources with publication date <= 2026-07-17,2026-07-17T00:00:00 America/New_York,1,1
SPRC,SPRC,SPRC_E1,1,2026-07-17,2026-07-20,1,2026-07-17,2026-07-17,0,READY,READY,TG_1843,DIRECT_TEXT,FAISAL_POST,POSITIVE_DIRECT,HIGH,1,discovery,0,bars < 2026-07-17; sources with publication date <= 2026-07-17,2026-07-17T00:00:00 America/New_York,1,0
SPRC,SPRC,SPRC_E1,1,2026-07-17,2026-07-20,1,2026-07-20,2026-07-20,0,WATCH,FOCUS_OR_WATCH,IMG_0393,DIRECT_CHART,FAISAL_POST,POSITIVE_DIRECT,MEDIUM,1,discovery,0,bars < 2026-07-20; sources with publication date <= 2026-07-20,2026-07-20T00:00:00 America/New_York,1,0
STKH,STKH,STKH_E1,1,2026-09-04,2026-09-04,1,2026-09-04,2026-09-04,0,WATCH,FOCUS_OR_WATCH,TG_20260905_09,DIRECT_TEXT,FAISAL_POST,POSITIVE_DIRECT,HIGH,0,validation,0,bars < 2026-09-04; sources with publication date <= 2026-09-04,2026-09-04T00:00:00 America/New_York,1,1
SVRE,SVRE,SVRE_E1,1,2026-09-14,2026-09-14,1,2026-09-14,2026-09-13,1,FOCUS,FOCUS_OR_WATCH,X_20260918_23_watchlist,DIRECT_TEXT,FAISAL_POST,POSITIVE_DIRECT,HIGH,0,validation,0,bars < 2026-09-14; sources with publication date <= 2026-09-14,2026-09-14T00:00:00 America/New_York,1,1
SXTC,SXTC,SXTC_E1,1,2026-09-10,2026-09-24,1,2026-09-10,2026-09-10,0,READY,READY,WA_20260918_31_SXTC,DIRECT_TEXT,FAISAL_POST,POSITIVE_DIRECT,HIGH,1,anchor,1,bars < 2026-09-10; sources with publication date <= 2026-09-10,2026-09-10T00:00:00 America/New_York,1,0
SXTC,SXTC,SXTC_E1,1,2026-09-10,2026-09-24,1,2026-09-11,2026-09-11,0,ENTRY,ENTRY,X_20260918_24_SXTC,ACTION,FAISAL_ACTION,POSITIVE_DIRECT,HIGH,1,anchor,1,bars < 2026-09-11; sources with publication date <= 2026-09-11,2026-09-11T00:00:00 America/New_York,1,0
SXTC,SXTC,SXTC_E1,1,2026-09-10,2026-09-24,1,2026-09-14,2026-09-13,1,FOCUS,FOCUS_OR_WATCH,X_20260918_22_pipeline,DIRECT_TEXT,FAISAL_POST,POSITIVE_DIRECT,HIGH,1,anchor,1,bars < 2026-09-14; sources with publication date <= 2026-09-14,2026-09-14T00:00:00 America/New_York,1,0
SXTC,SXTC,SXTC_E1,1,2026-09-10,2026-09-24,1,2026-09-14,2026-09-13,1,FOCUS,FOCUS_OR_WATCH,X_20260918_23_watchlist,DIRECT_TEXT,FAISAL_POST,POSITIVE_DIRECT,HIGH,1,anchor,1,bars < 2026-09-14; sources with publication date <= 2026-09-14,2026-09-14T00:00:00 America/New_York,1,0
SXTC,SXTC,SXTC_E1,1,2026-09-10,2026-09-24,1,2026-09-24,2026-09-24,0,ENTRY,ENTRY,TG_58527,ACTION,FAISAL_ACTION,POSITIVE_DIRECT,HIGH,1,anchor,1,bars < 2026-09-24; sources with publication date <= 2026-09-24,2026-09-24T00:00:00 America/New_York,1,0
TRUG,TRUG,TRUG_E1,1,2026-03-30,2026-03-30,1,2026-03-30,2026-03-30,0,WATCH,FOCUS_OR_WATCH,TG_2121,DIRECT_TEXT,FAISAL_POST,POSITIVE_DIRECT,HIGH,0,discovery,0,bars < 2026-03-30; sources with publication date <= 2026-03-30,2026-03-30T00:00:00 America/New_York,1,1
UNK,UNK,UNK_E1,1,2026-07-31,2026-07-31,1,2026-07-31,2026-07-31,0,WATCH,FOCUS_OR_WATCH,IMG_0488,DIRECT_CHART,FAISAL_POST,POSITIVE_DIRECT,MEDIUM,0,other,0,bars < 2026-07-31; sources with publication date <= 2026-07-31,2026-07-31T00:00:00 America/New_York,0,0
UPC,UPC,UPC_E1,1,2026-07-31,2026-07-31,1,2026-07-31,2026-07-31,0,READY,READY,IMG_0587,DIRECT_CHART,FAISAL_POST,POSITIVE_DIRECT,MEDIUM,0,discovery,0,bars < 2026-07-31; sources with publication date <= 2026-07-31,2026-07-31T00:00:00 America/New_York,1,1
WORX,WORX,WORX_E1,1,2026-04-13,2026-04-13,1,2026-04-13,2026-04-11,1,WATCH,FOCUS_OR_WATCH,IMG_0150,DIRECT_CHART,FAISAL_POST,POSITIVE_DIRECT,MEDIUM,0,discovery,0,bars < 2026-04-13; sources with publication date <= 2026-04-13,2026-04-13T00:00:00 America/New_York,1,1
WORX,WORX,WORX_E1,1,2026-04-13,2026-04-13,1,2026-04-13,2026-04-11,1,WATCH,FOCUS_OR_WATCH,TG_2076,DIRECT_TEXT,FAISAL_POST,POSITIVE_DIRECT,HIGH,0,discovery,0,bars < 2026-04-13; sources with publication date <= 2026-04-13,2026-04-13T00:00:00 America/New_York,1,0
WORX,WORX,WORX_E1,1,2026-04-13,2026-04-13,1,2026-04-13,2026-04-11,1,WATCH,FOCUS_OR_WATCH,TG_2209,DIRECT_TEXT,FAISAL_POST,POSITIVE_DIRECT,HIGH,0,discovery,0,bars < 2026-04-13; sources with publication date <= 2026-04-13,2026-04-13T00:00:00 America/New_York,1,0
YMT,YMT,YMT_E1,1,2026-09-04,2026-09-14,1,2026-09-04,2026-09-04,0,WATCH,FOCUS_OR_WATCH,X_20260905_10,DIRECT_TEXT,FAISAL_POST,POSITIVE_DIRECT,HIGH,1,validation,0,bars < 2026-09-04; sources with publication date <= 2026-09-04,2026-09-04T00:00:00 America/New_York,1,1
YMT,YMT,YMT_E1,1,2026-09-04,2026-09-14,1,2026-09-04,2026-09-04,0,WATCH,FOCUS_OR_WATCH,X_20260918_85_YMT,DIRECT_TEXT,FAISAL_POST,POSITIVE_DIRECT,HIGH,1,validation,0,bars < 2026-09-04; sources with publication date <= 2026-09-04,2026-09-04T00:00:00 America/New_York,1,0
YMT,YMT,YMT_E1,1,2026-09-04,2026-09-14,1,2026-09-14,2026-09-13,1,FOCUS,FOCUS_OR_WATCH,X_20260918_23_watchlist,DIRECT_TEXT,FAISAL_POST,POSITIVE_DIRECT,HIGH,1,validation,0,bars < 2026-09-14; sources with publication date <= 2026-09-14,2026-09-14T00:00:00 America/New_York,1,0
ZCMD,ZCMD,ZCMD_E1,1,2026-07-02,2026-07-02,1,2026-07-02,2026-07-02,0,WATCH,FOCUS_OR_WATCH,TG_1828,DIRECT_TEXT,FAISAL_POST,POSITIVE_DIRECT,HIGH,0,discovery,0,bars < 2026-07-02; sources with publication date <= 2026-07-02,2026-07-02T00:00:00 America/New_York,1,1
ZNB,ZNB,ZNB_E1,1,2026-08-03,2026-08-03,1,2026-08-03,2026-08-01,1,WATCH,FOCUS_OR_WATCH,IMG_0697,DIRECT_CHART,FAISAL_POST,POSITIVE_DIRECT,MEDIUM,0,discovery,0,bars < 2026-08-03; sources with publication date <= 2026-08-03,2026-08-03T00:00:00 America/New_York,1,1
ZNB,ZNB,ZNB_E1,1,2026-08-03,2026-08-03,1,2026-08-03,2026-08-01,1,WATCH,FOCUS_OR_WATCH,IMG_0698,DIRECT_CHART,FAISAL_POST,POSITIVE_DIRECT,MEDIUM,0,discovery,0,bars < 2026-08-03; sources with publication date <= 2026-08-03,2026-08-03T00:00:00 America/New_York,1,0
