TICKER,T_OFFSET,DATE,ASOF_BAR,price,return_pct,volume,vol_ratio20,volatility_atr14_pct,gap_pct,structure,bot_result,bot_reject_reason,bot_first_gate,gates_whose_removal_alone_restores,all_identity_gates_off,candidate,watchlist,near_watch,ready,FAISAL_EVIDENCE,FAISAL_STATE,CONFIDENCE,LOOKAHEAD_SAFE
DKI,-20,2026-08-13,2026-08-12,4.15,5.87,83507.0,0.13,9.63,-6.38,"hi52 188.8 drop 97.8% · spike 228.1% · base15 52.0% · low30 3.5 (+18.57%, 3b) · touches 0 · RSI 46.3 · EMA30 -5.72%",REJECT,M_لا_مستوى_مختبر,ANCHOR,ANCHOR,PASS,0,0,,0,,UNKNOWN (no evidence this day),NONE,YES (bars < DATE; evidence dated = DATE)
DKI,-19,2026-08-14,2026-08-13,4.19,0.96,83233.0,0.13,10.25,0.0,"hi52 188.8 drop 97.78% · spike 228.1% · base15 52.0% · low30 3.5 (+19.71%, 4b) · touches 0 · RSI 47.1 · EMA30 -4.51%",REJECT,M_لا_مستوى_مختبر,ANCHOR,ANCHOR,PASS,0,0,,0,,UNKNOWN (no evidence this day),NONE,YES (bars < DATE; evidence dated = DATE)
DKI,-18,2026-08-17,2026-08-14,4.1,-2.15,37416.0,0.06,10.58,-1.67,"hi52 188.8 drop 97.83% · spike 228.1% · base15 52.0% · low30 3.5 (+17.14%, 5b) · touches 0 · RSI 45.5 · EMA30 -6.16%",REJECT,M_لا_مستوى_مختبر,ANCHOR,ANCHOR,PASS,0,0,,0,,UNKNOWN (no evidence this day),NONE,YES (bars < DATE; evidence dated = DATE)
DKI,-17,2026-08-18,2026-08-17,4.04,-1.46,36500.0,0.06,11.04,-3.17,"hi52 188.8 drop 97.86% · spike 228.1% · base15 52.0% · low30 3.5 (+15.43%, 6b) · touches 0 · RSI 44.4 · EMA30 -7.09%",REJECT,M_لا_مستوى_مختبر,ANCHOR,ANCHOR,PASS,0,0,,0,,UNKNOWN (no evidence this day),NONE,YES (bars < DATE; evidence dated = DATE)
DKI,-16,2026-08-19,2026-08-18,4.06,0.5,28474.0,0.05,11.36,1.24,"hi52 188.8 drop 97.85% · spike 228.1% · base15 52.0% · low30 3.5 (+16.0%, 7b) · touches 0 · RSI 44.8 · EMA30 -6.23%",REJECT,M_لا_مستوى_مختبر,ANCHOR,ANCHOR,PASS,0,0,,0,,UNKNOWN (no evidence this day),NONE,YES (bars < DATE; evidence dated = DATE)
DKI,-15,2026-08-20,2026-08-19,4.07,0.25,23829.0,0.04,11.34,-0.49,"hi52 188.8 drop 97.84% · spike 228.1% · base15 52.0% · low30 3.5 (+16.29%, 8b) · touches 0 · RSI 45.1 · EMA30 -5.63%",REJECT,M_لا_مستوى_مختبر,ANCHOR,ANCHOR,PASS,0,0,,0,,UNKNOWN (no evidence this day),NONE,YES (bars < DATE; evidence dated = DATE)
DKI,-14,2026-08-21,2026-08-20,3.95,-2.95,9287.0,0.01,11.33,-3.19,"hi52 188.8 drop 97.91% · spike 228.1% · base15 52.0% · low30 3.5 (+12.86%, 9b) · touches 0 · RSI 42.5 · EMA30 -7.91%",REJECT,M_لا_مستوى_مختبر,ANCHOR,ANCHOR,PASS,0,0,,0,,UNKNOWN (no evidence this day),NONE,YES (bars < DATE; evidence dated = DATE)
DKI,-13,2026-08-24,2026-08-21,3.91,-1.01,15067.0,0.02,11.06,1.27,"hi52 188.8 drop 97.93% · spike 228.1% · base15 52.0% · low30 3.5 (+11.71%, 10b) · touches 0 · RSI 41.7 · EMA30 -8.32%",REJECT,M_لا_مستوى_مختبر,ANCHOR,ANCHOR,PASS,0,0,,0,,UNKNOWN (no evidence this day),NONE,YES (bars < DATE; evidence dated = DATE)
DKI,-12,2026-08-25,2026-08-24,3.86,-1.28,3556.0,0.01,10.98,-1.53,"hi52 188.8 drop 97.96% · spike 228.1% · base15 52.0% · low30 3.5 (+10.29%, 11b) · touches 0 · RSI 40.6 · EMA30 -8.94%",REJECT,M_لا_مستوى_مختبر,ANCHOR,ANCHOR,PASS,0,0,,0,,UNKNOWN (no evidence this day),NONE,YES (bars < DATE; evidence dated = DATE)
DKI,-11,2026-08-26,2026-08-25,3.85,-0.26,36350.0,0.06,11.02,0.0,"hi52 188.8 drop 97.96% · spike 228.1% · base15 52.0% · low30 3.5 (+10.0%, 12b) · touches 0 · RSI 40.3 · EMA30 -8.63%",REJECT,M_لا_مستوى_مختبر,ANCHOR,ANCHOR,PASS,0,0,,0,,UNKNOWN (no evidence this day),NONE,YES (bars < DATE; evidence dated = DATE)
DKI,-10,2026-08-27,2026-08-26,4.07,5.71,353816.0,0.56,11.06,7.27,"hi52 188.8 drop 97.84% · spike 228.1% · base15 52.0% · low30 3.5 (+16.29%, 13b) · touches 0 · RSI 47.4 · EMA30 -3.2%",REJECT,M_لا_مستوى_مختبر,ANCHOR,ANCHOR,PASS,0,0,,0,,UNKNOWN (no evidence this day),NONE,YES (bars < DATE; evidence dated = DATE)
DKI,-9,2026-08-28,2026-08-27,3.7,-9.09,43128.0,0.07,12.15,-9.09,"hi52 188.8 drop 98.04% · spike 228.1% · base15 52.0% · low30 3.5 (+5.71%, 14b) · touches 0 · RSI 39.0 · EMA30 -11.31%",REJECT,M_لا_مستوى_مختبر,ANCHOR,ANCHOR,PASS,0,0,,0,,UNKNOWN (no evidence this day),NONE,YES (bars < DATE; evidence dated = DATE)
DKI,-8,2026-08-31,2026-08-28,3.57,-3.51,9878.0,0.02,9.67,-3.78,"hi52 188.8 drop 98.11% · spike 228.1% · base15 51.6% · low30 3.5 (+2.0%, 15b) · touches 2 · RSI 36.6 · EMA30 -13.62%",PASS,,,M1;M2_CEIL;M2_FLOOR;M3;M4_RANGE;M4_RISE;M5;RSI_OS;RSI_NOW;SOFT;ANCHOR;SCORE,PASS,1,0,,0,,UNKNOWN (no evidence this day),NONE,YES (bars < DATE; evidence dated = DATE)
DKI,-7,2026-09-01,2026-08-31,3.4,-4.76,13668.0,0.02,9.1,-1.96,"hi52 188.8 drop 98.2% · spike 228.1% · base15 35.0% · low30 3.4 (+0.0%, 0b) · touches 0 · RSI 33.6 · EMA30 -16.78%",REJECT,M_لا_مستوى_مختبر,ANCHOR,ANCHOR,PASS,0,0,,0,,UNKNOWN (no evidence this day),NONE,YES (bars < DATE; evidence dated = DATE)
DKI,-6,2026-09-02,2026-09-01,3.13,-7.94,15366.0,0.02,8.81,-1.76,"hi52 188.8 drop 98.34% · spike 228.1% · base15 46.6% · low30 3.13 (+0.0%, 0b) · touches 0 · RSI 29.6 · EMA30 -22.22%",REJECT,M_لا_مستوى_مختبر,ANCHOR,ANCHOR,PASS,0,0,inside,0,,UNKNOWN (no evidence this day),NONE,YES (bars < DATE; evidence dated = DATE)
DKI,-5,2026-09-03,2026-09-02,2.87,-8.31,103855.0,0.16,9.38,0.0,"hi52 188.8 drop 98.48% · spike 228.1% · base15 66.9% · low30 2.75 (+4.36%, 0b) · touches 0 · RSI 26.3 · EMA30 -27.34%",REJECT,M_لا_مستوى_مختبر,ANCHOR,ANCHOR,PASS,0,0,inside,0,,UNKNOWN (no evidence this day),NONE,YES (bars < DATE; evidence dated = DATE)
DKI,-4,2026-09-04,2026-09-03,2.94,2.44,7177.0,0.01,8.96,2.26,"hi52 188.8 drop 98.44% · spike 228.1% · base15 56.4% · low30 2.75 (+6.91%, 1b) · touches 0 · RSI 28.6 · EMA30 -24.31%",REJECT,M_لا_مستوى_مختبر,ANCHOR,ANCHOR,PASS,0,0,inside,0,,UNKNOWN (no evidence this day),NONE,YES (bars < DATE; evidence dated = DATE)
DKI,-3,2026-09-08,2026-09-04,2.885,-1.87,35478.0,0.05,9.46,-1.02,"hi52 188.8 drop 98.47% · spike 228.1% · base15 62.3% · low30 2.65 (+8.87%, 0b) · touches 0 · RSI 27.8 · EMA30 -24.48%",REJECT,M_لا_مستوى_مختبر,ANCHOR,ANCHOR,PASS,0,0,inside,0,,UNKNOWN (no evidence this day),NONE,YES (bars < DATE; evidence dated = DATE)
DKI,-2,2026-09-09,2026-09-08,2.86,-0.87,6280.0,0.01,8.89,-0.17,"hi52 188.8 drop 98.49% · spike 228.1% · base15 62.3% · low30 2.65 (+7.92%, 1b) · touches 0 · RSI 27.5 · EMA30 -23.9%",REJECT,M_لا_مستوى_مختبر,ANCHOR,ANCHOR,PASS,0,0,inside,0,,UNKNOWN (no evidence this day),NONE,YES (bars < DATE; evidence dated = DATE)
DKI,-1,2026-09-10,2026-09-09,2.8,-2.1,119172.0,2.14,9.08,-1.92,"hi52 188.8 drop 98.52% · spike 228.1% · base15 68.6% · low30 2.55 (+9.8%, 0b) · touches 0 · RSI 26.6 · EMA30 -24.25%",REJECT,M_لا_مستوى_مختبر,ANCHOR,ANCHOR,PASS,0,0,inside,0,,UNKNOWN (no evidence this day),NONE,YES (bars < DATE; evidence dated = DATE)
DKI,0,2026-09-11,2026-09-10,2.47,-11.79,76700.0,1.44,11.08,-3.21,"hi52 188.8 drop 98.69% · spike 228.1% · base15 80.8% · low30 2.3785 (+3.85%, 0b) · touches 0 · RSI 22.5 · EMA30 -31.71%",REJECT,M_لا_مستوى_مختبر,ANCHOR,ANCHOR,PASS,0,0,inside,0,,UNKNOWN (no evidence this day),NONE,YES (bars < DATE; evidence dated = DATE)
DKI,1,2026-09-14,2026-09-11,2.66,7.69,101062.0,1.91,11.33,4.05,"hi52 188.8 drop 98.59% · spike 228.1% · base15 85.3% · low30 2.32 (+14.66%, 0b) · touches 0 · RSI 29.3 · EMA30 -25.18%",REJECT,M_لا_مستوى_مختبر,ANCHOR,ANCHOR,PASS,0,0,inside,0,X_20260918_22_pipeline;X_20260918_23_watchlist;X_20260918_23_watchlist,FOCUS,DIRECT,YES (bars < DATE; evidence dated = DATE)
DKI,2,2026-09-15,2026-09-14,2.535,-4.7,3236.0,0.06,12.15,-5.64,"hi52 188.8 drop 98.66% · spike 228.1% · base15 85.3% · low30 2.32 (+9.27%, 1b) · touches 0 · RSI 27.6 · EMA30 -27.35%",REJECT,M_لا_مستوى_مختبر,ANCHOR,ANCHOR,PASS,0,0,inside,0,,UNKNOWN (no evidence this day),NONE,YES (bars < DATE; evidence dated = DATE)
DKI,3,2026-09-16,2026-09-15,2.46,-2.96,48924.0,0.94,12.49,0.59,"hi52 188.8 drop 98.7% · spike 228.1% · base15 85.3% · low30 2.32 (+6.03%, 2b) · touches 0 · RSI 26.6 · EMA30 -28.14%",REJECT,M_لا_مستوى_مختبر,ANCHOR,ANCHOR,PASS,0,0,inside,0,,UNKNOWN (no evidence this day),NONE,YES (bars < DATE; evidence dated = DATE)
DKI,4,2026-09-17,2026-09-16,2.63,6.91,6741.0,0.13,11.18,-1.22,"hi52 188.8 drop 98.61% · spike 228.1% · base15 85.3% · low30 2.32 (+13.36%, 3b) · touches 0 · RSI 32.6 · EMA30 -22.0%",REJECT,M_لا_مستوى_مختبر,ANCHOR,ANCHOR,PASS,0,0,inside,0,,UNKNOWN (no evidence this day),NONE,YES (bars < DATE; evidence dated = DATE)
DKI,5,2026-09-18,2026-09-17,2.68,1.9,3725.0,0.07,10.15,-3.42,"hi52 188.8 drop 98.58% · spike 228.1% · base15 70.7% · low30 2.32 (+15.52%, 4b) · touches 0 · RSI 34.3 · EMA30 -19.45%",REJECT,M_لا_مستوى_مختبر,ANCHOR,ANCHOR,PASS,0,0,inside,0,,UNKNOWN (no evidence this day),NONE,YES (bars < DATE; evidence dated = DATE)
DKI,6,2026-09-21,2026-09-18,2.75,2.61,5358.0,0.11,9.89,0.0,"hi52 188.8 drop 98.54% · spike 228.1% · base15 56.9% · low30 2.32 (+18.53%, 5b) · touches 0 · RSI 36.7 · EMA30 -16.42%",REJECT,M_لا_مستوى_مختبر,ANCHOR,ANCHOR,PASS,0,0,inside,0,,UNKNOWN (no evidence this day),NONE,YES (bars < DATE; evidence dated = DATE)
DKI,7,2026-09-22,2026-09-21,2.7,-1.82,3236.0,0.06,9.86,-1.82,"hi52 188.8 drop 98.57% · spike 228.1% · base15 54.3% · low30 2.32 (+16.38%, 6b) · touches 0 · RSI 35.7 · EMA30 -16.97%",REJECT,M_لا_مستوى_مختبر,ANCHOR,ANCHOR,PASS,0,0,inside,0,,UNKNOWN (no evidence this day),NONE,YES (bars < DATE; evidence dated = DATE)
DKI,8,2026-09-23,2026-09-22,2.54,-5.93,9260.0,0.19,10.43,-2.96,"hi52 188.8 drop 98.65% · spike 228.1% · base15 44.0% · low30 2.32 (+9.48%, 7b) · touches 0 · RSI 32.6 · EMA30 -20.78%",REJECT,M_لا_مستوى_مختبر,ANCHOR,ANCHOR,PASS,0,0,inside,0,,UNKNOWN (no evidence this day),NONE,YES (bars < DATE; evidence dated = DATE)
DKI,9,2026-09-24,2026-09-23,2.58,1.57,32856.0,0.66,9.05,-0.08,"hi52 188.8 drop 98.63% · spike 228.1% · base15 40.1% · low30 2.32 (+11.21%, 8b) · touches 0 · RSI 34.2 · EMA30 -18.5%",REJECT,M_لا_مستوى_مختبر,ANCHOR,ANCHOR,PASS,0,0,inside,0,,UNKNOWN (no evidence this day),NONE,YES (bars < DATE; evidence dated = DATE)
DKI,10,2026-09-25,2026-09-24,2.9,12.4,681250.0,13.64,8.37,6.59,"hi52 188.8 drop 98.46% · spike 228.1% · base15 33.2% · low30 2.32 (+25.0%, 9b) · touches 0 · RSI 45.0 · EMA30 -7.89%",REJECT,M_لا_مستوى_مختبر,ANCHOR,ANCHOR,PASS,0,0,inside,0,,UNKNOWN (no evidence this day),NONE,YES (bars < DATE; evidence dated = DATE)
DKI,11,2026-09-28,2026-09-25,2.73,-5.86,97492.0,1.47,8.66,-7.59,"hi52 188.8 drop 98.55% · spike 228.1% · base15 33.2% · low30 2.32 (+17.67%, 10b) · touches 0 · RSI 41.1 · EMA30 -12.54%",REJECT,M_لا_مستوى_مختبر,ANCHOR,ANCHOR,PASS,0,0,inside,0,,UNKNOWN (no evidence this day),NONE,YES (bars < DATE; evidence dated = DATE)
DKI,12,2026-09-29,2026-09-28,2.6,-4.76,18582.0,0.27,9.29,-1.83,"hi52 188.8 drop 98.62% · spike 228.1% · base15 26.7% · low30 2.32 (+12.07%, 11b) · touches 0 · RSI 38.4 · EMA30 -15.8%",REJECT,M_لا_مستوى_مختبر,ANCHOR,ANCHOR,PASS,0,0,inside,0,,UNKNOWN (no evidence this day),NONE,YES (bars < DATE; evidence dated = DATE)
DKI,13,2026-09-30,2026-09-29,2.55,-1.92,43386.0,0.62,9.3,-1.54,"hi52 185.44 drop 98.62% · spike 228.1% · base15 25.0% · low30 2.32 (+9.91%, 12b) · touches 0 · RSI 37.4 · EMA30 -16.48%",REJECT,M_لا_مستوى_مختبر,ANCHOR,ANCHOR,PASS,0,0,inside,0,,UNKNOWN (no evidence this day),NONE,YES (bars < DATE; evidence dated = DATE)
DKI,14,2026-10-01,2026-09-30,1.57,-38.43,4477451.0,63.1,18.37,-31.76,"hi52 185.44 drop 99.15% · spike 228.1% · base15 105.7% · low30 1.4101 (+11.34%, 0b) · touches 0 · RSI 23.9 · EMA30 -46.91%",REJECT,M_لا_مستوى_مختبر,ANCHOR,ANCHOR,PASS,0,0,inside,0,,UNKNOWN (no evidence this day),NONE,YES (bars < DATE; evidence dated = DATE)
DKI,15,2026-10-02,2026-10-01,1.29,-17.83,653771.0,2.22,22.25,-14.01,"hi52 20.0 drop 93.55% · spike 228.1% · base15 163.6% · low30 1.1 (+17.27%, 0b) · touches 0 · RSI 21.5 · EMA30 -54.74%",REJECT,M4_base_واسعة,M4_RANGE,,PASS,0,0,inside,0,,UNKNOWN (no evidence this day),NONE,YES (bars < DATE; evidence dated = DATE)
DKI,16,2026-10-05,2026-10-02,1.38,6.98,266282.0,0.83,21.21,-3.88,"hi52 20.0 drop 93.1% · spike 228.1% · base15 163.6% · low30 1.1 (+25.45%, 1b) · touches 0 · RSI 24.2 · EMA30 -49.91%",REJECT,M4_base_واسعة,M4_RANGE,,PASS,0,0,oversold,0,,UNKNOWN (no evidence this day),NONE,YES (bars < DATE; evidence dated = DATE)
DKI,17,2026-10-06,2026-10-05,1.5,8.7,271845.0,0.81,20.13,-2.13,"hi52 19.36 drop 92.25% · spike 228.1% · base15 163.6% · low30 1.1 (+36.36%, 2b) · touches 0 · RSI 27.6 · EMA30 -43.91%",REJECT,M4_base_واسعة,M4_RANGE,,PASS,0,0,inside,0,,UNKNOWN (no evidence this day),NONE,YES (bars < DATE; evidence dated = DATE)
DKI,18,2026-10-07,2026-10-06,1.36,-9.33,98454.0,0.28,22.01,-8.67,"hi52 19.36 drop 92.98% · spike 228.1% · base15 163.6% · low30 1.1 (+23.64%, 3b) · touches 0 · RSI 26.1 · EMA30 -47.48%",REJECT,M4_base_واسعة,M4_RANGE,,PASS,0,0,oversold,0,,UNKNOWN (no evidence this day),NONE,YES (bars < DATE; evidence dated = DATE)
DKI,19,2026-10-08,2026-10-07,1.67,22.79,47993120.0,136.76,27.47,-6.62,"hi52 19.36 drop 91.37% · spike 228.1% · base15 230.9% · low30 1.1 (+51.82%, 4b) · touches 0 · RSI 34.6 · EMA30 -33.99%",REJECT,M4_base_واسعة,M4_RANGE,,PASS,0,0,,0,,UNKNOWN (no evidence this day),NONE,YES (bars < DATE; evidence dated = DATE)
DKI,20,2026-10-08,2026-10-07,1.67,22.79,47993120.0,136.76,27.47,-6.62,"hi52 19.36 drop 91.37% · spike 228.1% · base15 230.9% · low30 1.1 (+51.82%, 4b) · touches 0 · RSI 34.6 · EMA30 -33.99%",REJECT,M4_base_واسعة,M4_RANGE,,PASS,0,0,,0,,UNKNOWN (no evidence this day),NONE,YES (bars < DATE; evidence dated = DATE)
