TICKER,DATE,FAISAL_STATE,LAST_KNOWN_STATE,EVIDENCE_ID,price,ret1,volume,vol_ratio,atr14_pct,gap_pct,drop_pct,spike_pct,base_range_pct,low30,bars_since_low30,tested_touches,rsi14,vs_ema30_pct,last_rsplit,drop_from_psh_pct,gap_below_level,LOOKAHEAD_SAFE
CANF,2026-06-18,UNKNOWN,UNKNOWN,,3.03,1.0,47386.0,1.79,5.16,0.0,86.71,49.0,22.7,2.82,5,0,45.0,-3.53,2026-01-05,70.87,3.35,YES
CANF,2026-06-22,UNKNOWN,UNKNOWN,,2.98,-1.65,9412.0,0.34,5.23,-0.33,86.33,49.0,22.7,2.82,6,0,42.8,-4.81,2026-01-05,71.35,3.35,YES
CANF,2026-06-23,UNKNOWN,UNKNOWN,,3.06,2.68,99983.0,3.61,5.28,2.68,85.96,49.0,18.4,2.82,7,0,47.3,-2.11,2026-01-05,70.58,3.35,YES
CANF,2026-06-24,UNKNOWN,UNKNOWN,,3.05,-0.33,31543.0,0.99,5.27,-0.98,86.01,49.0,16.0,2.82,8,0,46.8,-2.28,2026-01-05,70.67,3.35,YES
CANF,2026-06-25,UNKNOWN,UNKNOWN,,2.99,-1.97,60402.0,1.94,5.83,2.95,86.28,49.0,15.2,2.82,9,0,43.8,-3.94,2026-01-05,71.25,3.35,YES
CANF,2026-06-26,UNKNOWN,UNKNOWN,,2.94,-1.67,63480.0,1.91,6.1,1.0,86.51,49.0,15.2,2.82,10,0,41.5,-5.21,2026-01-05,71.73,3.35,YES
CANF,2026-06-29,UNKNOWN,UNKNOWN,,2.75,-6.46,25275657.0,707.09,8.42,12.59,87.39,49.0,35.9,2.59,0,0,34.0,-10.68,2026-01-05,73.56,,YES
CANF,2026-06-30,UNKNOWN,UNKNOWN,,2.92,6.18,316028.0,0.24,8.69,-5.45,86.61,49.0,37.5,2.56,0,0,43.8,-4.84,2026-01-05,71.92,,YES
CANF,2026-07-01,UNKNOWN,UNKNOWN,,2.97,1.71,105857.0,0.08,8.68,-4.79,86.38,49.0,37.5,2.56,1,0,46.3,-3.01,2026-01-05,71.44,,YES
CANF,2026-07-02,UNKNOWN,UNKNOWN,,4.63,55.89,57496042.0,43.68,9.98,69.02,77.95,49.0,133.6,2.56,2,0,79.3,46.37,2026-01-05,55.48,,YES
CANF,2026-07-06,UNKNOWN,UNKNOWN,,3.91,-15.55,932548.0,0.22,13.72,-6.26,81.38,49.0,133.6,2.56,3,0,61.6,21.75,2026-01-05,62.4,,YES
CANF,2026-07-07,UNKNOWN,UNKNOWN,,3.8,-2.81,1335694.0,0.32,14.4,-0.51,81.9,49.0,133.6,2.56,4,0,59.4,16.94,2026-01-05,63.46,,YES
CANF,2026-07-08,UNKNOWN,UNKNOWN,,3.48,-8.42,197121.0,0.05,16.21,-2.89,83.43,49.0,133.6,2.56,5,0,53.5,6.61,2026-01-05,66.54,,YES
CANF,2026-07-09,UNKNOWN,UNKNOWN,,3.25,-6.61,86370.0,0.02,17.8,-2.3,84.52,49.0,133.6,2.56,6,0,49.7,-0.41,2026-01-05,68.75,,YES
CANF,2026-07-10,UNKNOWN,UNKNOWN,,3.27,0.62,42948.0,0.01,17.5,0.0,84.43,49.0,133.6,2.56,7,0,50.0,0.19,2026-01-05,68.56,,YES
CANF,2026-07-13,UNKNOWN,UNKNOWN,,3.25,-0.61,49033.0,0.01,17.78,0.92,84.52,49.0,133.6,2.56,8,0,49.6,-0.4,2026-01-05,68.75,,YES
CANF,2026-07-14,UNKNOWN,UNKNOWN,,3.26,0.31,91088.0,0.02,17.44,0.0,84.48,49.0,133.6,2.56,9,0,49.8,-0.08,2026-01-05,68.65,,YES
CANF,2026-07-15,UNKNOWN,UNKNOWN,,3.22,-1.23,1251575.0,0.29,18.16,6.13,84.67,49.0,133.6,2.56,10,0,49.0,-1.23,2026-01-05,69.04,,YES
CANF,2026-07-16,UNKNOWN,UNKNOWN,,3.28,1.86,90144.0,0.02,17.72,2.8,84.38,49.0,133.6,2.56,11,0,50.3,0.57,2026-01-05,68.46,,YES
CANF,2026-07-17,UNKNOWN,UNKNOWN,,3.32,1.22,50303.0,0.01,17.35,-2.44,84.19,49.0,133.6,2.56,12,0,51.2,1.68,2026-01-05,68.08,,YES
CANF,2026-07-20,WATCH,WATCH,TG_1833,3.4,2.41,32895.0,0.01,15.37,-1.81,83.81,49.0,133.6,2.56,13,0,53.0,3.86,2026-01-05,67.31,,YES
CANF,2026-07-21,UNKNOWN,WATCH,,3.31,-2.65,162749.0,0.04,15.31,0.59,84.24,49.0,133.6,2.56,14,0,50.7,1.03,2026-01-05,68.17,,YES
CANF,2026-07-22,UNKNOWN,WATCH,,3.38,2.11,26982.0,0.01,14.75,-2.11,83.9,49.0,119.8,2.56,15,0,52.5,2.96,2026-01-05,67.5,,YES
CANF,2026-07-23,UNKNOWN,WATCH,,3.3,-2.37,36364.0,0.01,8.81,-0.89,84.29,49.0,89.8,2.56,16,0,50.3,0.49,2026-01-05,68.27,,YES
CANF,2026-07-24,UNKNOWN,WATCH,,3.23,-2.12,21873.0,0.0,6.74,-1.21,84.62,68.4,46.0,2.56,17,0,48.4,-1.54,2026-01-05,68.94,,YES
CANF,2026-07-27,UNKNOWN,WATCH,,3.19,-1.24,36636.0,0.01,6.41,-0.93,84.66,68.4,31.1,2.56,18,0,47.3,-2.58,2026-01-05,69.33,,YES
CANF,2026-07-28,UNKNOWN,WATCH,,3.15,-1.25,20731.0,0.0,5.72,1.88,84.41,68.4,22.2,2.56,19,0,46.2,-3.57,2026-01-05,69.71,,YES
CANF,2026-07-29,UNKNOWN,WATCH,,3.16,0.32,20966.0,0.01,5.34,1.59,84.2,68.4,14.0,2.56,20,0,46.5,-3.06,2026-01-05,69.62,,YES
CANF,2026-07-30,UNKNOWN,WATCH,,3.2,1.27,25815.0,0.01,5.21,-0.32,78.08,68.4,14.0,2.56,21,0,48.0,-1.72,2026-01-05,69.23,,YES
CANF,2026-07-31,WATCH,WATCH,IMG_0602,3.28,2.5,48919.0,0.02,5.0,0.47,76.74,68.4,14.0,2.56,22,0,50.8,0.69,2026-01-05,68.46,,YES
CANF,2026-08-03,UNKNOWN,WATCH,,3.15,-3.96,15517.0,0.07,5.36,2.44,77.6,68.4,14.0,2.56,23,0,46.4,-3.09,2026-01-05,69.71,,YES
CANF,2026-08-04,UNKNOWN,WATCH,,3.17,0.63,33113.0,0.18,4.8,-0.63,77.46,68.4,14.0,2.56,24,0,47.1,-2.32,2026-01-05,69.52,,YES
CANF,2026-08-05,UNKNOWN,WATCH,,3.19,0.63,32522.0,0.28,4.53,1.58,77.31,68.4,9.3,2.56,25,0,47.9,-1.6,2026-01-05,69.33,,YES
CANF,2026-08-06,UNKNOWN,WATCH,,3.2,0.31,36632.0,0.34,4.43,0.31,77.24,68.4,9.3,2.56,26,0,48.4,-1.2,2026-01-05,69.23,,YES
CANF,2026-08-07,UNKNOWN,WATCH,,3.56,11.25,103330.0,0.97,4.42,4.06,74.68,68.4,15.0,2.56,27,0,60.6,9.21,2026-01-05,65.77,,YES
CANF,2026-08-10,UNKNOWN,WATCH,,3.44,-3.37,32798.0,0.3,4.51,-1.96,75.54,68.4,15.0,2.56,28,0,55.8,5.16,2026-01-05,66.92,,YES
CANF,2026-08-11,UNKNOWN,WATCH,,3.21,-6.69,18762.0,0.17,5.02,-2.62,77.07,68.4,15.0,2.56,29,0,48.1,-1.76,2026-01-05,69.13,,YES
CANF,2026-08-12,UNKNOWN,WATCH,,3.31,3.12,18309.0,0.17,4.98,3.43,76.36,68.4,15.0,2.7201,29,0,51.2,1.22,2026-01-05,68.17,,YES
CANF,2026-08-13,UNKNOWN,WATCH,,3.44,3.93,36785.0,0.85,4.97,4.83,75.39,68.4,15.0,3.13,11,4,55.1,4.84,2026-01-05,66.92,,YES
CANF,2026-08-14,UNKNOWN,WATCH,,3.4,-1.16,43653.0,1.08,5.02,-3.16,75.36,68.4,15.0,3.13,12,4,53.7,3.38,2026-01-05,67.31,,YES
CANF,2026-08-17,UNKNOWN,WATCH,,3.4,0.0,16040.0,0.4,5.02,0.0,75.36,68.4,15.0,3.13,13,4,53.7,3.16,2026-01-05,67.31,,YES
CANF,2026-08-18,UNKNOWN,WATCH,,3.58,5.29,108781.0,2.76,4.89,0.29,73.67,68.4,15.0,3.13,14,4,59.1,8.02,2026-01-05,65.58,,YES
CANF,2026-08-19,UNKNOWN,WATCH,,3.45,-3.63,34059.0,0.93,5.2,-1.12,74.63,68.4,15.0,3.13,15,4,54.2,3.82,2026-01-05,66.83,,YES
CANF,2026-08-20,UNKNOWN,WATCH,,3.48,0.87,19728.0,0.53,5.18,2.9,74.41,68.4,15.0,3.13,16,4,55.1,4.41,2026-01-05,66.54,,YES
CANF,2026-08-21,UNKNOWN,WATCH,,3.35,-3.74,19019.0,0.52,5.21,-0.29,75.36,68.4,15.0,3.13,17,4,50.3,0.47,2026-01-05,67.79,,YES
CANF,2026-08-24,UNKNOWN,WATCH,,3.33,-0.6,25645.0,0.71,5.23,0.0,75.51,68.4,15.0,3.13,18,4,49.6,-0.12,2026-01-05,67.98,,YES
CANF,2026-08-25,UNKNOWN,WATCH,,3.35,0.6,26375.0,0.74,5.28,0.6,75.0,68.4,12.9,3.13,19,3,50.4,0.45,2026-01-05,67.79,,YES
CANF,2026-08-26,UNKNOWN,WATCH,,3.32,-0.9,11928.0,0.33,5.33,0.0,75.22,68.4,12.5,3.13,20,3,49.2,-0.42,2026-01-05,68.08,,YES
CANF,2026-08-27,UNKNOWN,WATCH,,3.32,0.0,7168.0,0.2,4.62,-0.3,75.22,68.4,12.1,3.13,21,2,49.2,-0.39,2026-01-05,68.08,,YES
CANF,2026-08-28,UNKNOWN,WATCH,,3.37,1.51,21363.0,0.62,4.45,1.2,74.85,68.4,11.5,3.13,22,2,51.4,1.03,2026-01-05,67.6,,YES
CANF,2026-08-31,UNKNOWN,WATCH,,3.4,0.89,24211.0,0.73,4.11,0.3,74.63,68.4,11.5,3.13,23,2,52.7,1.81,2026-01-05,67.31,,YES
CDIO,2025-12-29,UNKNOWN,UNKNOWN,,3.33,-2.63,8138.0,0.32,12.31,2.63,89.12,70.2,52.9,2.4237,25,0,50.3,-0.14,2025-05-13,41.58,,YES
CDIO,2025-12-30,UNKNOWN,UNKNOWN,,3.14,-5.71,34898.0,1.43,11.97,-3.6,89.74,70.2,52.9,2.4237,26,0,46.3,-5.48,2025-05-13,44.91,,YES
CDIO,2025-12-31,UNKNOWN,UNKNOWN,,3.18,1.27,40527.0,1.58,11.01,1.27,89.61,70.2,52.9,2.4237,27,0,47.2,-4.01,2025-05-13,44.21,,YES
CDIO,2026-01-02,UNKNOWN,UNKNOWN,,2.71,-14.78,54127.0,1.97,13.55,-3.46,91.14,70.2,48.0,2.4237,28,0,38.6,-17.23,2025-05-13,52.46,,YES
CDIO,2026-01-05,UNKNOWN,UNKNOWN,,2.84,4.8,11068.0,0.37,12.76,2.95,90.72,70.2,48.0,2.4237,29,0,41.8,-12.51,2025-05-13,50.18,,YES
CDIO,2026-01-06,UNKNOWN,UNKNOWN,,2.98,4.93,22934.0,0.78,11.62,0.35,90.26,70.2,42.6,2.4601,28,0,45.1,-7.71,2025-05-13,47.72,,YES
CDIO,2026-01-07,UNKNOWN,UNKNOWN,,2.955,-0.84,18723.0,0.62,11.42,7.05,90.34,70.2,40.1,2.4601,29,0,44.6,-7.98,2025-05-13,48.16,,YES
CDIO,2026-01-08,UNKNOWN,UNKNOWN,,2.79,-5.58,20300571.0,694.17,12.67,9.64,90.88,70.2,40.1,2.52,29,0,41.4,-12.38,2025-05-13,51.05,,YES
CDIO,2026-01-09,UNKNOWN,UNKNOWN,,2.4,-13.98,645635.0,0.62,15.0,-5.73,91.46,70.2,65.4,2.2374,0,0,35.1,-23.41,2025-05-13,57.89,2.75,YES
CDIO,2026-01-12,UNKNOWN,UNKNOWN,,2.05,-14.58,449377.0,0.42,18.5,-2.08,92.05,70.2,91.7,1.93,0,0,30.6,-33.08,2025-05-13,64.04,2.75,YES
CDIO,2026-01-13,UNKNOWN,UNKNOWN,,1.94,-5.37,341004.0,0.31,19.18,-3.41,91.49,70.2,112.6,1.74,0,0,29.3,-35.14,2025-05-13,65.96,2.75,YES
CDIO,2026-01-14,UNKNOWN,UNKNOWN,,1.83,-5.67,191294.0,0.17,18.89,0.0,91.35,70.2,112.6,1.74,1,0,28.1,-37.25,2025-05-13,67.89,2.75,YES
CDIO,2026-01-15,UNKNOWN,UNKNOWN,,1.82,-0.55,177600.0,0.16,19.11,-3.28,91.39,70.2,115.2,1.64,0,0,28.0,-36.04,2025-05-13,68.07,2.75,YES
CDIO,2026-01-16,UNKNOWN,UNKNOWN,,1.76,-3.3,108855.0,0.1,19.07,1.65,91.68,70.2,115.2,1.64,1,0,27.2,-36.59,2025-05-13,69.12,2.75,YES
CDIO,2026-01-20,UNKNOWN,UNKNOWN,,1.81,2.84,85621.0,0.08,18.19,-0.57,91.44,70.2,114.0,1.64,2,0,28.9,-33.29,2025-05-13,68.25,2.75,YES
CDIO,2026-01-21,UNKNOWN,UNKNOWN,,1.75,-3.31,50839.0,0.04,17.63,-1.1,91.73,70.2,109.1,1.64,3,0,28.1,-33.99,2025-05-13,69.3,2.75,YES
CDIO,2026-01-22,UNKNOWN,UNKNOWN,,1.84,5.14,126372.0,0.11,16.14,1.71,91.3,70.2,97.6,1.64,4,2,31.3,-29.19,2025-05-13,67.72,2.75,YES
CDIO,2026-01-23,UNKNOWN,UNKNOWN,,1.98,7.61,105588.0,0.09,13.78,0.54,90.64,70.2,97.6,1.64,5,2,36.1,-22.62,2025-05-13,65.26,2.75,YES
CDIO,2026-01-26,UNKNOWN,UNKNOWN,,1.94,-2.02,79456.0,0.07,13.92,0.0,90.56,70.2,97.6,1.64,6,2,35.3,-22.98,2025-05-13,65.96,2.75,YES
CDIO,2026-01-27,UNKNOWN,UNKNOWN,,1.81,-6.7,51787.0,0.05,14.8,0.52,91.19,70.2,97.6,1.64,7,2,32.9,-26.81,2025-05-13,68.25,2.75,YES
CDIO,2026-01-28,WATCH,WATCH,TG_2089;TG_2218,1.84,1.66,50019.0,0.04,13.49,0.0,91.05,70.2,97.6,1.64,8,2,34.0,-24.35,2025-05-13,67.72,2.75,YES
CDIO,2026-01-29,UNKNOWN,WATCH,,1.78,-3.26,764331.0,0.67,12.62,0.0,91.34,70.2,97.6,1.64,9,2,32.8,-25.53,2025-05-13,68.77,2.75,YES
CDIO,2026-01-30,UNKNOWN,WATCH,,1.6,-10.11,205978.0,0.17,12.68,-2.81,92.21,70.2,73.7,1.5315,0,0,29.5,-31.6,2025-05-13,71.93,2.75,YES
CDIO,2026-02-02,UNKNOWN,WATCH,,1.51,-5.63,90163.0,0.08,11.78,-1.88,92.65,70.2,58.8,1.4801,0,0,28.0,-33.94,2025-05-13,73.51,2.75,YES
CDIO,2026-02-03,UNKNOWN,WATCH,,1.45,-3.97,82843.0,0.07,11.28,0.66,92.94,70.2,41.6,1.43,0,0,27.0,-35.03,2025-05-13,74.56,2.75,YES
CDIO,2026-02-04,UNKNOWN,WATCH,,1.36,-6.21,101972.0,0.09,11.92,-0.69,93.38,70.2,54.6,1.31,0,0,25.5,-37.49,2025-05-13,76.14,2.75,YES
CDIO,2026-02-05,UNKNOWN,WATCH,,1.22,-10.29,75096.0,0.06,13.17,2.21,94.06,70.2,68.8,1.2,0,0,23.4,-42.29,2025-05-13,78.6,2.75,YES
CDIO,2026-02-06,UNKNOWN,WATCH,,1.05,-13.93,144923.0,0.12,15.95,-0.82,94.89,70.2,92.9,1.05,0,0,21.1,-48.66,2025-05-13,81.58,2.75,YES
CDIO,2026-02-09,UNKNOWN,WATCH,,1.29,22.86,344973.0,1.76,14.42,0.0,93.72,70.2,108.8,0.97,0,0,31.4,-35.39,2025-05-13,77.37,2.75,YES
CDIO,2026-02-10,UNKNOWN,WATCH,,1.34,3.88,88340.0,0.49,14.25,7.75,93.48,70.2,108.8,0.97,1,0,33.3,-31.43,2025-05-13,76.49,2.75,YES
CDIO,2026-02-11,UNKNOWN,WATCH,,1.37,2.24,82083.0,0.5,14.21,-0.75,93.33,70.2,108.8,0.97,2,0,34.5,-28.52,2025-05-13,75.96,2.75,YES
CDIO,2026-02-12,UNKNOWN,WATCH,,1.32,-3.65,66005.0,0.44,14.75,0.0,93.58,70.2,108.8,0.97,3,0,33.4,-29.71,2025-05-13,76.84,2.75,YES
CDIO,2026-02-13,UNKNOWN,WATCH,,1.29,-2.27,68468.0,0.48,15.41,3.03,93.72,70.2,108.8,0.97,4,0,32.8,-29.89,2025-05-13,77.37,2.75,YES
CDIO,2026-02-17,UNKNOWN,WATCH,,1.27,-1.55,44566.0,0.32,15.35,-2.33,93.82,70.2,102.3,0.97,5,0,32.3,-29.57,2025-05-13,77.72,2.75,YES
CDIO,2026-02-18,UNKNOWN,WATCH,,1.19,-6.3,44410.0,0.33,16.21,1.57,94.17,70.2,92.8,0.97,6,0,30.5,-32.53,2025-05-13,79.12,2.75,YES
CDIO,2026-02-19,UNKNOWN,WATCH,,2.13,78.99,56767197.0,425.51,14.08,2.52,89.53,70.2,193.8,0.97,7,0,59.6,19.17,2025-05-13,62.63,,YES
CDIO,2026-02-20,UNKNOWN,WATCH,,2.24,5.16,22411793.0,7.55,14.58,23.94,87.96,70.2,193.8,0.97,8,0,61.7,23.31,2025-05-13,60.7,,YES
CDIO,2026-02-23,UNKNOWN,WATCH,,2.88,28.57,76561969.0,18.75,14.12,35.71,83.59,70.2,258.8,0.97,9,0,70.8,52.77,2025-05-13,49.47,,YES
CDIO,2026-02-24,UNKNOWN,WATCH,,3.01,4.51,3333490.0,0.42,14.31,-0.35,82.69,70.2,258.8,0.97,10,0,72.3,53.75,2025-05-13,47.19,,YES
CDIO,2026-02-25,UNKNOWN,WATCH,,3.31,9.97,12196039.0,1.51,14.63,14.62,80.96,70.2,290.7,0.97,11,0,75.3,61.86,2025-05-13,41.93,,YES
CDIO,2026-02-26,UNKNOWN,WATCH,,5.31,60.42,15851068.0,1.83,11.81,4.53,69.46,70.2,467.0,0.97,12,0,86.2,135.41,2025-05-13,6.84,,YES
CDIO,2026-02-27,EXIT,EXIT,TG_2091,5.22,-1.69,4872093.0,0.51,13.4,-6.03,69.98,70.2,467.0,0.97,13,0,84.4,113.33,2025-05-13,8.42,,YES
CDIO,2026-03-02,UNKNOWN,EXIT,,6.55,25.48,19014912.0,1.97,13.15,21.17,62.33,70.2,715.5,0.97,14,0,88.3,141.56,2025-05-13,17.19,,YES
CDIO,2026-03-03,UNKNOWN,EXIT,,5.2,-20.61,2292795.0,0.22,19.11,-17.63,70.09,70.2,570.3,0.97,15,0,69.4,81.05,2025-05-13,34.26,5.745,YES
CDIO,2026-03-04,UNKNOWN,EXIT,,4.74,-8.85,1336255.0,0.12,23.04,-6.15,72.74,70.2,570.3,0.97,16,0,64.3,58.39,2025-05-13,40.08,,YES
CDIO,2026-03-05,UNKNOWN,EXIT,,5.26,10.97,1037850.0,0.1,22.07,-0.84,69.75,70.2,570.3,0.97,17,0,67.2,67.57,2025-05-13,33.5,,YES
CDIO,2026-03-06,UNKNOWN,EXIT,,5.37,2.09,628858.0,0.06,22.58,-3.04,69.12,70.2,570.3,0.97,18,0,67.8,63.58,2025-05-13,32.11,,YES
CDIO,2026-03-09,UNKNOWN,EXIT,,5.3,-1.3,609818.0,0.06,24.17,-3.35,69.52,70.2,570.3,0.97,19,0,67.0,55.29,2025-05-13,33.0,,YES
CDIO,2026-03-10,UNKNOWN,EXIT,,4.86,-8.3,578142.0,0.05,27.61,-2.45,72.05,70.2,570.3,0.97,20,0,61.8,38.61,2025-05-13,38.56,,YES
CDIO,2026-03-11,UNKNOWN,EXIT,,4.99,2.67,332084.0,0.03,25.32,1.65,71.3,70.2,552.6,0.97,21,0,62.7,38.53,2025-05-13,36.92,,YES
CDIO,2026-03-12,UNKNOWN,EXIT,,4.76,-4.61,381108.0,0.03,26.35,-2.0,72.62,102.9,282.1,0.97,22,0,60.0,29.46,2025-05-13,39.82,,YES
CDIO,2026-03-13,UNKNOWN,EXIT,,4.56,-4.2,196932.0,0.02,26.14,-2.1,73.78,113.3,217.7,0.97,23,0,57.6,22.13,2025-05-13,42.35,,YES
CDIO,2026-03-16,UNKNOWN,EXIT,,2.8,-38.6,1134653.0,0.1,46.52,-3.51,83.9,174.3,209.0,0.97,24,0,42.0,-23.78,2025-05-13,64.6,4.56,YES
CDIO,2026-03-17,UNKNOWN,EXIT,,2.41,-13.93,473811.0,0.04,53.45,0.0,86.14,186.7,240.9,0.97,25,0,39.4,-32.91,2025-05-13,69.53,4.56,YES
CDIO,2026-03-18,UNKNOWN,EXIT,,2.25,-6.64,332118.0,0.03,51.98,14.52,87.06,215.2,254.7,0.97,26,0,38.4,-35.81,2025-05-13,71.55,4.56,YES
CDIO,2026-03-19,UNKNOWN,EXIT,,2.32,3.11,336957.0,0.03,47.24,-0.89,86.66,405.7,257.9,0.97,27,0,39.2,-32.34,2025-05-13,70.67,4.56,YES
CDIO,2026-03-20,UNKNOWN,EXIT,,2.46,6.03,617973.0,0.08,38.31,-3.02,85.85,405.7,257.9,0.97,28,0,40.7,-26.93,2025-05-13,68.9,4.56,YES
CDIO,2026-03-23,UNKNOWN,EXIT,,2.29,-6.91,375179.0,0.05,36.39,3.25,86.83,523.8,182.0,0.97,29,0,39.4,-30.54,2025-05-13,71.05,4.56,YES
CDIO,2026-03-24,UNKNOWN,EXIT,,2.25,-1.75,171425.0,0.05,32.62,5.24,87.06,523.8,182.0,1.18,24,2,39.1,-30.33,2025-05-13,71.55,4.56,YES
CDIO,2026-03-25,UNKNOWN,EXIT,,2.14,-4.89,239694.0,0.08,31.06,-2.22,87.69,523.8,189.4,1.18,25,0,38.2,-32.26,2025-05-13,72.95,4.56,YES
CDIO,2026-03-26,UNKNOWN,EXIT,,2.07,-3.27,374884.0,0.15,29.9,-1.4,88.1,523.8,208.5,1.18,26,0,37.5,-32.99,2025-05-13,73.83,4.56,YES
CDIO,2026-03-27,UNKNOWN,EXIT,,1.88,-9.18,232618.0,0.13,29.61,-3.38,89.19,523.8,225.9,1.18,27,0,35.9,-37.56,2025-05-13,76.23,4.56,YES
CIIT,2026-08-27,UNKNOWN,UNKNOWN,,3.31,1.85,175530.0,0.72,9.24,0.0,96.19,100.9,48.2,2.6031,29,0,38.3,-18.83,2026-07-20,19.07,4.7,YES
CIIT,2026-08-28,UNKNOWN,UNKNOWN,,3.3,-0.3,54517.0,0.22,9.0,5.44,96.2,100.9,48.2,2.7536,2,0,38.1,-18.06,2026-07-20,19.31,4.7,YES
CIIT,2026-08-31,UNKNOWN,UNKNOWN,,3.07,-6.97,32118.0,0.14,9.54,-0.91,96.46,100.9,44.1,2.7536,3,0,34.8,-22.59,2026-07-20,24.94,4.7,YES
CIIT,2026-09-01,UNKNOWN,UNKNOWN,,2.97,-3.26,16251.0,0.07,9.63,0.98,96.58,100.9,42.7,2.7536,4,0,33.4,-23.88,2026-07-20,27.38,4.7,YES
CIIT,2026-09-02,UNKNOWN,UNKNOWN,,2.88,-3.03,45137.0,0.19,9.83,-4.04,96.68,100.9,34.7,2.7536,5,0,32.2,-24.91,2026-07-20,29.58,4.7,YES
CIIT,2026-09-03,UNKNOWN,UNKNOWN,,2.87,-0.35,16484.0,0.07,9.59,0.12,96.69,100.9,34.6,2.7536,6,0,32.1,-23.94,2026-07-20,29.83,4.7,YES
CIIT,2026-09-04,UNKNOWN,UNKNOWN,,2.87,0.0,9017.0,0.04,9.11,-1.39,96.69,100.9,34.6,2.7536,7,0,32.1,-22.75,2026-07-20,29.83,4.7,YES
CIIT,2026-09-08,UNKNOWN,UNKNOWN,,3.04,5.92,40037.0,0.18,9.07,3.48,96.5,100.9,32.6,2.7536,8,0,37.4,-17.2,2026-07-20,25.67,4.7,YES
CIIT,2026-09-09,UNKNOWN,UNKNOWN,,2.77,-8.88,19332.0,0.09,10.32,-1.38,96.81,100.9,30.5,2.75,0,2,33.0,-23.34,2026-07-20,32.27,4.7,YES
CIIT,2026-09-10,UNKNOWN,UNKNOWN,,2.81,1.44,43870.0,0.2,10.1,0.0,96.76,100.9,33.0,2.7,0,0,34.2,-21.1,2026-07-20,31.29,4.7,YES
CIIT,2026-09-11,UNKNOWN,UNKNOWN,,2.78,-1.07,19990.0,0.09,9.91,-0.36,96.8,100.9,31.5,2.7,1,0,33.7,-20.82,2026-07-20,32.03,4.7,YES
CIIT,2026-09-14,UNKNOWN,UNKNOWN,,2.75,-1.08,8249.0,0.04,9.94,1.8,96.83,100.9,31.5,2.7,2,0,33.2,-20.57,2026-07-20,32.76,4.7,YES
CIIT,2026-09-15,UNKNOWN,UNKNOWN,,2.58,-6.18,18514.0,0.09,10.67,0.73,97.03,100.9,40.5,2.52,0,0,30.3,-24.23,2026-07-20,36.92,4.7,YES
CIIT,2026-09-16,UNKNOWN,UNKNOWN,,2.4,-6.98,542950.0,2.75,10.35,3.05,96.73,100.9,47.5,2.4,0,0,27.6,-28.15,2026-07-20,41.32,4.7,YES
CIIT,2026-09-17,UNKNOWN,UNKNOWN,,2.58,7.5,83602.0,0.37,9.35,0.42,96.49,100.9,56.6,2.26,0,0,34.0,-21.61,2026-07-20,36.92,4.7,YES
CIIT,2026-09-18,UNKNOWN,UNKNOWN,,2.42,-6.2,29032.0,0.13,9.71,-5.04,96.61,100.9,54.4,2.26,1,0,31.3,-25.19,2026-07-20,40.83,4.7,YES
CIIT,2026-09-21,UNKNOWN,UNKNOWN,,2.42,0.0,11155.0,0.05,9.14,0.92,96.61,100.9,46.9,2.26,2,0,31.3,-23.96,2026-07-20,40.83,4.7,YES
CIIT,2026-09-22,UNKNOWN,UNKNOWN,,2.435,0.62,7917.0,0.04,8.84,0.01,96.59,100.9,45.6,2.26,3,0,31.9,-22.31,2026-07-20,40.46,4.7,YES
CIIT,2026-09-23,UNKNOWN,UNKNOWN,,2.52,3.49,21482.0,0.1,8.36,3.9,96.47,100.9,45.6,2.26,4,0,35.3,-18.57,2026-07-20,38.38,4.7,YES
CIIT,2026-09-24,UNKNOWN,UNKNOWN,,2.615,3.77,43974.0,0.53,8.89,2.78,96.34,100.9,45.6,2.26,5,0,38.9,-14.64,2026-07-20,36.06,4.7,YES
CIIT,2026-09-25,WATCH,WATCH,TG_57881;TG_57883,2.785,6.5,27828.0,0.45,8.83,-4.4,96.1,100.9,45.6,2.26,6,0,44.8,-8.56,2026-07-20,31.91,4.7,YES
CIIT,2026-09-28,UNKNOWN,WATCH,,2.75,-1.26,55505.0,1.02,8.55,1.19,96.15,100.9,45.6,2.26,7,0,43.9,-9.14,2026-07-20,32.76,4.7,YES
CIIT,2026-09-29,UNKNOWN,WATCH,,2.715,-1.27,16094.0,0.29,8.07,-3.63,96.2,100.9,38.2,2.26,8,0,42.9,-9.69,2026-07-20,33.62,4.7,YES
CIIT,2026-09-30,UNKNOWN,WATCH,,2.71,-0.18,22795.0,0.42,7.93,1.66,96.2,100.9,32.3,2.26,9,0,42.7,-9.28,2026-07-20,33.74,4.7,YES
CIIT,2026-10-01,UNKNOWN,WATCH,,2.65,-2.21,10070.0,0.19,8.18,2.58,96.29,100.9,32.3,2.26,10,0,40.9,-10.64,2026-07-20,35.21,4.7,YES
CIIT,2026-10-02,UNKNOWN,WATCH,,2.51,-5.28,19839.0,0.38,9.06,4.53,96.48,100.9,32.3,2.26,11,0,37.0,-14.51,2026-07-20,38.63,4.7,YES
CIIT,2026-10-05,UNKNOWN,WATCH,,2.48,-1.2,16997.0,0.32,9.6,0.8,96.53,100.9,32.3,2.26,12,0,36.2,-14.68,2026-07-20,39.36,4.7,YES
CIIT,2026-10-06,UNKNOWN,WATCH,,2.58,4.03,20329.0,0.38,9.02,-0.81,96.39,100.9,32.3,2.26,13,0,40.8,-10.59,2026-07-20,36.92,4.7,YES
CIIT,2026-10-07,UNKNOWN,WATCH,,2.31,-10.47,28633.0,0.55,10.11,2.13,96.76,100.9,32.3,2.26,14,0,33.7,-18.91,2026-07-20,43.52,,YES
CIIT,2026-10-08,UNKNOWN,WATCH,,2.3948,3.67,17170.0,0.33,9.48,1.67,96.65,100.9,29.4,2.26,15,0,37.4,-15.06,2026-07-20,41.45,,YES
DKI,2026-08-14,UNKNOWN,UNKNOWN,,4.19,0.96,83233.0,0.13,10.25,0.0,97.78,228.1,52.0,3.5,4,0,47.1,-4.51,,,,YES
DKI,2026-08-17,UNKNOWN,UNKNOWN,,4.1,-2.15,37416.0,0.06,10.58,-1.67,97.83,228.1,52.0,3.5,5,0,45.5,-6.16,,,,YES
DKI,2026-08-18,UNKNOWN,UNKNOWN,,4.04,-1.46,36500.0,0.06,11.04,-3.17,97.86,228.1,52.0,3.5,6,0,44.4,-7.09,,,,YES
DKI,2026-08-19,UNKNOWN,UNKNOWN,,4.06,0.5,28474.0,0.05,11.36,1.24,97.85,228.1,52.0,3.5,7,0,44.8,-6.23,,,,YES
DKI,2026-08-20,UNKNOWN,UNKNOWN,,4.07,0.25,23829.0,0.04,11.34,-0.49,97.84,228.1,52.0,3.5,8,0,45.1,-5.63,,,,YES
DKI,2026-08-21,UNKNOWN,UNKNOWN,,3.95,-2.95,9287.0,0.01,11.33,-3.19,97.91,228.1,52.0,3.5,9,0,42.5,-7.91,,,,YES
DKI,2026-08-24,UNKNOWN,UNKNOWN,,3.91,-1.01,15067.0,0.02,11.06,1.27,97.93,228.1,52.0,3.5,10,0,41.7,-8.32,,,,YES
DKI,2026-08-25,UNKNOWN,UNKNOWN,,3.86,-1.28,3556.0,0.01,10.98,-1.53,97.96,228.1,52.0,3.5,11,0,40.6,-8.94,,,3.91,YES
DKI,2026-08-26,UNKNOWN,UNKNOWN,,3.85,-0.26,36350.0,0.06,11.02,0.0,97.96,228.1,52.0,3.5,12,0,40.3,-8.63,,,,YES
DKI,2026-08-27,UNKNOWN,UNKNOWN,,4.07,5.71,353816.0,0.56,11.06,7.27,97.84,228.1,52.0,3.5,13,0,47.4,-3.2,,,,YES
DKI,2026-08-28,UNKNOWN,UNKNOWN,,3.7,-9.09,43128.0,0.07,12.15,-9.09,98.04,228.1,52.0,3.5,14,0,39.0,-11.31,,,,YES
DKI,2026-08-31,UNKNOWN,UNKNOWN,,3.57,-3.51,9878.0,0.02,9.67,-3.78,98.11,228.1,51.6,3.5,15,2,36.6,-13.62,,,,YES
DKI,2026-09-01,UNKNOWN,UNKNOWN,,3.4,-4.76,13668.0,0.02,9.1,-1.96,98.2,228.1,35.0,3.4,0,0,33.6,-16.78,,,,YES
DKI,2026-09-02,UNKNOWN,UNKNOWN,,3.13,-7.94,15366.0,0.02,8.81,-1.76,98.34,228.1,46.6,3.13,0,0,29.6,-22.22,,,3.4,YES
DKI,2026-09-03,UNKNOWN,UNKNOWN,,2.87,-8.31,103855.0,0.16,9.38,0.0,98.48,228.1,66.9,2.75,0,0,26.3,-27.34,,,3.4,YES
DKI,2026-09-04,UNKNOWN,UNKNOWN,,2.94,2.44,7177.0,0.01,8.96,2.26,98.44,228.1,56.4,2.75,1,0,28.6,-24.31,,,3.4,YES
DKI,2026-09-08,UNKNOWN,UNKNOWN,,2.885,-1.87,35478.0,0.05,9.46,-1.02,98.47,228.1,62.3,2.65,0,0,27.8,-24.48,,,3.4,YES
DKI,2026-09-09,UNKNOWN,UNKNOWN,,2.86,-0.87,6280.0,0.01,8.89,-0.17,98.49,228.1,62.3,2.65,1,0,27.5,-23.9,,,3.4,YES
DKI,2026-09-10,UNKNOWN,UNKNOWN,,2.8,-2.1,119172.0,2.14,9.08,-1.92,98.52,228.1,68.6,2.55,0,0,26.6,-24.25,,,3.4,YES
DKI,2026-09-11,UNKNOWN,UNKNOWN,,2.47,-11.79,76700.0,1.44,11.08,-3.21,98.69,228.1,80.8,2.3785,0,0,22.5,-31.71,,,3.4,YES
DKI,2026-09-14,UNKNOWN,UNKNOWN,,2.66,7.69,101062.0,1.91,11.33,4.05,98.59,228.1,85.3,2.32,0,0,29.3,-25.18,,,3.4,YES
DKI,2026-09-15,UNKNOWN,UNKNOWN,,2.535,-4.7,3236.0,0.06,12.15,-5.64,98.66,228.1,85.3,2.32,1,0,27.6,-27.35,,,3.4,YES
DKI,2026-09-16,UNKNOWN,UNKNOWN,,2.46,-2.96,48924.0,0.94,12.49,0.59,98.7,228.1,85.3,2.32,2,0,26.6,-28.14,,,3.4,YES
DKI,2026-09-17,UNKNOWN,UNKNOWN,,2.63,6.91,6741.0,0.13,11.18,-1.22,98.61,228.1,85.3,2.32,3,0,32.6,-22.0,,,3.4,YES
DKI,2026-09-18,UNKNOWN,UNKNOWN,,2.68,1.9,3725.0,0.07,10.15,-3.42,98.58,228.1,70.7,2.32,4,0,34.3,-19.45,,,3.4,YES
DKI,2026-09-21,UNKNOWN,UNKNOWN,,2.75,2.61,5358.0,0.11,9.89,0.0,98.54,228.1,56.9,2.32,5,0,36.7,-16.42,,,3.4,YES
DKI,2026-09-22,UNKNOWN,UNKNOWN,,2.7,-1.82,3236.0,0.06,9.86,-1.82,98.57,228.1,54.3,2.32,6,0,35.7,-16.97,,,3.4,YES
DKI,2026-09-23,UNKNOWN,UNKNOWN,,2.54,-5.93,9260.0,0.19,10.43,-2.96,98.65,228.1,44.0,2.32,7,0,32.6,-20.78,,,3.4,YES
DKI,2026-09-24,UNKNOWN,UNKNOWN,,2.58,1.57,32856.0,0.66,9.05,-0.08,98.63,228.1,40.1,2.32,8,0,34.2,-18.5,,,3.4,YES
DKI,2026-09-25,UNKNOWN,UNKNOWN,,2.9,12.4,681250.0,13.64,8.37,6.59,98.46,228.1,33.2,2.32,9,0,45.0,-7.89,,,3.4,YES
DKI,2026-09-28,UNKNOWN,UNKNOWN,,2.73,-5.86,97492.0,1.47,8.66,-7.59,98.55,228.1,33.2,2.32,10,0,41.1,-12.54,,,3.4,YES
DKI,2026-09-29,UNKNOWN,UNKNOWN,,2.6,-4.76,18582.0,0.27,9.29,-1.83,98.62,228.1,26.7,2.32,11,0,38.4,-15.8,,,3.4,YES
DKI,2026-09-30,UNKNOWN,UNKNOWN,,2.55,-1.92,43386.0,0.62,9.3,-1.54,98.62,228.1,25.0,2.32,12,0,37.4,-16.48,,,3.4,YES
DKI,2026-10-01,UNKNOWN,UNKNOWN,,1.57,-38.43,4477451.0,63.1,18.37,-31.76,99.15,228.1,105.7,1.4101,0,0,23.9,-46.91,,,2.55,YES
DKI,2026-10-02,UNKNOWN,UNKNOWN,,1.29,-17.83,653771.0,2.22,22.25,-14.01,93.55,228.1,163.6,1.1,0,0,21.5,-54.74,,,1.4101,YES
DKI,2026-10-05,UNKNOWN,UNKNOWN,,1.38,6.98,266282.0,0.83,21.21,-3.88,93.1,228.1,163.6,1.1,1,0,24.2,-49.91,,,2.55,YES
DKI,2026-10-06,UNKNOWN,UNKNOWN,,1.5,8.7,271845.0,0.81,20.13,-2.13,92.25,228.1,163.6,1.1,2,0,27.6,-43.91,,,2.55,YES
DKI,2026-10-07,UNKNOWN,UNKNOWN,,1.36,-9.33,98454.0,0.28,22.01,-8.67,92.98,228.1,163.6,1.1,3,0,26.1,-47.48,,,2.55,YES
DKI,2026-10-08,UNKNOWN,UNKNOWN,,1.67,22.79,47993120.0,136.76,27.47,-6.62,91.37,228.1,230.9,1.1,4,0,34.6,-33.99,,,,YES
DXST,2026-05-18,UNKNOWN,UNKNOWN,,1.78,0.56,19479.0,0.39,9.75,0.4,97.13,444.5,46.5,1.7001,8,0,32.4,-35.16,2026-03-16,77.72,10.5,YES
DXST,2026-05-19,UNKNOWN,UNKNOWN,,1.79,0.56,13539.0,0.28,8.34,0.0,97.11,444.5,38.8,1.7001,9,0,32.7,-33.3,2026-03-16,77.6,10.5,YES
DXST,2026-05-20,UNKNOWN,UNKNOWN,,1.8279,2.12,25545.0,0.54,8.32,-3.91,97.05,444.5,38.8,1.7001,10,2,34.0,-30.45,2026-03-16,77.12,10.5,YES
DXST,2026-05-21,UNKNOWN,UNKNOWN,,1.74,-4.81,8973.0,0.19,8.83,-4.81,97.19,444.5,38.8,1.7001,11,2,32.5,-32.32,2026-03-16,78.22,10.5,YES
DXST,2026-05-22,UNKNOWN,UNKNOWN,,1.84,5.75,25361.0,0.56,8.43,0.57,97.03,444.5,38.8,1.7001,12,2,36.0,-27.1,2026-03-16,76.97,10.5,YES
DXST,2026-05-26,UNKNOWN,UNKNOWN,,1.8301,-0.54,20519.0,0.45,8.21,-3.8,97.05,444.5,38.8,1.7001,13,2,35.8,-26.18,2026-03-16,77.1,10.5,YES
DXST,2026-05-27,UNKNOWN,UNKNOWN,,1.77,-3.28,20445.0,0.48,7.68,-4.92,97.15,444.5,38.8,1.7001,14,2,34.5,-27.26,2026-03-16,77.85,10.5,YES
DXST,2026-05-28,UNKNOWN,UNKNOWN,,1.73,-2.26,25457.0,0.63,6.04,-1.13,97.21,444.5,38.8,1.7,0,3,33.7,-27.55,2026-03-16,78.35,10.5,YES
DXST,2026-05-29,UNKNOWN,UNKNOWN,,1.72,-0.58,32997.0,0.87,5.78,-1.17,97.23,444.5,21.4,1.68,0,2,33.5,-26.65,2026-03-16,78.47,10.5,YES
DXST,2026-06-01,UNKNOWN,UNKNOWN,,1.56,-9.3,31230.0,0.81,6.56,-2.33,97.48,444.5,36.0,1.5,0,0,30.1,-32.0,2026-03-16,80.48,10.5,YES
DXST,2026-06-02,UNKNOWN,UNKNOWN,,1.6,2.56,10269556.0,264.65,6.57,-3.85,97.42,444.5,34.7,1.5,1,0,31.9,-28.87,2026-03-16,79.97,10.5,YES
DXST,2026-06-03,UNKNOWN,UNKNOWN,,4.95,209.38,76446638.0,138.78,7.61,85.62,92.02,444.5,264.7,1.5,2,0,79.9,104.23,2026-03-16,38.05,10.5,YES
DXST,2026-06-04,UNKNOWN,UNKNOWN,,4.8,-3.03,1789153.0,0.41,9.75,-5.86,92.26,444.5,264.7,1.5,3,0,77.3,86.26,2026-03-16,39.92,10.5,YES
DXST,2026-06-05,UNKNOWN,UNKNOWN,,3.37,-29.79,3674728.0,0.83,22.6,17.5,94.56,444.5,380.0,1.5,4,0,57.8,28.23,2026-03-16,57.82,10.5,YES
DXST,2026-06-08,UNKNOWN,UNKNOWN,,4.14,22.85,1074614.0,0.23,19.95,3.86,93.32,444.5,380.0,1.5,5,0,63.2,51.89,2026-03-16,48.19,10.5,YES
DXST,2026-06-09,UNKNOWN,UNKNOWN,,3.13,-24.4,271613.0,0.06,28.78,-3.86,94.95,444.5,380.0,1.5,6,0,53.5,13.74,2026-03-16,60.83,,YES
DXST,2026-06-10,UNKNOWN,UNKNOWN,,3.4,8.63,1166128.0,0.25,36.28,-7.35,94.52,444.5,412.0,1.5,7,0,55.5,21.71,2026-03-16,57.45,,YES
DXST,2026-06-11,UNKNOWN,UNKNOWN,,2.77,-18.53,153663.0,0.03,47.24,4.71,95.53,444.5,412.0,1.5,8,0,50.2,-0.79,2026-03-16,65.33,,YES
DXST,2026-06-12,UNKNOWN,UNKNOWN,,3.04,9.75,141715.0,0.03,44.0,7.94,95.1,444.5,412.0,1.5,9,0,52.3,8.26,2026-03-16,61.95,,YES
DXST,2026-06-15,UNKNOWN,UNKNOWN,,2.28,-25.0,100927.0,0.02,60.71,-1.32,96.32,444.5,412.0,1.5,10,0,46.3,-17.81,2026-03-16,71.46,,YES
DXST,2026-06-16,WATCH,WATCH,IMG_0627;TG_58429,2.7,18.42,7367090.0,1.55,55.29,26.75,95.65,444.5,412.0,1.5,11,0,49.7,-2.5,2026-03-16,66.21,,YES
DXST,2026-06-17,UNKNOWN,WATCH,,3.03,12.22,400650.0,0.08,50.45,1.85,95.11,444.5,412.0,1.5,12,0,52.3,8.76,2026-03-16,62.08,,YES
DXST,2026-06-18,UNKNOWN,WATCH,,2.77,-8.58,79086.0,0.02,55.72,-6.6,95.53,444.5,412.0,1.5,13,0,50.1,-0.54,2026-03-16,65.33,,YES
DXST,2026-06-22,UNKNOWN,WATCH,,2.68,-3.25,75335.0,0.01,57.81,5.78,95.68,444.5,412.0,1.5,14,0,49.4,-3.54,2026-03-16,66.46,,YES
DXST,2026-06-23,UNKNOWN,WATCH,,2.37,-11.57,136827.0,0.03,65.79,-7.09,96.18,444.5,412.0,1.5,15,0,46.7,-13.88,2026-03-16,70.34,2.68,YES
DXST,2026-06-24,UNKNOWN,WATCH,,2.12,-10.55,39057.0,0.01,61.44,-1.27,96.58,444.5,262.3,1.5,16,0,44.7,-21.8,2026-03-16,73.47,2.68,YES
DXST,2026-06-25,UNKNOWN,WATCH,,1.97,-7.08,39907.0,0.01,61.66,-1.89,96.82,444.5,289.8,1.5,17,0,43.4,-26.03,2026-03-16,75.34,2.68,YES
DXST,2026-06-26,UNKNOWN,WATCH,,1.85,-6.09,122321.0,0.02,50.82,3.55,97.02,444.5,337.8,1.5,18,0,42.4,-29.14,2026-03-16,76.85,2.68,YES
DXST,2026-06-29,UNKNOWN,WATCH,,1.97,6.49,55173.0,0.01,45.73,-0.92,96.82,444.5,337.8,1.5,19,0,43.8,-23.33,2026-03-16,75.34,2.68,YES
DXST,2026-06-30,UNKNOWN,WATCH,,1.99,1.02,44240.0,0.01,41.93,-0.51,96.79,444.5,337.8,1.5,20,0,44.1,-21.41,2026-03-16,75.09,2.68,YES
DXST,2026-07-01,UNKNOWN,WATCH,,2.07,4.02,19609.0,0.0,24.4,3.02,96.66,444.5,337.8,1.5,21,0,45.1,-17.28,2026-03-16,74.09,2.68,YES
DXST,2026-07-02,UNKNOWN,WATCH,,2.05,-0.97,3676494.0,0.79,22.86,11.59,96.69,444.5,124.1,1.5,22,0,44.9,-17.11,2026-03-16,74.34,2.68,YES
DXST,2026-07-06,UNKNOWN,WATCH,,2.2,7.32,184025.0,0.18,20.29,2.93,96.45,444.5,124.1,1.5,23,0,47.0,-10.41,2026-03-16,72.47,2.68,YES
DXST,2026-07-07,UNKNOWN,WATCH,,2.26,2.73,82018.0,0.09,17.91,-4.09,96.35,444.5,124.1,1.5,24,0,47.9,-7.49,2026-03-16,71.71,2.68,YES
DXST,2026-07-08,UNKNOWN,WATCH,,2.25,-0.44,31471.0,0.04,13.26,-2.21,96.37,444.5,124.1,1.5,25,0,47.7,-7.42,2026-03-16,71.84,2.68,YES
DXST,2026-07-09,UNKNOWN,WATCH,,2.28,1.33,65412.0,0.09,11.99,8.89,96.32,444.5,83.9,1.5,26,0,48.2,-5.81,2026-03-16,71.46,2.68,YES
DXST,2026-07-10,UNKNOWN,WATCH,,2.32,1.75,45778.0,0.07,12.0,0.88,96.26,444.5,74.1,1.5,27,0,48.9,-3.9,2026-03-16,70.96,2.68,YES
DXST,2026-07-13,UNKNOWN,WATCH,,2.32,0.0,77959.0,0.12,11.88,2.59,96.26,444.5,71.8,1.5,28,0,48.9,-3.66,2026-03-16,70.96,2.68,YES
DXST,2026-07-14,UNKNOWN,WATCH,,2.3,-0.86,37238.0,0.06,11.41,-2.59,96.29,444.5,50.0,1.5,29,0,48.5,-4.21,2026-03-16,71.21,2.68,YES
DXST,2026-07-15,UNKNOWN,WATCH,,2.15,-6.52,112288.0,0.18,12.01,0.0,96.53,444.5,46.5,1.5,29,0,45.7,-9.85,2026-03-16,73.09,2.68,YES
DXST,2026-07-16,UNKNOWN,WATCH,,2.08,-3.26,43601.0,0.07,12.33,-2.33,96.65,444.5,46.5,1.7402,9,2,44.4,-12.06,2026-03-16,73.97,2.68,YES
DXST,2026-07-17,UNKNOWN,WATCH,,2.99,43.75,24495590.0,91.26,10.44,25.96,95.18,444.5,83.0,1.7402,10,2,60.2,24.29,2026-03-16,62.58,,YES
DXST,2026-07-20,UNKNOWN,WATCH,,2.65,-11.37,419711.0,0.28,11.84,-4.35,95.73,444.5,83.0,1.7402,11,2,54.0,9.44,2026-03-16,66.83,,YES
DXST,2026-07-21,UNKNOWN,WATCH,,2.3,-13.21,147208.0,0.1,14.82,-14.34,96.29,444.5,83.0,1.7402,12,2,48.5,-4.7,2026-03-16,71.21,2.55,YES
DXST,2026-07-22,UNKNOWN,WATCH,,2.29,-0.43,81648.0,0.05,15.13,0.0,96.31,444.5,83.0,1.7402,13,2,48.4,-4.8,2026-03-16,71.34,2.55,YES
DXST,2026-07-23,UNKNOWN,WATCH,,2.35,2.62,134615.0,0.09,13.29,1.75,96.21,444.5,83.0,1.7402,14,2,49.4,-2.16,2026-03-16,70.59,2.55,YES
DXST,2026-07-24,UNKNOWN,WATCH,,2.24,-4.68,40127.0,0.03,13.72,-3.83,96.39,444.5,59.2,1.7402,15,2,47.5,-6.34,2026-03-16,71.96,2.55,YES
DXST,2026-07-27,UNKNOWN,WATCH,,2.28,1.79,40840.0,0.03,13.39,-1.34,96.32,444.5,59.2,1.7402,16,2,48.3,-4.38,2026-03-16,71.46,2.55,YES
DXST,2026-07-28,UNKNOWN,WATCH,,2.26,-0.88,11004.0,0.01,13.26,0.44,96.35,444.5,59.2,1.7402,17,2,47.9,-4.89,2026-03-16,71.71,2.55,YES
DXST,2026-07-29,UNKNOWN,WATCH,,2.24,-0.88,247374.0,0.17,13.01,-2.0,96.39,444.5,59.2,1.7402,18,2,47.5,-5.39,2026-03-16,71.96,2.55,YES
DXST,2026-07-30,UNKNOWN,WATCH,,2.27,1.34,48257.0,0.03,12.21,-1.79,96.34,444.5,59.2,1.7402,19,2,48.2,-3.86,2026-03-16,71.59,2.55,YES
DXST,2026-07-31,UNKNOWN,WATCH,,2.25,-0.88,85665.0,0.06,12.25,9.69,96.37,444.5,59.2,1.7402,20,2,47.8,-4.42,2026-03-16,71.84,2.55,YES
DXST,2026-08-03,UNKNOWN,WATCH,,2.29,1.78,17762.0,0.01,12.0,-1.19,96.31,444.5,59.2,1.7402,21,2,48.8,-2.55,2026-03-16,71.34,2.55,YES
DXST,2026-08-04,WATCH,WATCH,IMG_0688;IMG_0689,2.26,-1.31,4341360.0,3.31,12.0,1.75,96.35,444.5,59.2,1.7402,22,2,48.0,-3.59,2026-03-16,71.71,2.55,YES
DXST,2026-08-05,UNKNOWN,WATCH,,2.71,19.91,11933929.0,7.82,12.16,32.3,95.63,444.5,61.5,1.7402,23,2,58.6,14.46,2026-03-16,66.08,,YES
DXST,2026-08-06,UNKNOWN,WATCH,,2.59,-4.43,224693.0,0.11,10.77,-9.23,95.82,444.5,53.1,1.7402,24,2,55.4,8.73,2026-03-16,67.58,,YES
DXST,2026-08-07,UNKNOWN,WATCH,,2.64,1.93,108097.0,0.05,10.0,-0.77,95.74,444.5,53.1,1.7402,25,2,56.4,10.06,2026-03-16,66.96,,YES
DXST,2026-08-10,UNKNOWN,WATCH,,2.67,1.14,77761.0,0.04,8.82,-0.76,95.69,444.5,53.1,1.7402,26,2,57.1,10.5,2026-03-16,66.58,,YES
DXST,2026-08-11,UNKNOWN,WATCH,,2.61,-2.25,41671.0,0.02,8.75,-1.5,95.79,444.5,51.6,1.7402,27,0,55.3,7.46,2026-03-16,67.33,,YES
DXST,2026-08-12,UNKNOWN,WATCH,,2.56,-1.92,36932.0,0.02,8.78,-0.77,95.87,444.5,48.2,1.7402,28,0,53.7,5.04,2026-03-16,67.96,,YES
DXST,2026-08-13,UNKNOWN,WATCH,,2.55,-0.39,39808.0,0.02,8.95,4.3,95.89,444.5,48.2,1.7402,29,0,53.4,4.32,2026-03-16,68.09,,YES
DXST,2026-08-14,UNKNOWN,WATCH,,2.61,2.35,48132.0,0.02,8.79,-4.12,95.79,444.5,48.2,2.0,21,0,55.2,6.31,2026-03-16,67.33,,YES
DXST,2026-08-17,UNKNOWN,WATCH,,2.7,3.45,150584.0,0.17,8.97,2.18,95.65,444.5,47.5,2.0,22,0,57.7,9.27,2026-03-16,66.21,,YES
DXST,2026-08-18,UNKNOWN,WATCH,,2.64,-2.22,36880.0,0.04,9.38,-1.11,95.74,444.5,47.5,2.0,23,0,55.4,6.37,2026-03-16,66.96,,YES
DXST,2026-08-19,UNKNOWN,WATCH,,2.5,-5.3,29338.0,0.03,9.93,-2.65,95.97,444.5,47.5,2.0,24,0,50.5,0.68,2026-03-16,68.71,,YES
DXST,2026-08-20,UNKNOWN,WATCH,,2.57,2.8,26541.0,0.03,9.41,-0.4,95.85,444.5,45.3,2.0,25,0,52.8,3.27,2026-03-16,67.83,,YES
DXST,2026-08-21,UNKNOWN,WATCH,,2.52,-1.95,14398.0,0.02,9.53,0.97,95.94,444.5,45.3,2.0,26,0,50.9,1.18,2026-03-16,68.46,,YES
DXST,2026-08-24,UNKNOWN,WATCH,,2.52,0.0,3075588.0,3.5,9.44,-2.38,95.94,444.5,43.6,2.0,27,0,50.9,1.1,2026-03-16,68.46,,YES
DXST,2026-08-25,UNKNOWN,WATCH,,2.95,17.06,10377891.0,10.08,7.73,19.44,95.24,444.5,44.9,2.0,28,0,63.4,16.97,2026-03-16,63.08,,YES
DXST,2026-08-26,UNKNOWN,WATCH,,2.65,-10.17,347706.0,0.22,8.45,-11.53,95.73,444.5,44.9,2.0,29,0,53.2,4.73,2026-03-16,66.83,,YES
DXST,2026-08-27,UNKNOWN,WATCH,,2.62,-1.13,75387.0,0.05,8.19,0.0,95.77,444.5,38.4,2.11,27,0,52.3,3.31,2026-03-16,67.21,,YES
DXST,2026-08-28,UNKNOWN,WATCH,,2.63,0.38,62543.0,0.04,8.27,0.38,95.76,444.5,38.4,2.11,28,0,52.6,3.46,2026-03-16,67.08,,YES
DXST,2026-08-31,UNKNOWN,WATCH,,2.63,0.0,31707.0,0.02,8.14,1.14,95.76,444.5,38.4,2.11,29,0,52.6,3.23,2026-03-16,67.08,,YES
DXST,2026-09-01,UNKNOWN,WATCH,,2.59,-1.52,28402.0,0.02,8.24,1.14,95.82,444.5,38.4,2.13,29,0,51.2,1.55,2026-03-16,67.58,,YES
EZRA,2026-06-01,UNKNOWN,UNKNOWN,,3.93,6.5,455096.0,3.16,17.0,9.49,97.23,153.9,108.7,3.45,1,2,30.0,-29.5,2026-05-18,27.89,5.88,YES
EZRA,2026-06-02,UNKNOWN,UNKNOWN,,4.11,4.58,265530.0,1.6,15.65,-2.04,97.11,153.9,95.9,3.45,2,2,33.3,-25.0,2026-05-18,24.59,5.88,YES
EZRA,2026-06-03,UNKNOWN,UNKNOWN,,3.9,-5.11,92057.0,0.52,16.35,-1.46,97.25,153.9,80.9,3.45,3,2,31.4,-27.49,2026-05-18,28.44,5.88,YES
EZRA,2026-06-04,UNKNOWN,UNKNOWN,,3.71,-4.87,124832.0,0.71,17.22,0.77,97.39,153.9,79.8,3.45,4,2,29.8,-29.61,2026-05-18,31.93,5.88,YES
EZRA,2026-06-05,UNKNOWN,UNKNOWN,,3.75,1.08,23759.0,0.13,13.9,-0.54,97.36,153.9,58.0,3.45,5,2,30.6,-27.5,2026-05-18,31.19,5.88,YES
EZRA,2026-06-08,UNKNOWN,UNKNOWN,,3.555,-5.2,80401.0,0.45,14.67,-0.27,97.5,153.9,58.0,3.45,6,3,28.9,-29.86,2026-05-18,34.77,5.88,YES
EZRA,2026-06-09,UNKNOWN,UNKNOWN,,3.69,3.8,55405.0,0.31,13.72,-2.11,97.4,153.9,67.7,3.2501,0,0,31.8,-25.89,2026-05-18,32.29,5.88,YES
EZRA,2026-06-10,UNKNOWN,UNKNOWN,,3.63,-1.63,187261.0,1.03,12.69,-1.36,97.44,153.9,67.7,3.2501,1,0,31.2,-25.8,2026-05-18,33.39,5.88,YES
EZRA,2026-06-11,UNKNOWN,UNKNOWN,,3.48,-4.13,117521.0,0.62,13.62,-4.64,97.55,153.9,69.5,3.215,0,2,29.7,-27.52,2026-05-18,36.15,5.88,YES
EZRA,2026-06-12,UNKNOWN,UNKNOWN,,3.66,5.17,48643.0,0.25,12.56,0.57,97.42,153.9,69.5,3.215,1,2,33.8,-22.58,2026-05-18,32.84,5.88,YES
EZRA,2026-06-15,UNKNOWN,UNKNOWN,,3.54,-3.28,26733.0,0.14,10.24,0.0,97.51,153.9,69.5,3.215,2,2,32.4,-23.88,2026-05-18,35.05,5.88,YES
EZRA,2026-06-16,UNKNOWN,UNKNOWN,,3.55,0.28,21297.0,0.11,9.4,-0.85,97.5,153.9,35.3,3.215,3,2,32.7,-22.49,2026-05-18,34.86,5.88,YES
EZRA,2026-06-17,UNKNOWN,UNKNOWN,,3.53,-0.56,22401.0,0.12,9.08,0.0,97.51,153.9,30.0,3.215,4,2,32.4,-21.77,2026-05-18,35.23,5.88,YES
EZRA,2026-06-18,UNKNOWN,UNKNOWN,,3.49,-1.13,70097.0,0.38,8.89,-2.04,97.54,153.9,30.0,3.215,5,2,31.9,-21.51,2026-05-18,35.96,5.88,YES
EZRA,2026-06-22,UNKNOWN,UNKNOWN,,3.47,-0.57,30154.0,0.17,8.28,-1.15,97.56,153.9,30.0,3.215,6,2,31.6,-20.83,2026-05-18,36.33,5.88,YES
EZRA,2026-06-23,UNKNOWN,UNKNOWN,,3.76,8.36,670927.0,3.79,8.34,0.29,96.44,153.9,28.8,3.215,7,2,39.9,-13.42,2026-05-18,31.01,5.88,YES
EZRA,2026-06-24,UNKNOWN,UNKNOWN,,3.49,-7.18,147526.0,0.75,8.93,-1.6,96.64,153.9,26.0,3.215,8,2,35.6,-18.61,2026-05-18,35.96,5.88,YES
EZRA,2026-06-25,UNKNOWN,UNKNOWN,,3.455,-1.0,68382.0,0.44,9.1,0.86,96.68,153.9,25.0,3.215,9,2,35.0,-18.4,2026-05-18,36.61,5.88,YES
EZRA,2026-06-26,UNKNOWN,UNKNOWN,,3.32,-3.91,88907.0,0.6,9.76,1.3,96.74,153.9,25.0,3.215,10,2,33.0,-20.48,2026-05-18,39.08,5.88,YES
EZRA,2026-06-29,UNKNOWN,UNKNOWN,,3.43,3.31,19786.0,0.13,8.87,0.6,96.57,153.9,25.0,3.215,11,2,36.3,-16.89,2026-05-18,37.06,5.88,YES
EZRA,2026-06-30,UNKNOWN,UNKNOWN,TG_58046,3.26,-4.96,84437.0,0.65,9.24,-2.62,96.6,153.9,32.7,3.03,0,0,33.6,-19.93,2026-05-18,40.18,5.88,YES
EZRA,2026-07-01,UNKNOWN,UNKNOWN,,3.25,-0.31,29700.0,0.26,9.09,0.3,96.09,153.9,32.7,3.03,1,0,33.4,-19.12,2026-05-18,40.37,5.88,YES
EZRA,2026-07-02,UNKNOWN,UNKNOWN,,3.24,-0.31,76871.0,0.76,8.43,-1.23,95.95,153.9,32.7,3.03,2,0,33.2,-18.35,2026-05-18,40.55,5.88,YES
EZRA,2026-07-06,UNKNOWN,UNKNOWN,,3.08,-4.94,102687.0,1.03,9.34,0.93,96.05,153.9,32.7,3.03,3,2,30.6,-21.24,2026-05-18,43.49,5.88,YES
EZRA,2026-07-07,UNKNOWN,UNKNOWN,,3.025,-1.79,114579.0,1.16,9.32,0.65,96.12,153.9,37.2,2.93,0,0,29.7,-21.5,2026-05-18,44.5,5.88,YES
EZRA,2026-07-08,UNKNOWN,UNKNOWN,,2.92,-3.47,52857.0,0.51,9.77,1.15,96.26,153.9,41.1,2.85,0,0,28.0,-23.02,2026-05-18,46.42,5.88,YES
EZRA,2026-07-09,UNKNOWN,UNKNOWN,,2.89,-1.03,56396.0,0.55,9.9,-0.68,96.29,153.9,43.6,2.8,0,0,27.6,-22.63,2026-05-18,46.97,5.88,YES
EZRA,2026-07-10,UNKNOWN,UNKNOWN,,2.86,-1.04,66682.0,0.65,9.81,1.04,96.33,153.9,48.3,2.71,0,0,27.1,-22.25,2026-05-18,47.52,5.88,YES
EZRA,2026-07-13,UNKNOWN,UNKNOWN,,2.74,-4.2,51146.0,0.53,10.3,-1.4,96.49,153.9,48.3,2.71,1,0,25.1,-24.27,2026-05-18,49.72,5.88,YES
EZRA,2026-07-14,UNKNOWN,UNKNOWN,,2.58,-5.84,29553.0,0.32,9.44,-0.73,96.69,153.9,57.0,2.56,0,0,22.8,-27.35,2026-05-18,52.66,5.88,YES
EZRA,2026-07-15,UNKNOWN,UNKNOWN,,2.59,0.39,39987.0,0.44,8.84,-1.55,96.68,153.9,50.6,2.5,0,0,23.3,-25.77,2026-05-18,52.48,5.88,YES
EZRA,2026-07-16,UNKNOWN,UNKNOWN,,2.59,0.0,34146.0,0.37,8.0,0.0,96.68,153.9,47.6,2.5,1,0,23.3,-24.51,2026-05-18,52.48,5.88,YES
EZRA,2026-07-17,UNKNOWN,UNKNOWN,,2.235,-13.71,89154.0,0.96,9.51,-1.54,97.13,153.9,60.4,2.225,0,0,18.5,-33.36,2026-05-18,58.99,5.88,YES
EZRA,2026-07-20,UNKNOWN,UNKNOWN,TG_1851,2.28,2.01,75665.0,0.79,10.01,-2.46,97.08,153.9,70.4,2.03,0,0,20.7,-30.59,2026-05-18,58.17,5.88,YES
EZRA,2026-07-21,UNKNOWN,UNKNOWN,,2.25,-1.32,55873.0,0.58,9.26,2.19,97.12,153.9,70.4,2.03,1,0,20.3,-30.08,2026-05-18,58.72,5.88,YES
EZRA,2026-07-22,UNKNOWN,UNKNOWN,,2.29,1.78,337952.0,3.46,9.1,1.33,97.06,153.9,70.4,2.03,2,0,22.5,-27.49,2026-05-18,57.98,5.88,YES
EZRA,2026-07-23,UNKNOWN,UNKNOWN,,2.22,-3.06,239133.0,2.95,9.72,4.37,97.15,153.9,70.4,2.03,3,0,21.4,-28.33,2026-05-18,59.27,5.88,YES
EZRA,2026-07-24,UNKNOWN,UNKNOWN,,2.22,0.0,56220.0,0.66,8.85,3.6,97.15,153.9,70.4,2.03,4,0,21.4,-26.99,2026-05-18,59.27,5.88,YES
EZRA,2026-07-27,UNKNOWN,UNKNOWN,,2.15,-3.15,29072.0,0.34,9.07,2.7,97.24,153.9,53.7,2.03,5,0,20.3,-27.93,2026-05-18,60.55,5.88,YES
EZRA,2026-07-28,UNKNOWN,UNKNOWN,,2.09,-2.79,28925.0,0.35,8.75,0.0,97.32,153.9,52.7,2.03,6,0,19.3,-28.57,2026-05-18,61.65,5.88,YES
EZRA,2026-07-29,UNKNOWN,UNKNOWN,,1.98,-5.26,175497.0,2.13,9.09,-1.44,97.46,153.9,52.0,1.96,0,0,17.7,-30.88,2026-05-18,63.67,5.88,YES
EZRA,2026-07-30,UNKNOWN,UNKNOWN,,1.79,-9.6,121846.0,1.4,10.14,-0.51,97.71,153.9,66.9,1.75,0,0,15.3,-35.97,2026-05-18,67.16,5.88,YES
EZRA,2026-07-31,UNKNOWN,UNKNOWN,,1.975,10.34,502111.0,5.47,9.58,3.35,97.47,153.9,65.7,1.75,1,0,25.8,-27.98,2026-05-18,63.76,5.88,YES
EZRA,2026-08-03,UNKNOWN,UNKNOWN,,1.82,-7.85,106027.0,0.94,10.73,0.76,97.67,153.9,56.6,1.75,2,2,23.2,-32.16,2026-05-18,66.61,5.88,YES
EZRA,2026-08-04,UNKNOWN,UNKNOWN,,2.65,45.6,108930771.0,962.79,14.52,75.27,96.6,153.9,162.9,1.75,3,2,51.4,-1.15,2026-05-18,51.38,5.88,YES
EZRA,2026-08-05,UNKNOWN,UNKNOWN,,2.22,-16.23,1635791.0,0.29,18.93,-3.77,97.15,153.9,162.9,1.75,4,2,42.7,-16.26,2026-05-18,59.27,5.88,YES
EZRA,2026-08-06,UNKNOWN,UNKNOWN,,2.38,7.21,647208.0,0.11,17.3,-0.45,96.95,153.9,162.9,1.75,5,2,46.3,-9.63,2026-05-18,56.33,5.88,YES
EZRA,2026-08-07,UNKNOWN,UNKNOWN,,2.57,7.98,523251.0,0.09,16.22,0.0,96.71,153.9,162.9,1.75,6,2,50.4,-2.26,2026-05-18,52.84,5.88,YES
EZRA,2026-08-10,UNKNOWN,UNKNOWN,,2.55,-0.78,322851.0,0.06,17.07,0.78,96.73,153.9,162.9,1.75,7,2,49.9,-2.83,2026-05-18,53.21,5.88,YES
EZRA,2026-08-11,UNKNOWN,UNKNOWN,,2.51,-1.57,86524.0,0.02,17.63,-1.96,96.78,153.9,162.9,1.75,8,2,49.0,-4.09,2026-05-18,53.94,5.88,YES
EZRA,2026-08-12,UNKNOWN,UNKNOWN,,2.36,-5.98,148857.0,0.03,18.7,0.0,96.97,153.9,162.9,1.75,9,2,45.7,-9.25,2026-05-18,56.7,,YES
EZRA,2026-08-13,UNKNOWN,UNKNOWN,,2.35,-0.42,96851.0,0.02,18.96,0.85,96.99,153.9,162.9,1.75,10,2,45.5,-9.07,2026-05-18,56.88,,YES
EZRA,2026-08-14,UNKNOWN,UNKNOWN,,2.34,-0.43,35540.0,0.01,18.92,-1.7,97.0,153.9,162.9,1.75,11,2,45.3,-8.9,2026-05-18,57.06,,YES
EZRA,2026-08-17,UNKNOWN,UNKNOWN,,2.46,5.13,99127.0,0.02,18.54,-0.43,96.85,153.9,162.9,1.75,12,2,48.7,-3.96,2026-05-18,54.86,,YES
HUBC,2026-03-26,UNKNOWN,UNKNOWN,,5875.0,1.38,6619.0952,66.57,62.77,4.87,99.72,137.0,721.1,4080.0,2,0,23.2,-82.03,2026-01-16,95.38,,YES
HUBC,2026-03-27,UNKNOWN,UNKNOWN,,3232.5,-44.98,534.95228,1.24,103.42,-26.3,99.84,137.0,822.6,3197.5,0,0,21.9,-89.5,2026-01-16,97.46,5282.5,YES
HUBC,2026-03-30,UNKNOWN,UNKNOWN,,3280.0,1.47,269.09016,0.59,96.92,-2.09,99.83,137.0,726.5,3055.0,0,0,22.0,-88.7,2026-01-16,97.42,5282.5,YES
HUBC,2026-03-31,UNKNOWN,UNKNOWN,,3025.0,-7.77,88.28292,0.19,97.69,2.9,99.82,137.0,728.2,2912.5,0,0,21.8,-88.94,2026-01-16,97.62,5282.5,YES
HUBC,2026-04-01,UNKNOWN,UNKNOWN,,2482.5,-17.93,372.44276,0.79,115.13,-17.36,99.85,137.0,824.4,2380.0,0,0,21.5,-90.36,2026-01-16,98.05,5282.5,YES
HUBC,2026-04-02,UNKNOWN,UNKNOWN,,2225.0,-10.37,4636.70292,9.54,122.17,-1.81,99.87,137.0,1226.9,1545.0,0,0,21.3,-90.82,2026-01-16,98.25,5282.5,YES
HUBC,2026-04-06,UNKNOWN,UNKNOWN,,2220.0,-0.22,502.50048,0.7,99.33,-21.35,99.87,137.0,1079.1,1545.0,1,0,21.3,-90.27,2026-01-16,98.26,5282.5,YES
HUBC,2026-04-07,UNKNOWN,UNKNOWN,,1850.0,-16.67,483.38312,0.65,111.85,-11.6,99.89,137.0,710.0,1545.0,2,0,21.1,-91.38,2026-01-16,98.55,5282.5,YES
HUBC,2026-04-08,UNKNOWN,UNKNOWN,,2875.0,55.41,10975.69504,14.41,70.83,10.54,99.83,137.0,710.0,1545.0,3,0,23.9,-85.81,2026-01-16,97.74,5282.5,YES
HUBC,2026-04-09,UNKNOWN,UNKNOWN,,4945.0,72.0,4253.67416,3.25,41.17,-4.35,99.7,137.0,710.0,1545.0,4,0,29.3,-74.33,2026-01-16,96.11,5282.5,YES
HUBC,2026-04-10,UNKNOWN,UNKNOWN,,2832.5,-42.72,1118.16876,0.73,62.05,-36.25,99.83,137.0,710.0,1545.0,5,0,27.2,-84.44,2026-01-16,97.77,5282.5,YES
HUBC,2026-04-13,UNKNOWN,UNKNOWN,,2865.0,1.15,606.87816,0.38,58.84,0.71,99.83,137.0,710.0,1545.0,6,0,27.3,-83.36,2026-01-16,97.75,5282.5,YES
HUBC,2026-04-14,UNKNOWN,UNKNOWN,,2250.0,-21.47,2154.75948,1.34,75.29,-12.74,99.86,137.0,710.0,1545.0,7,0,26.6,-86.15,2026-01-16,98.23,2657.5,YES
HUBC,2026-04-15,UNKNOWN,UNKNOWN,,3175.0,41.11,11425.56032,6.69,52.6,45.44,99.81,137.0,710.0,1545.0,8,0,29.4,-79.39,2026-01-16,97.5,5282.5,YES
HUBC,2026-04-16,UNKNOWN,UNKNOWN,,6500.0,104.72,17593.49,7.73,24.39,-2.87,99.61,137.0,710.0,1545.0,9,0,38.3,-56.18,2026-01-16,94.89,,YES
HUBC,2026-04-17,UNKNOWN,UNKNOWN,,4582.5,-29.5,4117.85312,1.31,34.93,-39.38,99.72,137.0,472.7,1545.0,10,0,35.5,-67.66,2026-01-16,96.4,,YES
HUBC,2026-04-20,UNKNOWN,UNKNOWN,,3709.675,-19.05,1590.28332,0.47,44.6,-13.75,99.78,137.0,472.7,1545.0,11,0,34.3,-72.51,2026-01-16,97.08,,YES
HUBC,2026-04-21,UNKNOWN,UNKNOWN,,2775.0,-25.2,1473.386,0.43,61.16,-5.65,99.83,137.0,472.7,1545.0,12,0,33.0,-78.33,2026-04-20,20.71,,YES
HUBC,2026-04-22,UNKNOWN,UNKNOWN,,1265.0,-54.41,7744.424,2.24,139.34,-8.92,99.92,137.0,628.2,1215.0,0,0,30.9,-89.51,2026-04-20,63.86,,YES
HUBC,2026-04-23,UNKNOWN,UNKNOWN,,1130.0,-10.67,2716.584,0.71,151.47,-11.86,99.93,137.0,812.1,970.0,0,0,30.7,-90.05,2026-04-20,67.71,,YES
HUBC,2026-04-24,WATCH,WATCH,TG_2098,870.0,-23.01,2371.68,0.6,194.46,-3.54,99.95,137.0,1012.9,795.0,0,0,30.4,-91.85,2026-04-20,75.14,,YES
HUBC,2026-04-27,UNKNOWN,WATCH,,895.0,2.87,3071.86,0.82,186.91,4.6,99.95,137.0,1012.9,795.0,1,0,30.5,-91.09,2026-04-20,74.43,,YES
HUBC,2026-04-28,UNKNOWN,WATCH,,740.0,-17.32,2152.256,0.55,211.26,-2.23,99.96,137.0,1120.3,725.0,0,0,30.2,-92.17,2026-04-20,78.86,,YES
HUBC,2026-04-29,UNKNOWN,WATCH,,645.0,-12.84,986.942,0.25,213.83,-2.03,99.96,137.0,1293.2,635.05,0,0,30.0,-92.74,2026-04-20,81.57,,YES
HUBC,2026-04-30,UNKNOWN,WATCH,,500.0,-22.48,2471.148,0.62,245.98,1.55,99.97,167.3,1705.6,490.0,0,0,29.8,-94.0,2026-04-20,85.71,,YES
HUBC,2026-05-01,UNKNOWN,WATCH,,411.75,-17.65,2595.192,0.63,287.19,-1.99,99.98,167.3,2148.1,393.55,0,0,29.6,-94.74,2026-04-20,88.24,,YES
HUBC,2026-05-04,UNKNOWN,WATCH,,270.0,-34.43,13271.184,3.3,420.78,-18.52,99.98,167.3,3806.2,226.5,0,0,29.3,-96.32,2026-04-20,92.29,393.55,YES
HUBC,2026-05-05,UNKNOWN,WATCH,,250.05,-7.39,3398.76,0.73,418.71,-12.94,99.98,167.3,4106.1,210.35,0,0,29.2,-96.37,2026-04-20,92.86,393.55,YES
HUBC,2026-05-06,UNKNOWN,WATCH,,177.5,-29.01,6137.722,1.28,349.61,-4.48,99.99,167.3,4954.3,175.05,0,0,29.1,-97.25,2026-04-20,94.93,393.55,YES
HUBC,2026-05-07,UNKNOWN,WATCH,,164.0,-7.61,9862.962,2.16,255.43,-9.86,99.99,251.4,3272.8,143.5,0,0,29.0,-97.29,2026-04-20,95.31,393.55,YES
HUBC,2026-05-08,UNKNOWN,WATCH,,129.85,-20.82,11160.622,2.3,251.93,-1.74,99.99,251.4,3363.7,117.0,0,0,28.9,-97.71,2026-04-20,96.29,393.55,YES
HUBC,2026-05-11,UNKNOWN,WATCH,,123.7,-4.74,8954.332,1.68,197.62,-8.7,99.99,251.4,3036.2,111.6,0,0,28.9,-97.67,2026-04-20,96.47,393.55,YES
HUBC,2026-05-12,UNKNOWN,WATCH,,97.5,-21.18,82621.962,14.34,139.27,-24.17,99.99,251.4,2873.5,85.0,0,0,28.8,-98.04,2026-04-20,97.21,111.6,YES
HUBC,2026-05-13,UNKNOWN,WATCH,,87.15,-10.62,7708.142,0.79,132.46,-7.69,99.99,251.4,1440.3,82.45,0,0,28.8,-98.13,2026-04-20,97.51,111.6,YES
HUBC,2026-05-14,UNKNOWN,WATCH,,73.45,-15.72,188843.274,19.67,126.69,-4.42,100.0,251.4,1573.0,65.45,0,0,28.8,-98.31,2026-04-20,97.9,111.6,YES
HUBC,2026-05-15,UNKNOWN,WATCH,,74.95,2.04,15253.972,0.84,105.68,-10.35,100.0,251.4,1527.2,65.45,1,0,28.8,-98.16,2026-04-20,97.86,111.6,YES
HUBC,2026-05-18,UNKNOWN,WATCH,,68.4,-8.74,538380.632,28.76,106.86,10.07,100.0,251.4,1319.5,63.7,0,0,28.7,-98.21,2026-04-20,98.05,393.55,YES
HUBC,2026-05-19,UNKNOWN,WATCH,,63.8,-6.73,51151.936,1.12,104.95,8.19,100.0,251.4,1194.6,56.0,0,0,28.7,-98.22,2026-04-20,98.18,393.55,YES
HUBC,2026-05-20,UNKNOWN,WATCH,,66.0,3.45,313629.502,6.53,86.68,20.61,100.0,251.4,1069.6,56.0,1,0,28.8,-98.03,2026-04-20,98.11,393.55,YES
HUBC,2026-05-21,UNKNOWN,WATCH,,64.0,-3.03,46961.588,0.74,79.12,13.48,100.0,251.4,775.1,56.0,2,0,28.7,-97.96,2026-04-20,98.17,393.55,YES
HUBC,2026-05-22,UNKNOWN,WATCH,,63.3,-1.09,35242.09,0.54,60.51,-5.78,100.0,251.4,510.0,55.0,0,0,28.7,-97.85,2026-04-20,98.19,393.55,YES
MSGY,2026-08-05,UNKNOWN,UNKNOWN,,2.1416,-5.74,35091.75,0.26,26.77,2.11,98.79,205.3,123.2,1.864,1,0,26.3,-33.29,,,,YES
MSGY,2026-08-06,UNKNOWN,UNKNOWN,,2.144,0.11,45580.875,0.33,27.09,-3.06,98.79,205.3,123.2,1.864,2,0,26.4,-31.76,,,,YES
MSGY,2026-08-07,UNKNOWN,UNKNOWN,,2.2408,4.51,59738.25,0.43,26.23,-0.86,98.74,205.3,127.2,1.8312,0,0,29.8,-27.33,,,,YES
MSGY,2026-08-10,UNKNOWN,UNKNOWN,,2.1576,-3.71,65246.375,0.47,26.65,2.78,98.79,205.3,127.2,1.8312,1,0,28.6,-28.65,,,,YES
MSGY,2026-08-11,UNKNOWN,UNKNOWN,,2.3144,7.27,109737.5,0.77,22.55,-3.0,98.7,205.3,127.2,1.8312,2,0,34.1,-22.29,,,,YES
MSGY,2026-08-12,UNKNOWN,UNKNOWN,,3.43,48.2,40697569.0,279.44,21.64,18.82,98.07,205.3,221.1,1.8312,3,0,58.7,14.06,2026-08-11,41.67,,YES
MSGY,2026-08-13,UNKNOWN,UNKNOWN,,2.95,-13.99,721345.0,0.33,25.41,-16.91,98.34,205.3,221.1,1.8312,4,0,50.0,-1.78,2026-08-11,49.83,,YES
MSGY,2026-08-14,UNKNOWN,UNKNOWN,,2.85,-3.39,780081.0,0.35,26.56,-4.07,98.4,205.3,221.1,1.8312,5,0,48.4,-4.8,2026-08-11,51.53,,YES
MSGY,2026-08-17,UNKNOWN,UNKNOWN,,2.75,-3.51,205487.0,0.09,28.06,5.61,98.45,205.3,221.1,1.8312,6,0,46.8,-7.65,2026-08-11,53.23,,YES
MSGY,2026-08-18,UNKNOWN,UNKNOWN,,2.71,-1.45,133449.0,0.06,28.51,3.27,98.47,205.3,221.1,1.8312,7,0,46.1,-8.47,2026-08-11,53.91,,YES
MSGY,2026-08-19,UNKNOWN,UNKNOWN,,2.5,-7.75,108720.0,0.05,31.14,1.11,98.59,205.3,221.1,1.8312,8,0,42.7,-14.7,2026-08-11,57.48,,YES
MSGY,2026-08-20,UNKNOWN,UNKNOWN,,2.64,5.6,488768.0,0.22,29.46,6.0,98.51,205.3,221.1,1.8312,9,0,45.6,-9.34,2026-08-11,55.1,,YES
MSGY,2026-08-21,UNKNOWN,UNKNOWN,,2.5,-5.3,88447.0,0.04,25.79,3.41,98.59,205.3,221.1,1.8312,10,0,43.3,-13.36,2026-08-11,57.48,,YES
MSGY,2026-08-24,UNKNOWN,UNKNOWN,,2.22,-11.2,77453.0,0.03,28.33,-0.8,98.75,205.3,221.1,1.8312,11,0,38.9,-21.9,2026-08-11,62.24,,YES
MSGY,2026-08-25,UNKNOWN,UNKNOWN,,2.16,-2.7,35888.0,0.02,28.87,0.0,98.78,205.3,221.1,1.8312,12,0,38.1,-22.82,2026-08-11,63.26,,YES
MSGY,2026-08-26,UNKNOWN,UNKNOWN,,2.25,4.17,369918.0,0.16,28.4,-0.46,98.73,205.3,221.1,1.8312,13,0,40.2,-18.57,2026-08-11,61.73,,YES
MSGY,2026-08-27,UNKNOWN,UNKNOWN,,2.06,-8.44,297087.0,0.13,30.18,-0.44,98.84,205.3,221.1,1.8312,14,0,37.3,-24.2,2026-08-11,64.97,,YES
MSGY,2026-08-28,UNKNOWN,UNKNOWN,,2.02,-1.94,97228.0,0.04,30.49,2.91,98.86,205.3,209.5,1.8312,15,0,36.7,-24.42,2026-08-11,65.65,,YES
MSGY,2026-08-31,UNKNOWN,UNKNOWN,,1.93,-4.46,66912.0,0.03,31.62,1.98,98.91,205.3,223.1,1.82,0,2,35.2,-26.47,2026-08-11,67.18,,YES
MSGY,2026-09-01,UNKNOWN,UNKNOWN,,1.9,-1.55,50488.0,0.02,19.46,4.15,98.93,205.3,224.9,1.81,0,2,34.8,-26.3,2026-08-11,67.69,,YES
MSGY,2026-09-02,UNKNOWN,UNKNOWN,X_20260905_12,1.82,-4.21,46179.0,0.02,18.13,2.11,98.98,205.3,86.5,1.775,0,0,33.5,-28.04,2026-08-11,69.05,,YES
MSGY,2026-09-03,UNKNOWN,UNKNOWN,,1.87,2.75,31635.0,0.01,15.51,0.55,98.95,205.3,86.5,1.775,1,0,35.1,-24.8,2026-08-11,68.2,,YES
MSGY,2026-09-04,UNKNOWN,UNKNOWN,,1.86,-0.53,44409.0,0.02,13.79,1.6,98.95,205.3,80.3,1.775,2,0,34.9,-23.96,2026-08-11,68.37,,YES
MSGY,2026-09-08,UNKNOWN,UNKNOWN,,1.86,0.0,14842.0,0.01,12.9,1.88,98.95,205.3,60.0,1.775,3,0,34.9,-22.77,2026-08-11,68.37,,YES
MSGY,2026-09-09,UNKNOWN,UNKNOWN,,1.85,-0.54,27122.0,0.01,11.93,-1.08,98.96,205.3,59.4,1.775,4,0,34.7,-22.02,2026-08-11,68.54,,YES
MSGY,2026-09-10,UNKNOWN,UNKNOWN,,1.81,-2.16,47343.0,0.02,11.56,-1.08,98.98,205.3,63.6,1.73,0,0,33.8,-22.52,2026-08-11,69.22,,YES
MSGY,2026-09-11,UNKNOWN,UNKNOWN,,1.87,3.31,40834.0,0.22,10.5,-0.55,98.95,205.3,57.8,1.73,1,0,36.4,-18.91,2026-08-11,68.2,,YES
MSGY,2026-09-14,UNKNOWN,UNKNOWN,,2.08,11.23,55941.0,0.37,9.41,0.0,98.83,205.3,50.3,1.73,2,0,44.7,-9.23,2026-08-11,64.63,,YES
MSGY,2026-09-15,UNKNOWN,UNKNOWN,,2.04,-1.92,33426.0,0.29,9.63,-2.4,98.85,205.3,50.3,1.73,3,0,43.6,-10.34,2026-08-11,65.31,,YES
MSGY,2026-09-16,UNKNOWN,UNKNOWN,,2.0799,1.96,43489.0,0.4,8.44,-2.94,98.83,205.3,50.3,1.73,4,0,45.1,-8.08,2026-08-11,64.63,,YES
MSGY,2026-09-17,UNKNOWN,UNKNOWN,,2.08,0.0,62383.0,0.6,8.09,1.45,98.83,205.3,34.7,1.73,5,0,45.1,-7.59,2026-08-11,64.63,,YES
MSGY,2026-09-18,UNKNOWN,UNKNOWN,,2.07,-0.48,18241.0,0.18,7.65,-3.85,98.83,205.3,30.6,1.73,6,0,44.7,-7.56,2026-08-11,64.8,,YES
MSGY,2026-09-21,UNKNOWN,UNKNOWN,,2.08,0.48,7251.0,0.09,7.27,-5.31,98.83,205.3,30.6,1.73,7,0,45.2,-6.68,2026-08-11,64.63,,YES
MSGY,2026-09-22,UNKNOWN,UNKNOWN,,1.92,-7.69,51702.0,0.7,8.25,0.65,98.92,205.3,30.6,1.73,8,0,39.5,-13.08,2026-08-11,67.35,,YES
MSGY,2026-09-23,UNKNOWN,UNKNOWN,,2.02,5.21,23362.0,0.32,7.66,6.25,98.86,205.3,30.6,1.73,9,0,44.2,-8.05,2026-08-11,65.65,,YES
MSGY,2026-09-24,UNKNOWN,UNKNOWN,,2.03,0.5,12448.0,0.17,7.72,1.98,98.86,205.3,30.6,1.73,10,0,44.7,-7.14,2026-08-11,65.48,,YES
MSGY,2026-09-25,UNKNOWN,UNKNOWN,,1.97,-2.96,18213.0,0.34,7.99,0.99,98.89,205.3,30.6,1.73,11,0,42.4,-9.3,2026-08-11,66.5,,YES
MSGY,2026-09-28,UNKNOWN,UNKNOWN,,8.07,309.64,56134191.0,1414.94,10.24,8.12,95.46,205.3,560.1,1.73,12,0,91.3,216.15,2026-08-11,29.33,,YES
MSGY,2026-09-29,UNKNOWN,UNKNOWN,,3.13,-61.21,9295128.0,3.27,40.52,4.09,98.24,205.3,560.1,1.73,13,0,52.5,20.86,2026-08-11,72.59,,YES
MSGY,2026-09-30,UNKNOWN,UNKNOWN,,4.44,41.85,30282486.0,9.17,30.93,25.88,97.4,205.3,560.1,1.73,14,0,57.6,63.89,2026-08-11,61.12,,YES
MSGY,2026-10-01,UNKNOWN,UNKNOWN,,5.66,27.48,11945653.0,2.48,27.32,11.04,96.68,205.3,534.4,1.73,15,0,61.8,95.2,2026-08-11,50.44,,YES
MSGY,2026-10-02,UNKNOWN,UNKNOWN,,5.17,-8.66,534341.0,0.1,30.62,-9.89,96.97,205.3,524.0,1.73,16,0,59.2,69.73,2026-08-11,54.73,,YES
MSGY,2026-10-05,UNKNOWN,UNKNOWN,,4.395,-14.99,311314.0,0.06,37.86,-7.54,97.43,205.3,504.2,1.73,17,0,55.4,40.28,2026-08-11,61.51,,YES
MSGY,2026-10-06,UNKNOWN,UNKNOWN,,4.89,11.26,599076.0,0.11,36.19,-1.48,90.74,205.3,504.2,1.73,18,0,57.3,50.63,2026-08-11,57.18,,YES
MSGY,2026-10-07,UNKNOWN,UNKNOWN,,5.01,2.45,207078.0,0.04,36.14,5.52,90.51,205.3,504.2,1.73,19,0,57.8,49.1,2026-08-11,56.13,,YES
MSGY,2026-10-08,UNKNOWN,UNKNOWN,,4.3,-14.17,109064.0,0.02,43.35,-1.6,91.86,205.3,504.2,1.73,20,0,54.0,25.7,2026-08-11,62.35,,YES
NUWE,2026-06-26,UNKNOWN,UNKNOWN,,3.311,6.29,103249.48571429,0.69,38.67,4.04,99.64,140.8,519.7,2.8805,1,0,14.1,-78.42,2025-07-07,99.64,4.3645,YES
NUWE,2026-06-29,UNKNOWN,UNKNOWN,,3.3,-0.33,928383.0,6.0,18.83,5.71,99.64,140.8,153.1,2.8805,2,0,14.1,-77.34,2026-06-26,13.16,4.3645,YES
NUWE,2026-06-30,UNKNOWN,UNKNOWN,,3.18,-3.64,317767.0,1.59,17.92,0.0,99.65,140.8,101.5,2.8805,3,0,14.0,-77.01,2026-06-26,16.31,4.3645,YES
NUWE,2026-07-01,UNKNOWN,UNKNOWN,,3.05,-4.09,124511.0,0.58,18.22,-1.57,99.66,140.8,101.5,2.88,0,2,13.8,-76.78,2026-06-26,19.73,4.3645,YES
NUWE,2026-07-02,UNKNOWN,UNKNOWN,,3.14,2.95,334094.0,1.51,16.81,1.31,99.65,140.8,101.5,2.88,1,2,14.5,-74.86,2026-06-26,17.37,4.3645,YES
NUWE,2026-07-06,UNKNOWN,UNKNOWN,,3.15,0.32,181046.0,0.76,16.59,0.32,99.65,140.8,89.5,2.88,2,2,14.6,-73.5,2026-06-26,17.1,4.3645,YES
NUWE,2026-07-07,UNKNOWN,UNKNOWN,,3.29,4.44,197716.0,0.8,15.87,0.0,99.64,140.8,89.5,2.88,3,2,15.7,-70.97,2026-06-26,13.42,4.3645,YES
NUWE,2026-07-08,UNKNOWN,UNKNOWN,,3.15,-4.26,119136.0,0.47,15.31,-0.3,99.65,140.8,89.5,2.88,4,2,15.5,-70.85,2026-06-26,17.1,4.3645,YES
NUWE,2026-07-09,UNKNOWN,UNKNOWN,,2.87,-8.89,98162.0,0.52,16.83,-4.44,99.68,140.8,78.8,2.8,0,0,15.0,-72.12,2026-06-26,24.47,4.3645,YES
NUWE,2026-07-10,UNKNOWN,UNKNOWN,,2.88,0.35,92264.0,0.51,16.61,0.0,99.68,140.8,82.0,2.7501,0,0,15.1,-70.66,2026-06-26,24.21,4.3645,YES
NUWE,2026-07-13,UNKNOWN,UNKNOWN,,3.04,5.56,119334.0,0.67,15.73,0.92,99.67,140.8,82.0,2.7501,1,0,16.7,-67.58,2026-06-26,20.0,4.3645,YES
NUWE,2026-07-14,UNKNOWN,UNKNOWN,,2.8,-7.89,100532.0,0.57,17.06,1.97,99.69,140.8,74.0,2.73,0,2,16.2,-68.73,2026-06-26,26.31,4.3645,YES
NUWE,2026-07-15,UNKNOWN,UNKNOWN,,3.22,15.0,180261.0,1.03,15.32,1.79,99.65,140.8,72.3,2.73,1,2,20.6,-62.48,2026-06-26,15.26,4.3645,YES
NUWE,2026-07-16,UNKNOWN,UNKNOWN,,3.12,-3.11,395239.0,2.21,13.04,-0.62,99.66,140.8,39.2,2.73,2,2,20.4,-62.09,2026-06-26,17.89,4.3645,YES
NUWE,2026-07-17,UNKNOWN,UNKNOWN,,2.94,-5.77,150323.0,0.78,13.77,-1.28,99.68,140.8,39.2,2.73,3,3,19.8,-62.73,2026-06-26,22.63,4.3645,YES
NUWE,2026-07-20,UNKNOWN,UNKNOWN,,2.85,-3.06,39782.0,0.2,12.94,-1.36,99.51,140.8,39.2,2.73,4,3,19.6,-62.32,2026-06-26,25.0,4.3645,YES
NUWE,2026-07-21,UNKNOWN,UNKNOWN,,3.0,5.26,61503.0,0.32,11.7,0.7,99.48,140.8,32.2,2.73,5,3,21.5,-58.73,2026-06-26,21.05,4.3645,YES
NUWE,2026-07-22,UNKNOWN,UNKNOWN,,2.85,-5.0,54676.0,0.28,12.07,-0.33,99.49,140.8,28.2,2.73,6,3,20.9,-59.2,2026-06-26,25.0,4.3645,YES
NUWE,2026-07-23,UNKNOWN,UNKNOWN,,2.85,0.0,29958.0,0.15,11.4,1.4,99.46,140.8,28.2,2.73,7,3,20.9,-57.58,2026-06-26,25.0,4.3645,YES
NUWE,2026-07-24,UNKNOWN,UNKNOWN,,2.2,-22.81,362455.0,1.88,16.19,-7.72,99.55,140.8,69.9,2.06,0,0,18.6,-65.77,2026-06-26,42.1,2.82,YES
NUWE,2026-07-27,UNKNOWN,UNKNOWN,,2.05,-6.82,154596.0,0.77,17.2,0.0,99.57,140.8,79.5,1.95,0,0,18.1,-66.63,2026-06-26,46.05,2.82,YES
NUWE,2026-07-28,WATCH,WATCH,IMG_0413,1.99,-2.93,78865.0,0.39,17.79,-2.44,99.56,140.8,80.5,1.85,0,0,17.9,-66.13,2026-06-26,47.63,2.82,YES
NUWE,2026-07-29,UNKNOWN,WATCH,,1.93,-3.02,60026.0,0.38,17.39,-2.76,99.54,140.8,82.5,1.83,0,0,17.7,-65.67,2026-06-26,49.21,2.82,YES
NUWE,2026-07-30,UNKNOWN,WATCH,,1.89,-2.07,11681088.0,79.61,17.15,-0.52,99.52,140.8,82.5,1.83,1,0,17.6,-64.87,2026-06-26,50.26,2.82,YES
NUWE,2026-07-31,UNKNOWN,WATCH,,4.45,135.45,117940276.0,162.78,13.99,171.96,98.86,140.8,249.7,1.83,2,0,48.3,-16.36,2026-06-26,30.47,14.0035,YES
NUWE,2026-08-03,UNKNOWN,WATCH,,1.74,-60.9,6869064.0,1.04,45.52,-60.9,99.54,140.8,297.5,1.61,0,0,33.9,-65.81,2026-06-26,72.81,3.7,YES
NUWE,2026-08-04,UNKNOWN,WATCH,,1.61,-7.47,1703686.0,0.25,48.55,-4.02,99.52,140.8,375.9,1.3449,0,0,33.4,-66.91,2026-06-26,74.84,3.7,YES
NUWE,2026-08-05,UNKNOWN,WATCH,,1.88,16.77,35730775.0,5.09,43.21,32.3,99.41,140.8,375.9,1.3449,1,0,35.6,-59.77,2026-06-26,70.62,3.7,YES
NUWE,2026-08-06,UNKNOWN,WATCH,,1.71,-9.04,1103249.0,0.13,47.09,-4.79,99.27,140.8,375.9,1.3449,2,0,34.8,-61.84,2026-06-26,73.28,3.7,YES
NUWE,2026-08-07,UNKNOWN,WATCH,,1.63,-4.68,558846.0,0.06,49.29,-0.58,99.31,140.8,375.9,1.3449,3,0,34.4,-62.07,2026-06-26,74.53,3.7,YES
NUWE,2026-08-10,UNKNOWN,WATCH,,1.49,-8.59,650423.0,0.07,53.49,0.0,99.37,140.8,375.9,1.3449,4,0,33.7,-63.8,2026-06-26,76.72,3.7,YES
NUWE,2026-08-11,UNKNOWN,WATCH,,1.42,-4.7,618807.0,0.07,55.5,-5.37,99.4,140.8,375.9,1.3449,5,0,33.3,-63.98,2026-06-26,77.81,3.7,YES
NUWE,2026-08-12,UNKNOWN,WATCH,,1.48,4.23,553373.0,0.06,53.25,0.7,99.37,140.8,375.9,1.3449,6,0,34.0,-60.88,2026-06-26,76.87,3.7,YES
NUWE,2026-08-13,UNKNOWN,WATCH,,1.41,-4.73,415585.0,0.05,52.5,2.03,99.4,140.8,375.9,1.3449,7,0,33.6,-61.16,2026-06-26,77.97,3.7,YES
NUWE,2026-08-14,UNKNOWN,WATCH,,1.3,-7.8,710644.0,0.08,55.63,-2.13,99.45,140.8,412.0,1.25,0,0,32.9,-62.64,2026-06-26,79.69,3.7,YES
NUWE,2026-08-17,UNKNOWN,WATCH,,1.31,0.77,291836.0,0.03,54.49,1.54,99.44,140.8,412.0,1.25,1,0,33.0,-60.78,2026-06-26,79.53,3.7,YES
NUWE,2026-08-18,UNKNOWN,WATCH,,1.26,-3.82,376071.0,0.04,56.24,-0.76,99.46,140.8,422.9,1.224,0,0,32.7,-60.7,2026-06-26,80.31,3.7,YES
NUWE,2026-08-19,UNKNOWN,WATCH,,1.19,-5.56,418411.0,0.05,59.87,-0.79,99.49,140.8,456.5,1.15,0,0,32.2,-61.31,2026-06-26,81.41,3.7,YES
NUWE,2026-08-20,UNKNOWN,WATCH,,1.17,-1.68,604701.0,0.07,34.34,-1.68,99.46,140.8,461.4,1.14,0,0,32.0,-60.38,2026-06-26,81.72,3.7,YES
NUWE,2026-08-21,UNKNOWN,WATCH,,1.12,-4.27,226906.0,0.03,18.18,0.0,99.44,140.8,117.0,1.12,0,0,31.6,-60.49,2026-06-26,82.5,3.7,YES
NUWE,2026-08-24,UNKNOWN,WATCH,,1.16,3.57,226045.0,0.03,15.43,-0.89,99.4,140.8,118.9,1.11,0,0,32.4,-57.46,2026-06-26,81.87,3.7,YES
NUWE,2026-08-25,UNKNOWN,WATCH,,1.05,-9.48,420720.0,0.05,12.42,1.72,99.44,140.8,131.4,1.05,0,0,31.4,-59.9,2026-06-26,83.59,3.7,YES
NUWE,2026-08-26,UNKNOWN,WATCH,,0.9592,-8.65,673308.0,0.07,12.66,0.95,99.49,140.8,97.9,0.935,0,0,30.5,-61.81,2026-06-26,85.01,3.7,YES
NUWE,2026-08-27,UNKNOWN,WATCH,,1.01,5.3,24386885.0,2.68,11.82,8.94,99.45,140.8,92.5,0.935,1,0,31.6,-58.17,2026-06-26,84.22,3.7,YES
NUWE,2026-08-28,UNKNOWN,WATCH,,0.989,-2.08,980700.0,0.1,11.28,-1.98,99.47,140.8,74.3,0.935,2,0,31.4,-57.42,2026-06-26,84.55,3.7,YES
NUWE,2026-08-31,UNKNOWN,WATCH,,0.8889,-10.12,1358455.0,0.35,13.39,1.11,99.52,140.8,79.2,0.865,0,0,30.3,-60.14,2026-06-26,86.11,3.7,YES
NUWE,2026-09-01,UNKNOWN,WATCH,,0.7925,-10.84,758026.0,0.21,15.06,-1.0,99.57,140.8,105.3,0.7551,0,0,29.2,-62.92,2026-06-26,87.62,3.7,YES
NUWE,2026-09-02,UNKNOWN,WATCH,,0.7572,-4.45,291111.0,0.08,14.98,-4.1,99.59,140.8,100.0,0.7551,1,0,28.8,-63.03,2026-06-26,88.17,3.7,YES
NUWE,2026-09-03,UNKNOWN,WATCH,,0.739,-2.4,224836.0,0.13,14.28,-2.05,99.6,140.8,92.6,0.7218,0,0,28.6,-62.37,2026-06-26,88.45,3.7,YES
NUWE,2026-09-04,WATCH,WATCH,WA_20260918_46_NUWE,0.7347,-0.58,343742.0,0.2,14.64,1.65,99.6,140.8,92.6,0.7112,0,0,28.6,-61.01,2026-06-26,88.52,3.7,YES
NUWE,2026-09-08,UNKNOWN,WATCH,,0.7809,6.29,223486.0,0.13,13.42,2.08,99.57,140.8,82.8,0.7112,1,0,30.1,-56.93,2026-06-26,87.8,3.7,YES
NUWE,2026-09-09,UNKNOWN,WATCH,,0.7878,0.88,305771.0,0.18,12.51,3.73,99.57,140.8,82.8,0.7112,2,0,30.4,-54.91,2026-06-26,87.69,3.7,YES
NUWE,2026-09-10,UNKNOWN,WATCH,,0.7998,1.52,131677.0,0.08,11.3,0.29,99.56,140.8,82.8,0.7112,3,0,30.8,-52.56,2026-06-26,87.5,3.7,YES
NUWE,2026-09-11,UNKNOWN,WATCH,,0.7683,-3.94,208587.0,0.13,11.5,-0.16,99.58,140.8,67.3,0.7112,4,0,30.3,-52.77,2026-06-26,88.0,3.7,YES
NUWE,2026-09-14,UNKNOWN,WATCH,,0.774,0.74,141464.0,0.09,11.22,-1.08,99.58,140.8,67.3,0.7112,5,0,30.5,-50.76,2026-06-26,87.91,3.7,YES
NUWE,2026-09-15,UNKNOWN,WATCH,,0.7964,2.89,114181.0,0.07,9.95,0.39,99.56,140.8,67.3,0.7112,6,0,31.5,-47.67,2026-06-26,87.56,3.7,YES
NUWE,2026-09-16,UNKNOWN,WATCH,,0.8449,6.09,644611.0,0.4,9.09,2.96,99.54,140.8,56.1,0.7112,7,0,33.7,-42.84,2026-06-26,86.8,3.7,YES
NUWE,2026-09-17,UNKNOWN,WATCH,,0.815,-3.54,283962.0,0.17,8.66,-4.66,99.53,140.8,56.1,0.7112,8,0,33.0,-43.22,2026-06-26,87.27,3.7,YES
NUWE,2026-09-18,UNKNOWN,WATCH,,1.09,33.74,59128053.0,36.33,10.31,4.99,99.37,140.8,105.3,0.7112,9,0,44.6,-22.86,2026-06-26,82.97,3.7,YES
NUWE,2026-09-21,UNKNOWN,WATCH,,0.897,-17.71,1556929.0,0.34,12.72,-13.76,99.48,140.8,105.3,0.7112,10,0,39.5,-34.99,2026-06-26,85.98,3.7,YES
NUWE,2026-09-22,UNKNOWN,WATCH,,0.8738,-2.59,503521.0,0.11,12.43,-1.91,99.49,140.8,105.3,0.7112,11,0,38.9,-35.13,2026-06-26,86.35,3.7,YES
NUWE,2026-09-23,UNKNOWN,WATCH,,0.8263,-5.44,415688.0,0.09,13.33,-1.69,99.52,140.8,105.3,0.7112,12,0,37.6,-37.09,2026-06-26,87.09,3.7,YES
NUWE,2026-09-24,UNKNOWN,WATCH,,0.849,2.75,223334.0,0.05,12.83,0.45,99.51,140.8,105.3,0.7112,13,0,38.6,-33.85,2026-06-26,86.73,3.7,YES
NUWE,2026-09-25,UNKNOWN,WATCH,,0.807,-4.95,259244.0,0.06,13.05,-1.06,99.53,140.8,105.3,0.7112,14,0,37.5,-35.58,2026-06-26,87.39,3.7,YES
NUWE,2026-09-28,UNKNOWN,WATCH,,0.7758,-3.87,147789.0,0.04,13.62,0.37,99.55,140.8,96.7,0.7112,15,0,36.5,-36.51,2026-06-26,87.88,3.7,YES
NUWE,2026-09-29,UNKNOWN,WATCH,,0.7602,-2.01,159810.0,0.05,13.79,-0.75,99.56,140.8,92.1,0.7112,16,0,36.1,-36.24,2026-06-26,88.12,3.7,YES
NUWE,2026-09-30,UNKNOWN,WATCH,,0.7459,-1.88,150987.0,0.05,13.96,-0.03,99.57,140.8,100.0,0.7112,17,0,35.6,-35.89,2026-06-26,88.35,3.7,YES
NUWE,2026-10-01,UNKNOWN,WATCH,,0.72,-3.47,126738.0,0.04,14.54,0.79,99.58,140.8,102.8,0.7112,18,2,34.8,-36.55,2026-06-26,88.75,3.7,YES
NUWE,2026-10-02,UNKNOWN,WATCH,,0.749,4.03,229010.0,0.07,14.08,3.03,99.57,140.8,102.8,0.7112,19,2,36.6,-32.52,2026-06-26,88.3,3.7,YES
NUWE,2026-10-05,UNKNOWN,WATCH,,0.6938,-7.37,108503.0,0.03,15.79,1.32,99.6,140.8,111.5,0.6902,0,0,34.6,-35.94,2026-06-26,89.16,3.7,YES
ONCO,2026-06-26,UNKNOWN,UNKNOWN,,0.9798,-2.02,137809.0,0.18,11.32,1.0,99.64,70.9,30.6,0.88,4,0,27.2,-59.71,2026-05-21,31.96,3.057,YES
ONCO,2026-06-29,UNKNOWN,UNKNOWN,,0.9765,-0.34,131665.0,0.18,11.06,-2.77,99.64,70.9,30.6,0.88,5,0,27.2,-58.23,2026-05-21,32.19,3.057,YES
ONCO,2026-06-30,UNKNOWN,UNKNOWN,,0.9543,-2.27,119634.0,0.16,11.2,-1.86,99.65,70.9,30.6,0.88,6,0,26.9,-57.56,2026-05-21,33.73,3.057,YES
ONCO,2026-07-01,UNKNOWN,UNKNOWN,,1.13,18.41,1015544.0,1.45,10.75,-1.68,99.58,70.9,34.1,0.88,7,0,32.7,-48.08,2026-05-21,21.53,3.057,YES
ONCO,2026-07-02,UNKNOWN,UNKNOWN,,1.08,-4.42,411005.0,0.56,11.32,-6.19,99.6,70.9,34.1,0.88,8,0,31.9,-48.71,2026-05-21,25.0,3.057,YES
ONCO,2026-07-06,UNKNOWN,UNKNOWN,,0.9555,-11.53,397512.0,0.54,13.25,1.85,99.65,70.9,34.1,0.88,9,0,30.0,-52.97,2026-05-21,33.65,3.057,YES
ONCO,2026-07-07,UNKNOWN,UNKNOWN,,1.1,15.12,2369356.0,3.22,12.15,5.7,99.59,70.9,37.5,0.88,10,0,34.9,-44.21,2026-05-21,23.61,3.057,YES
ONCO,2026-07-08,UNKNOWN,UNKNOWN,,1.07,-2.73,1006843.0,1.2,12.09,-3.64,99.6,70.9,37.5,0.88,11,0,34.3,-44.08,2026-05-21,25.69,3.057,YES
ONCO,2026-07-09,UNKNOWN,UNKNOWN,,0.9577,-10.5,379812.0,0.44,14.25,-1.87,99.65,70.9,37.5,0.88,12,0,32.3,-48.28,2026-05-21,33.49,3.057,YES
ONCO,2026-07-10,UNKNOWN,UNKNOWN,,0.985,2.85,129484.0,0.15,13.46,-1.33,99.64,70.9,37.5,0.88,13,0,33.4,-45.15,2026-05-21,31.6,3.057,YES
ONCO,2026-07-13,UNKNOWN,UNKNOWN,,0.9395,-4.62,4294790.0,5.0,13.66,-1.52,99.65,70.9,37.5,0.88,14,0,32.5,-46.02,2026-05-21,34.76,3.057,YES
ONCO,2026-07-14,UNKNOWN,UNKNOWN,,0.862,-8.25,767916.0,0.73,15.46,-6.33,99.68,70.9,51.2,0.8,0,0,31.0,-48.81,2026-05-21,40.14,0.9356,YES
ONCO,2026-07-15,UNKNOWN,UNKNOWN,,0.8487,-1.54,250127.0,0.23,14.87,-2.55,99.69,70.9,51.2,0.8,1,0,30.7,-47.93,2026-05-21,41.06,0.9356,YES
ONCO,2026-07-16,UNKNOWN,UNKNOWN,,0.7737,-8.84,342979.0,0.32,16.22,-1.03,99.71,70.9,61.1,0.751,0,0,29.3,-50.87,2026-05-21,46.27,0.9356,YES
ONCO,2026-07-17,UNKNOWN,UNKNOWN,,0.7917,2.33,184835.0,0.17,15.94,-1.12,99.66,70.9,61.1,0.751,1,0,30.1,-48.06,2026-05-21,45.02,0.9356,YES
ONCO,2026-07-20,UNKNOWN,UNKNOWN,,0.7602,-3.98,78829.0,0.09,16.13,-3.01,99.67,70.9,61.1,0.751,2,0,29.4,-48.46,2026-05-21,47.21,0.9356,YES
ONCO,2026-07-21,UNKNOWN,UNKNOWN,,1.0,31.54,1094266.0,1.48,13.86,-0.54,99.56,70.9,70.2,0.711,0,0,40.5,-30.76,2026-05-21,30.56,3.057,YES
ONCO,2026-07-22,UNKNOWN,UNKNOWN,,0.8897,-11.03,369231.0,0.48,14.66,-3.28,99.61,70.9,70.2,0.711,1,0,37.6,-36.83,2026-05-21,38.22,3.057,YES
ONCO,2026-07-23,UNKNOWN,UNKNOWN,,0.8801,-1.08,153229.0,0.2,13.72,-2.21,99.62,70.9,70.2,0.711,2,0,37.4,-35.97,2026-05-21,38.88,3.057,YES
ONCO,2026-07-24,UNKNOWN,UNKNOWN,,0.7896,-10.28,227445.0,0.3,15.09,-0.01,99.66,70.9,70.2,0.711,3,0,35.0,-40.93,2026-05-21,45.17,3.057,YES
ONCO,2026-07-27,WATCH,WATCH,IMG_0320;TG_2171,0.8212,4.0,105001.0,0.15,13.25,3.22,99.64,70.9,70.2,0.711,4,0,36.5,-37.0,2026-05-21,42.97,3.057,YES
ONCO,2026-07-28,UNKNOWN,WATCH,,0.8139,-0.89,92473.0,0.13,13.11,2.29,99.65,70.9,56.1,0.711,5,0,36.3,-36.01,2026-05-21,43.48,3.057,YES
ONCO,2026-07-29,UNKNOWN,WATCH,,0.8301,1.99,152433.0,0.22,12.07,0.75,99.64,70.9,47.7,0.711,6,0,37.2,-33.24,2026-05-21,42.35,3.057,YES
ONCO,2026-07-30,UNKNOWN,WATCH,,0.7493,-9.73,1201011.0,1.74,13.71,-2.42,99.67,70.9,42.1,0.711,7,0,34.6,-38.15,2026-05-21,47.97,3.057,YES
ONCO,2026-07-31,UNKNOWN,WATCH,,0.7864,4.95,590546.0,0.84,13.79,-6.57,99.66,70.9,51.8,0.6652,0,0,36.8,-33.58,2026-05-21,45.39,3.057,YES
ONCO,2026-08-03,UNKNOWN,WATCH,,0.8267,5.12,122282.0,0.17,12.54,-2.09,99.64,70.9,51.8,0.6652,1,0,39.1,-28.79,2026-05-21,42.59,3.057,YES
ONCO,2026-08-04,UNKNOWN,WATCH,,0.8111,-1.89,114274.0,0.16,12.77,2.84,99.61,70.9,51.8,0.6652,2,0,38.5,-28.75,2026-05-21,43.67,3.057,YES
ONCO,2026-08-05,UNKNOWN,WATCH,,0.8346,2.9,163670.0,0.28,12.09,1.7,99.6,70.9,51.8,0.6652,3,0,40.0,-25.4,2026-05-21,42.04,3.057,YES
ONCO,2026-08-06,UNKNOWN,WATCH,,1.005,20.42,391442.0,0.72,11.11,-2.35,99.52,70.9,51.8,0.6652,4,0,49.4,-9.58,2026-05-21,30.21,3.057,YES
ONCO,2026-08-07,UNKNOWN,WATCH,,0.9037,-10.08,395944.0,0.73,12.97,-2.73,99.57,70.9,51.8,0.6652,5,0,44.9,-17.7,2026-05-21,37.24,3.057,YES
ONCO,2026-08-10,UNKNOWN,WATCH,,0.8916,-1.34,104875.0,0.19,11.23,-0.52,99.57,70.9,51.8,0.6652,6,0,44.4,-17.81,2026-05-21,38.08,3.057,YES
ONCO,2026-08-11,UNKNOWN,WATCH,,0.8975,0.66,41906.0,0.12,10.17,0.0,99.57,70.9,51.7,0.6652,7,0,44.7,-16.33,2026-05-21,37.67,3.057,YES
ONCO,2026-08-12,UNKNOWN,WATCH,,0.9682,7.88,158884.0,0.51,9.98,0.0,99.54,70.9,51.7,0.6652,8,0,48.7,-9.17,2026-05-21,32.76,3.057,YES
ONCO,2026-08-13,UNKNOWN,WATCH,,0.8916,-7.91,202962.0,0.67,10.44,-2.07,99.57,70.9,51.7,0.6652,9,0,44.9,-15.46,2026-05-21,38.08,3.057,YES
ONCO,2026-08-14,UNKNOWN,WATCH,,0.8824,-1.03,44468.0,0.15,10.02,1.5,99.58,70.9,51.7,0.6652,10,0,44.5,-15.44,2026-05-21,38.72,3.057,YES
ONCO,2026-08-17,UNKNOWN,WATCH,,0.8113,-8.06,236760.0,0.82,10.91,-0.27,99.61,70.9,51.7,0.6652,11,0,41.1,-21.12,2026-05-21,43.66,0.8801,YES
ONCO,2026-08-18,UNKNOWN,WATCH,,0.7575,-6.63,159854.0,0.54,11.8,-0.53,99.64,70.9,51.7,0.6652,12,0,38.6,-25.08,2026-05-21,47.4,0.8113,YES
ONCO,2026-08-19,UNKNOWN,WATCH,,0.7503,-0.95,737601.0,2.93,11.84,0.33,99.64,70.9,51.7,0.6652,13,0,38.3,-24.54,2026-05-21,47.9,0.8113,YES
ONCO,2026-08-20,UNKNOWN,WATCH,,0.711,-5.24,320585.0,1.19,11.65,-0.33,99.66,70.9,51.7,0.6652,14,0,36.5,-27.15,2026-05-21,50.63,0.8113,YES
ONCO,2026-08-21,UNKNOWN,WATCH,,0.667,-6.19,231246.0,0.83,12.19,-3.0,99.68,70.9,52.9,0.66,0,2,34.5,-30.23,2026-05-21,53.68,0.8113,YES
ONCO,2026-08-24,UNKNOWN,WATCH,,0.6505,-2.47,225615.0,0.81,12.4,-2.4,99.69,70.9,62.6,0.6207,0,0,33.8,-30.53,2026-05-21,54.83,0.8113,YES
SMX,2026-03-27,UNKNOWN,UNKNOWN,,369.713,-7.65,4784.83588621,0.54,42.52,-8.68,99.97,7729.7,338.6,350.6424,4,0,31.6,-78.26,2026-02-17,87.15,10552.5218,YES
SMX,2026-03-30,UNKNOWN,UNKNOWN,,371.084,0.37,5712.27571116,0.63,39.91,-2.29,99.97,7729.7,319.7,350.6424,5,0,31.6,-77.03,2026-02-17,87.11,10552.5218,YES
SMX,2026-03-31,UNKNOWN,UNKNOWN,,348.691,-6.03,5623.28227571,0.61,37.67,-1.35,99.98,7729.7,306.8,335.895,0,0,31.3,-77.26,2026-02-17,87.89,,YES
SMX,2026-04-01,UNKNOWN,UNKNOWN,,386.622,10.88,6419.89059081,0.68,29.29,0.79,99.97,7729.7,282.6,335.895,1,0,32.3,-73.51,2026-02-17,86.57,,YES
SMX,2026-04-02,UNKNOWN,UNKNOWN,,384.794,-0.47,2892.91028446,0.3,26.86,0.59,99.97,7729.7,194.2,335.895,2,0,32.3,-72.32,2026-02-17,86.63,,YES
SMX,2026-04-06,UNKNOWN,UNKNOWN,,386.622,0.48,3169.5404814,0.32,23.25,-5.94,99.97,7729.7,154.1,335.895,3,0,32.4,-70.83,2026-02-17,86.57,,YES
SMX,2026-04-07,UNKNOWN,UNKNOWN,,594.1,53.66,482365.31728665,48.89,19.87,-4.49,99.96,7729.7,167.8,335.895,4,0,38.5,-53.52,2026-02-17,79.36,,YES
SMX,2026-04-08,UNKNOWN,UNKNOWN,,372.455,-37.31,69451.66301969,2.05,29.31,-14.46,99.97,7729.7,167.8,335.895,5,0,34.9,-69.47,2026-02-17,87.06,,YES
SMX,2026-04-09,UNKNOWN,UNKNOWN,,285.168,-23.44,65889.95623632,1.77,37.83,-3.68,99.98,7729.7,223.7,277.856,0,0,33.5,-75.41,2026-02-17,90.09,,YES
SMX,2026-04-10,UNKNOWN,UNKNOWN,,286.082,0.32,24981.81619256,0.62,36.1,-2.72,99.98,7729.7,231.9,271.001,0,0,33.6,-74.07,2026-02-17,90.06,,YES
SMX,2026-04-13,UNKNOWN,UNKNOWN,,291.109,1.76,59708.4463895,1.44,36.36,-1.28,99.98,7729.7,254.0,254.092,0,0,33.7,-72.3,2026-02-17,89.89,,YES
SMX,2026-04-14,UNKNOWN,UNKNOWN,,276.028,-5.18,23275.20787746,0.53,36.07,-2.98,99.98,7729.7,254.0,254.092,1,0,33.4,-72.42,2026-02-17,90.41,,YES
SMX,2026-04-15,UNKNOWN,UNKNOWN,,230.328,-16.56,40457.02407002,0.9,41.81,-4.14,99.98,7729.7,293.6,228.5,0,0,32.6,-75.78,2026-02-17,92.0,274.2,YES
SMX,2026-04-16,UNKNOWN,UNKNOWN,,241.753,4.96,27364.87964989,0.59,39.5,-2.78,99.98,7729.7,331.6,208.392,0,0,33.0,-73.3,2026-02-17,91.6,274.2,YES
SMX,2026-04-17,UNKNOWN,UNKNOWN,,251.807,4.16,22929.56236324,0.5,37.91,-3.21,99.98,7729.7,331.6,208.392,1,0,33.5,-70.83,2026-02-17,91.25,274.2,YES
SMX,2026-04-20,UNKNOWN,UNKNOWN,,226.672,-9.98,17512.45076586,0.38,41.58,-0.54,99.98,7729.7,331.6,208.392,2,0,32.9,-72.43,2026-02-17,92.12,274.2,YES
SMX,2026-04-21,UNKNOWN,UNKNOWN,,224.844,-0.81,17752.07877462,0.39,41.03,-2.02,99.98,7729.7,331.6,208.392,3,0,32.9,-71.3,2026-02-17,92.19,274.2,YES
SMX,2026-04-22,UNKNOWN,UNKNOWN,,198.795,-11.59,22731.90371991,0.5,45.82,-3.46,99.99,7729.7,353.5,198.338,0,0,32.2,-73.35,2026-02-17,93.09,274.2,YES
SMX,2026-04-23,UNKNOWN,UNKNOWN,,168.176,-15.4,40029.38730853,0.87,54.76,-2.3,99.99,7729.7,448.2,164.063,0,0,31.4,-76.27,2026-02-17,94.16,274.2,YES
SMX,2026-04-24,UNKNOWN,UNKNOWN,,160.864,-4.35,23592.49452954,0.5,55.94,-0.82,99.99,7729.7,463.9,159.493,0,0,31.2,-76.11,2026-02-17,94.41,274.2,YES
SMX,2026-04-27,UNKNOWN,UNKNOWN,,95.056,-40.91,176874.92341357,3.66,61.25,-3.98,99.99,7729.7,1092.7,75.405,0,0,29.3,-85.05,2026-02-17,96.7,159.493,YES
SMX,2026-04-28,UNKNOWN,UNKNOWN,,71.292,-25.0,221382.80087527,3.89,62.01,0.96,99.99,7729.7,649.7,70.835,0,0,28.7,-88.11,2026-02-17,97.52,159.493,YES
SMX,2026-04-29,UNKNOWN,UNKNOWN,,75.862,6.41,136206.30196937,2.01,51.18,-3.21,99.99,7729.7,461.4,66.265,0,0,29.0,-86.59,2026-02-17,97.36,159.493,YES
SMX,2026-04-30,UNKNOWN,UNKNOWN,,78.604,3.61,66327.74617068,0.89,48.19,-3.61,99.99,7729.7,434.5,66.265,1,0,29.2,-85.29,2026-02-17,97.27,159.493,YES
SMX,2026-05-01,UNKNOWN,UNKNOWN,,81.346,3.49,62295.75492341,0.81,38.9,1.74,99.99,7729.7,434.5,66.265,2,0,29.4,-83.89,2026-02-17,97.17,159.493,YES
SMX,2026-05-04,UNKNOWN,UNKNOWN,,72.663,-10.67,83038.51203501,1.04,42.83,0.0,99.99,7729.7,334.5,66.265,3,0,29.1,-84.77,2026-02-17,97.48,159.493,YES
SMX,2026-05-05,UNKNOWN,UNKNOWN,,71.749,-1.26,36239.95623632,0.43,39.12,1.89,99.99,7729.7,302.8,66.265,4,0,29.1,-84.09,2026-02-17,97.51,159.493,YES
SMX,2026-05-06,UNKNOWN,UNKNOWN,,53.012,-26.11,138537.0678337,2.24,50.91,-7.64,99.99,7729.7,464.7,46.614,0,0,28.3,-87.54,2026-02-17,98.16,70.835,YES
SMX,2026-05-07,UNKNOWN,UNKNOWN,,69.921,31.9,701409.62800875,10.73,38.13,13.78,99.99,7729.7,464.7,46.614,1,0,30.1,-82.62,2026-02-17,97.57,159.493,YES
SMX,2026-05-08,UNKNOWN,UNKNOWN,,56.668,-18.95,459330.78774617,4.73,48.15,4.58,99.99,7729.7,438.4,46.614,2,0,29.5,-85.09,2026-02-17,98.03,159.493,YES
SMX,2026-05-11,UNKNOWN,UNKNOWN,,50.727,-10.48,82907.2428884,0.7,51.63,-10.48,99.99,7729.7,409.8,46.614,3,0,29.2,-85.86,2026-02-17,98.24,159.493,YES
SMX,2026-05-12,UNKNOWN,UNKNOWN,,33.1097,-34.73,175762.36323851,1.46,77.42,3.6,100.0,7729.7,608.6,31.99,0,0,28.3,-90.2,2026-02-17,98.85,159.493,YES
SMX,2026-05-13,UNKNOWN,UNKNOWN,,20.9078,-36.85,271410.06564551,2.13,113.07,-0.83,100.0,7729.7,985.4,18.9884,0,0,27.7,-93.41,2026-02-17,99.27,159.493,YES
SMX,2026-05-14,UNKNOWN,UNKNOWN,,19.6053,-6.23,215215.31728665,1.55,115.33,-4.7,100.0,7729.7,837.3,18.9655,0,0,27.6,-93.42,2026-02-17,99.32,159.493,YES
SMX,2026-05-15,UNKNOWN,UNKNOWN,,22.0502,12.47,326973.30415755,2.2,77.89,0.23,100.0,7729.7,785.7,17.5945,0,0,28.0,-92.14,2026-02-17,99.23,159.493,YES
SMX,2026-05-18,UNKNOWN,UNKNOWN,,18.7142,-15.13,107187.74617068,0.65,81.72,-4.04,100.0,7729.7,473.8,17.5945,1,0,27.8,-92.9,2026-02-17,99.35,159.493,YES
SMX,2026-05-19,UNKNOWN,UNKNOWN,,15.2409,-18.56,125721.22538293,0.75,93.22,1.22,100.0,7729.7,496.3,14.9439,0,0,27.5,-93.84,2026-02-17,99.47,159.493,YES
SMX,2026-05-20,UNKNOWN,UNKNOWN,,18.3485,20.39,172694.52954048,0.99,73.69,0.3,100.0,7729.7,538.3,13.9613,0,0,28.1,-92.11,2026-02-17,99.36,159.493,YES
SMX,2026-05-21,UNKNOWN,UNKNOWN,,16.9776,-7.47,125778.55579869,0.69,75.53,-2.86,100.0,7729.7,538.3,13.9613,1,0,28.0,-92.24,2026-02-17,99.41,159.493,YES
SMX,2026-05-22,UNKNOWN,UNKNOWN,,17.2746,1.75,68773.74179431,0.37,71.18,-2.02,100.0,7729.7,538.3,13.9613,2,0,28.1,-91.6,2026-02-17,99.4,159.493,YES
SMX,2026-05-26,UNKNOWN,UNKNOWN,,17.7316,2.65,171665.64551422,0.91,69.2,5.69,100.0,7729.7,538.3,13.9613,3,0,28.2,-90.84,2026-02-17,99.38,159.493,YES
SMX,2026-05-27,UNKNOWN,UNKNOWN,,20.2222,14.05,131353.17286652,0.7,53.0,5.67,100.0,7729.7,538.3,13.9613,4,0,28.8,-88.92,2026-02-17,99.3,159.493,YES
SMX,2026-05-28,UNKNOWN,UNKNOWN,,18.2571,-9.72,72429.32166302,0.4,45.43,-0.56,100.0,7729.7,538.3,13.9613,5,0,28.6,-89.38,2026-02-17,99.37,159.493,YES
SMX,2026-05-29,UNKNOWN,UNKNOWN,,15.4238,-15.52,109941.35667396,0.61,39.52,-4.88,100.0,7729.7,505.6,13.9613,6,0,28.3,-90.47,2026-02-17,99.46,18.0515,YES
SMX,2026-06-01,UNKNOWN,UNKNOWN,,15.995,3.7,207210.06564551,1.14,37.16,1.93,100.0,7729.7,299.3,13.9613,7,0,28.4,-89.5,2026-02-17,99.44,159.493,YES
SMX,2026-06-02,UNKNOWN,UNKNOWN,,17.34,8.41,107977.0,0.57,26.94,0.03,100.0,7729.7,276.4,13.9613,8,0,28.9,-87.93,2026-06-01,0.63,159.493,YES
SMX,2026-06-03,UNKNOWN,UNKNOWN,,18.94,9.23,193112.0,1.01,20.85,-4.61,100.0,7729.7,135.2,13.9613,9,0,29.4,-86.03,2026-06-01,5.3,159.493,YES
SMX,2026-06-04,UNKNOWN,UNKNOWN,,15.95,-15.79,118053.0,0.6,24.64,-2.48,100.0,7729.7,93.1,13.9613,10,0,29.0,-87.53,2026-06-01,20.25,159.493,YES
SMX,2026-06-05,UNKNOWN,UNKNOWN,,15.04,-5.71,47873.0,0.24,22.14,-3.39,100.0,7729.7,93.1,13.9613,11,0,28.8,-87.53,2026-06-01,24.8,159.493,YES
SMX,2026-06-08,UNKNOWN,UNKNOWN,,13.05,-13.23,82977.0,0.5,24.61,0.4,100.0,7729.7,67.4,12.98,0,0,28.5,-88.52,2026-06-01,34.75,159.493,YES
SMX,2026-06-09,UNKNOWN,UNKNOWN,,14.83,13.64,112300.0,0.77,21.22,2.99,100.0,7729.7,70.9,12.7032,0,0,29.3,-86.18,2026-06-01,25.85,159.493,YES
SMX,2026-06-10,UNKNOWN,UNKNOWN,,13.09,-11.73,64845.0,0.44,22.14,1.48,100.0,7729.7,70.9,12.7032,1,0,28.9,-87.07,2026-06-01,34.55,159.493,YES
SMX,2026-06-11,UNKNOWN,UNKNOWN,,12.87,-1.68,57494.0,0.41,21.73,2.83,100.0,7729.7,70.9,12.7032,2,2,28.9,-86.52,2026-06-01,35.65,159.493,YES
SMX,2026-06-12,UNKNOWN,UNKNOWN,,13.91,8.08,67599.0,0.52,19.86,1.09,100.0,7729.7,73.5,12.51,0,0,29.4,-84.59,2026-06-01,30.45,159.493,YES
SMX,2026-06-15,UNKNOWN,UNKNOWN,,13.13,-5.61,27906.0,0.23,19.19,0.0,100.0,7729.7,73.5,12.51,1,0,29.3,-84.6,2026-06-01,34.35,159.493,YES
SMX,2026-06-16,UNKNOWN,UNKNOWN,,14.56,10.89,59057.0,0.54,16.55,5.26,100.0,7729.7,68.9,12.51,2,0,30.1,-81.96,2026-06-01,27.2,159.493,YES
SMX,2026-06-17,UNKNOWN,UNKNOWN,,14.87,2.13,87127.0,0.82,16.39,1.85,100.0,7729.7,61.1,12.51,3,0,30.3,-80.55,2026-06-01,25.65,159.493,YES
SMX,2026-06-18,UNKNOWN,UNKNOWN,,14.23,-4.3,67035.0,0.64,16.66,-2.02,100.0,7729.7,59.9,12.51,4,0,30.1,-80.36,2026-06-01,28.85,159.493,YES
SMX,2026-06-22,UNKNOWN,UNKNOWN,,13.9,-2.32,55230.0,0.56,16.06,3.79,100.0,7729.7,59.9,12.51,5,0,30.0,-79.76,2026-06-01,30.5,159.493,YES
SMX,2026-06-23,UNKNOWN,UNKNOWN,,15.8,13.67,83474.0,0.87,14.05,2.01,100.0,7729.7,59.9,12.51,6,0,31.5,-75.79,2026-06-01,21.0,159.493,YES
SMX,2026-06-24,UNKNOWN,UNKNOWN,,14.59,-7.66,90091.0,0.94,14.95,-3.8,100.0,7729.7,59.9,12.51,7,0,31.0,-76.46,2026-06-01,27.05,159.493,YES
SPRC,2026-06-08,UNKNOWN,UNKNOWN,,11.44,-0.87,184687.0,0.08,19.7,-11.96,85.72,858.3,294.7,4.0001,11,0,67.9,59.23,2026-03-04,27.55,,YES
SPRC,2026-06-09,UNKNOWN,UNKNOWN,,10.42,-8.92,41012.0,0.02,22.35,-9.18,86.99,858.3,294.7,4.0001,12,0,62.4,40.94,2026-03-04,34.01,,YES
SPRC,2026-06-10,UNKNOWN,UNKNOWN,,9.31,-10.65,67398.0,0.03,26.33,-6.72,88.38,858.3,294.7,4.0001,13,0,56.9,23.85,2026-03-04,41.04,,YES
SPRC,2026-06-11,UNKNOWN,UNKNOWN,,8.66,-6.98,20370.0,0.01,28.5,-4.19,89.19,858.3,294.7,4.0001,14,0,54.0,14.09,2026-03-04,45.16,,YES
SPRC,2026-06-12,UNKNOWN,UNKNOWN,,9.31,7.51,33323.0,0.01,26.93,-1.85,88.38,858.3,285.6,4.0001,15,0,56.4,20.88,2026-03-04,41.04,,YES
SPRC,2026-06-15,UNKNOWN,UNKNOWN,,8.55,-8.16,24335.0,0.01,29.79,-2.79,89.33,858.3,285.6,4.0001,16,0,52.9,10.23,2026-03-04,45.85,,YES
SPRC,2026-06-16,UNKNOWN,UNKNOWN,,8.34,-2.46,58038.0,0.02,30.85,-0.23,89.59,858.3,268.9,4.0001,17,0,51.9,7.0,2026-03-04,47.18,,YES
SPRC,2026-06-17,UNKNOWN,UNKNOWN,,8.05,-3.48,22264.0,0.01,32.18,-3.0,89.95,858.3,268.9,4.0001,18,0,50.5,3.07,2026-03-04,49.02,,YES
SPRC,2026-06-18,UNKNOWN,UNKNOWN,,8.04,-0.12,8514.0,0.0,22.49,-2.86,89.96,858.3,103.7,4.0001,19,0,50.5,2.74,2026-03-04,49.08,,YES
SPRC,2026-06-22,UNKNOWN,UNKNOWN,,7.41,-7.84,12109.0,0.01,22.83,-1.99,90.75,858.3,114.7,4.0001,20,0,47.3,-4.98,2026-03-04,53.07,,YES
SPRC,2026-06-23,UNKNOWN,UNKNOWN,,6.97,-5.94,17442.0,0.01,22.23,-2.29,91.3,858.3,130.2,4.0001,21,0,45.2,-10.01,2026-03-04,55.86,,YES
SPRC,2026-06-24,UNKNOWN,UNKNOWN,,6.92,-0.72,6735.0,0.0,20.88,-1.0,91.36,858.3,141.1,4.0001,22,0,44.9,-10.03,2026-03-04,56.17,,YES
SPRC,2026-06-25,UNKNOWN,UNKNOWN,,5.865,-15.25,19557.0,0.01,22.76,-2.02,92.68,858.3,176.8,4.0001,23,0,40.0,-22.56,2026-03-04,62.86,,YES
SPRC,2026-06-26,UNKNOWN,UNKNOWN,,6.12,4.35,13845.0,0.01,14.96,2.13,92.36,858.3,177.0,4.0001,24,0,41.7,-18.18,2026-03-04,61.24,,YES
SPRC,2026-06-29,UNKNOWN,UNKNOWN,,5.7,-6.86,27454.0,0.01,14.8,-3.59,92.88,858.3,125.6,4.0001,25,0,39.7,-22.61,2026-03-04,63.9,,YES
SPRC,2026-06-30,UNKNOWN,UNKNOWN,,5.61,-1.58,298460.0,0.55,14.38,-1.58,93.0,858.3,134.2,4.0001,26,0,39.3,-22.64,2026-03-04,64.47,,YES
SPRC,2026-07-01,UNKNOWN,UNKNOWN,,5.52,-1.6,16584.0,0.03,12.58,-2.32,93.11,858.3,103.7,4.0001,27,0,38.8,-22.69,2026-03-04,65.04,,YES
SPRC,2026-07-02,UNKNOWN,UNKNOWN,,5.15,-6.7,14651.0,0.03,13.08,-1.99,93.57,858.3,91.6,4.0001,28,0,36.9,-26.55,2026-03-04,67.38,,YES
SPRC,2026-07-06,UNKNOWN,UNKNOWN,,4.78,-7.18,21522.0,0.04,13.42,0.0,94.03,858.3,96.0,4.0001,29,0,35.1,-30.4,2026-03-04,69.73,,YES
SPRC,2026-07-07,UNKNOWN,UNKNOWN,,4.71,-1.46,12006.0,0.02,12.83,0.0,94.12,858.3,103.6,4.0951,28,0,34.7,-30.0,2026-03-04,70.17,,YES
SPRC,2026-07-08,UNKNOWN,UNKNOWN,IMG_9925;TG_1842,4.98,5.73,45270.0,0.98,12.18,4.03,93.78,858.3,92.3,4.0951,29,0,37.3,-24.73,2026-03-04,68.46,,YES
SPRC,2026-07-09,UNKNOWN,UNKNOWN,,5.49,10.24,56781.0,1.45,11.75,-2.01,93.15,858.3,83.1,4.28,28,0,42.0,-16.1,2026-03-04,65.23,,YES
SPRC,2026-07-10,UNKNOWN,UNKNOWN,,5.45,-0.73,43706.0,1.1,12.31,-5.46,93.2,858.3,77.7,4.28,29,0,41.8,-15.8,2026-03-04,65.48,,YES
SPRC,2026-07-13,UNKNOWN,UNKNOWN,,4.7,-13.76,25730.0,0.67,14.51,-7.71,94.13,858.3,74.0,4.53,4,0,37.1,-26.08,2026-03-04,70.23,,YES
SPRC,2026-07-14,UNKNOWN,UNKNOWN,,4.57,-2.77,41136.0,1.06,15.04,0.0,94.29,858.3,74.0,4.23,0,0,36.3,-26.8,2026-03-04,71.06,,YES
SPRC,2026-07-15,UNKNOWN,UNKNOWN,,4.27,-6.56,57283.0,1.46,15.98,-3.28,94.67,858.3,63.6,4.23,1,0,34.5,-30.18,2026-03-04,72.96,,YES
SPRC,2026-07-16,UNKNOWN,UNKNOWN,,4.9,14.75,131721.0,3.22,13.22,1.41,93.88,858.3,60.3,4.23,2,0,41.0,-18.84,2026-03-04,68.97,,YES
SPRC,2026-07-17,READY,READY,IMG_0395;TG_1843,5.36,9.39,42901.0,0.96,12.42,-3.06,93.31,858.3,45.5,4.23,3,0,45.3,-10.57,2026-03-04,66.05,,YES
SPRC,2026-07-20,WATCH,WATCH,IMG_0393,5.0,-6.72,12270.0,0.27,12.67,-3.39,93.76,858.3,40.7,4.23,4,0,42.7,-15.68,2026-03-04,68.33,,YES
SPRC,2026-07-21,UNKNOWN,WATCH,,4.7,-6.0,23689.0,0.52,12.66,-0.4,94.13,858.3,40.2,4.23,5,0,40.6,-19.66,2026-03-04,70.23,,YES
SPRC,2026-07-22,UNKNOWN,WATCH,,4.75,1.06,10980.0,0.24,12.47,1.7,94.07,858.3,36.3,4.23,6,0,41.1,-17.81,2026-03-04,69.92,,YES
SPRC,2026-07-23,UNKNOWN,WATCH,,4.84,1.89,10988.0,0.24,12.09,-1.89,93.96,858.3,32.4,4.23,7,0,42.1,-15.36,2026-03-04,69.35,,YES
SPRC,2026-07-24,UNKNOWN,WATCH,,5.72,18.18,83783.0,1.81,11.72,2.07,92.86,858.3,52.6,4.23,8,0,50.7,0.02,2026-03-04,63.77,,YES
SPRC,2026-07-27,UNKNOWN,WATCH,,5.33,-6.82,11703.0,0.24,12.78,2.1,93.35,858.3,52.6,4.23,9,0,47.4,-6.39,2026-03-04,66.24,,YES
SPRC,2026-07-28,UNKNOWN,WATCH,,5.01,-6.0,84194.0,1.7,13.25,-9.38,93.75,858.3,52.6,4.23,10,0,44.7,-11.32,2026-03-04,68.27,5.3,YES
SPRC,2026-07-29,UNKNOWN,WATCH,,5.33,6.39,17363.0,0.33,11.91,-0.2,93.35,858.3,52.6,4.23,11,0,47.9,-5.31,2026-03-04,66.24,,YES
SPRC,2026-07-30,UNKNOWN,WATCH,,9.09,70.54,7916034.0,207.16,10.29,18.01,88.65,858.3,141.1,4.23,12,0,69.6,55.33,2026-03-04,42.43,,YES
SPRC,2026-07-31,UNKNOWN,WATCH,,8.7,-4.29,729320.0,1.68,12.98,0.11,89.14,858.3,172.1,4.23,13,0,66.5,44.14,2026-03-04,44.9,,YES
SPRC,2026-08-03,UNKNOWN,WATCH,,7.12,-18.16,109321.0,0.23,17.33,-12.99,91.11,858.3,172.1,4.23,14,0,55.7,16.61,2026-03-04,54.91,,YES
SPRC,2026-08-04,UNKNOWN,WATCH,,7.16,0.56,21473.0,0.05,18.14,-8.29,91.06,858.3,169.6,4.23,15,0,55.9,15.97,2026-03-04,54.65,,YES
SPRC,2026-08-05,UNKNOWN,WATCH,,6.74,-5.87,17054.0,0.04,19.06,-1.4,91.59,858.3,167.1,4.23,16,0,53.2,8.53,2026-03-04,57.31,,YES
SPRC,2026-08-06,UNKNOWN,WATCH,,6.89,2.23,136746.0,0.29,18.66,2.67,91.4,858.3,150.2,4.23,17,0,54.1,10.17,2026-03-04,56.36,,YES
SPRC,2026-08-07,UNKNOWN,WATCH,,6.72,-2.47,26014.0,0.05,19.19,-1.74,91.61,858.3,150.2,4.23,18,0,52.9,6.93,2026-03-04,57.44,,YES
SPRC,2026-08-10,UNKNOWN,WATCH,,6.93,3.12,13915.0,0.03,18.88,-2.08,91.35,858.3,150.2,4.23,19,0,54.2,9.55,2026-03-04,56.11,,YES
SPRC,2026-08-11,UNKNOWN,WATCH,,6.61,-4.62,25118.0,0.05,19.98,1.88,91.75,858.3,150.2,4.23,20,0,51.8,4.19,2026-03-04,58.14,,YES
SPRC,2026-08-12,UNKNOWN,WATCH,,6.82,3.18,12558.0,0.03,19.32,1.21,91.49,858.3,150.2,4.23,21,0,53.3,6.98,2026-03-04,56.81,,YES
SPRC,2026-08-13,UNKNOWN,WATCH,,6.6,-3.23,715129.0,1.52,19.25,-6.01,91.76,858.3,141.8,4.23,22,0,51.6,3.29,2026-03-04,58.2,,YES
SPRC,2026-08-14,UNKNOWN,WATCH,,6.69,1.36,40586.0,0.08,19.11,-4.55,91.65,858.3,141.8,4.23,23,0,52.2,4.39,2026-03-04,57.63,,YES
SPRC,2026-08-17,UNKNOWN,WATCH,,6.59,-1.49,9169.0,0.02,19.12,-1.35,91.77,858.3,141.8,4.23,24,0,51.4,2.64,2026-03-04,58.26,,YES
SXTC,2026-08-12,UNKNOWN,UNKNOWN,,3.51,-2.23,261739.0,0.18,378.8,-4.46,100.0,145.7,5969.8,3.15,1,0,22.3,-95.47,2026-08-10,17.02,24.584,YES
SXTC,2026-08-13,UNKNOWN,UNKNOWN,,3.3,-5.98,189775.0,0.13,107.2,-5.41,100.0,145.7,1134.7,3.11,0,2,22.3,-95.46,2026-08-10,21.99,24.584,YES
SXTC,2026-08-14,UNKNOWN,UNKNOWN,,3.3,0.0,327168.0,0.22,59.65,3.94,100.0,145.7,583.9,3.1,0,0,22.3,-95.16,2026-08-10,21.99,24.584,YES
SXTC,2026-08-17,UNKNOWN,UNKNOWN,,4.33,31.21,16110811.0,10.52,45.39,39.39,99.99,145.7,235.5,3.1,1,0,23.0,-93.24,2026-08-10,10.91,24.584,YES
SXTC,2026-08-18,UNKNOWN,UNKNOWN,,3.75,-13.39,490860.0,0.21,50.79,-12.7,100.0,145.7,235.5,3.1,2,0,22.9,-93.77,2026-08-10,22.84,24.584,YES
SXTC,2026-08-19,UNKNOWN,UNKNOWN,,5.13,36.8,13226088.0,5.6,38.38,27.73,99.99,145.7,235.5,3.1,3,0,24.1,-90.94,2026-08-10,7.57,24.584,YES
SXTC,2026-08-20,UNKNOWN,UNKNOWN,,4.54,-11.5,436468.0,0.14,39.73,-2.53,99.99,145.7,235.5,3.1,4,0,23.9,-91.48,2026-08-10,18.2,24.584,YES
SXTC,2026-08-21,UNKNOWN,UNKNOWN,,3.63,-20.04,272668.0,0.09,48.63,-5.51,100.0,145.7,235.5,3.1,5,0,23.6,-92.75,2026-08-10,34.59,24.584,YES
SXTC,2026-08-24,UNKNOWN,UNKNOWN,,4.1,12.95,2997987.0,1.0,38.28,5.51,100.0,145.7,235.5,3.1,6,0,24.1,-91.29,2026-08-10,26.13,24.584,YES
SXTC,2026-08-25,UNKNOWN,UNKNOWN,,3.8,-7.32,148446.0,0.05,32.18,-3.17,100.0,145.7,235.5,3.1,7,0,24.0,-91.42,2026-08-10,31.53,24.584,YES
SXTC,2026-08-26,UNKNOWN,UNKNOWN,,3.58,-5.79,178882.0,0.07,23.38,-7.89,100.0,145.7,103.6,3.1,8,0,23.9,-91.41,2026-08-10,35.5,24.584,YES
SXTC,2026-08-27,UNKNOWN,UNKNOWN,,3.56,-0.56,76858.0,0.03,21.57,0.28,100.0,145.7,79.0,3.1,9,0,23.9,-90.92,2026-08-10,35.86,24.584,YES
SXTC,2026-08-28,UNKNOWN,UNKNOWN,,3.46,-2.81,110956.0,0.04,20.25,1.69,100.0,145.7,79.0,3.1,10,0,23.9,-90.63,2026-08-10,37.66,24.584,YES
SXTC,2026-08-31,UNKNOWN,UNKNOWN,,3.0,-13.29,136756.0,0.06,21.88,-3.76,100.0,145.7,85.0,3.0,0,0,23.7,-91.36,2026-08-10,45.95,3.46,YES
SXTC,2026-09-01,UNKNOWN,UNKNOWN,,2.56,-14.67,166745.0,0.07,26.0,1.0,100.0,145.7,117.6,2.55,0,0,23.5,-92.16,2026-08-10,53.87,3.46,YES
SXTC,2026-09-02,UNKNOWN,UNKNOWN,,2.46,-3.91,129887.0,0.06,27.47,-0.39,100.0,145.7,134.2,2.37,0,0,23.4,-91.99,2026-08-10,55.68,3.46,YES
SXTC,2026-09-03,UNKNOWN,UNKNOWN,,2.22,-9.76,106509.0,0.05,30.44,1.63,100.0,145.7,169.4,2.06,0,0,23.3,-92.31,2026-08-10,60.0,3.46,YES
SXTC,2026-09-04,UNKNOWN,UNKNOWN,,2.2,-0.9,49728.0,0.03,26.27,0.94,100.0,145.7,169.4,2.06,1,0,23.3,-91.89,2026-08-10,60.36,3.46,YES
SXTC,2026-09-08,UNKNOWN,UNKNOWN,,2.23,1.36,50526.0,0.03,24.1,1.36,100.0,145.7,169.4,2.06,2,0,23.3,-91.27,2026-08-10,59.82,3.46,YES
SXTC,2026-09-09,UNKNOWN,UNKNOWN,,2.24,0.45,36915.0,0.02,18.7,4.48,100.0,145.7,169.4,2.06,3,0,23.3,-90.68,2026-08-10,59.64,3.46,YES
SXTC,2026-09-10,READY,READY,WA_20260918_31_SXTC,2.14,-4.46,51608.0,0.03,17.63,2.68,100.0,145.7,147.6,2.06,4,0,23.3,-90.54,2026-08-10,61.44,3.46,YES
SXTC,2026-09-11,ENTRY,ENTRY,X_20260918_24_SXTC,1.93,-9.81,99027.0,0.06,17.51,0.47,100.0,145.7,146.9,1.78,0,0,23.1,-90.93,2026-08-10,65.23,3.46,YES
SXTC,2026-09-14,UNKNOWN,ENTRY,,2.56,32.64,14162896.0,8.05,14.43,16.06,100.0,145.7,139.3,1.78,1,0,24.8,-87.25,2026-08-10,53.87,3.46,YES
SXTC,2026-09-15,UNKNOWN,ENTRY,,2.66,3.91,310782.0,0.13,14.12,-3.52,100.0,145.7,124.7,1.78,2,0,25.1,-85.97,2026-08-10,52.07,3.46,YES
SXTC,2026-09-16,UNKNOWN,ENTRY,,2.36,-11.28,123008.0,0.07,15.91,-4.89,100.0,145.7,112.9,1.78,3,0,24.8,-86.8,2026-08-10,57.48,3.46,YES
SXTC,2026-09-17,UNKNOWN,ENTRY,,2.19,-7.2,115225.0,0.07,17.44,-1.06,100.0,145.7,109.6,1.78,4,0,24.6,-87.02,2026-08-10,60.54,3.46,YES
SXTC,2026-09-18,UNKNOWN,ENTRY,,2.435,11.19,204166.0,0.21,16.16,6.85,100.0,145.7,103.9,1.78,5,0,25.4,-84.72,2026-08-10,56.13,3.46,YES
SXTC,2026-09-21,UNKNOWN,ENTRY,,2.4,-1.44,55677.0,0.06,15.53,-1.85,100.0,145.7,87.6,1.78,6,0,25.4,-84.07,2026-08-10,56.76,3.46,YES
SXTC,2026-09-22,UNKNOWN,ENTRY,,2.38,-0.83,60574.0,0.06,14.62,-2.08,100.0,145.7,71.3,1.78,7,0,25.4,-83.3,2026-08-10,57.12,3.46,YES
SXTC,2026-09-23,UNKNOWN,ENTRY,,2.47,3.78,66447.0,0.08,13.08,-2.94,100.0,145.7,68.5,1.78,8,0,25.7,-81.69,2026-08-10,55.5,3.46,YES
SXTC,2026-09-24,ENTRY,ENTRY,TG_58527,2.51,1.62,75240.0,0.09,12.55,0.0,100.0,145.7,68.5,1.78,9,0,25.9,-80.36,2026-08-10,54.77,3.46,YES
SXTC,2026-09-25,UNKNOWN,ENTRY,,2.55,1.59,41785.0,0.05,12.16,0.8,100.0,145.7,68.5,1.78,10,0,26.1,-78.96,2026-08-10,54.05,3.46,YES
SXTC,2026-09-28,UNKNOWN,ENTRY,,2.57,0.78,18173.0,0.02,11.94,-2.7,100.0,145.7,68.5,1.78,11,0,26.2,-77.66,2026-08-10,53.69,3.46,YES
SXTC,2026-09-29,UNKNOWN,ENTRY,,2.52,-1.95,42195.0,0.05,12.41,0.78,100.0,145.7,68.5,1.78,12,0,26.1,-76.93,2026-08-10,54.59,3.46,YES
SXTC,2026-09-30,UNKNOWN,ENTRY,,2.81,11.51,872785.0,1.09,12.58,-1.19,100.0,145.7,71.3,1.78,13,0,27.8,-72.98,2026-08-10,49.37,3.46,YES
SXTC,2026-10-01,UNKNOWN,ENTRY,,3.01,7.12,192473.0,0.23,11.63,-0.71,100.0,145.7,74.2,1.78,14,0,29.0,-69.67,2026-08-10,45.77,3.46,YES
SXTC,2026-10-02,UNKNOWN,ENTRY,,2.96,-1.66,299673.0,0.36,10.11,0.33,100.0,145.7,54.2,1.78,15,0,28.8,-68.76,2026-08-10,46.67,3.46,YES
SXTC,2026-10-05,UNKNOWN,ENTRY,,2.41,-18.58,779917.0,0.92,14.53,1.35,100.0,145.7,68.5,1.78,16,0,27.4,-73.28,2026-08-10,56.58,3.46,YES
SXTC,2026-10-06,UNKNOWN,ENTRY,,2.08,-13.69,950463.0,1.08,18.79,-4.15,100.0,145.7,112.3,1.54,0,0,26.5,-75.73,2026-08-10,62.52,3.46,YES
SXTC,2026-10-07,UNKNOWN,ENTRY,,1.25,-39.9,9547109.0,10.29,34.87,-1.92,100.0,145.7,177.1,1.18,0,0,24.5,-84.56,2026-08-10,77.48,3.46,YES
SXTC,2026-10-08,UNKNOWN,ENTRY,,2.83,126.4,146566948.0,104.43,35.62,155.2,100.0,145.7,712.7,1.18,1,0,34.9,-63.52,2026-08-10,70.49,24.584,YES
YMT,2026-08-07,UNKNOWN,UNKNOWN,,5.744,-17.24,78527.4375,0.79,22.03,-17.13,99.6,73.0,88.9,4.32,9,0,36.7,-31.18,2026-05-18,87.4,17.12,YES
YMT,2026-08-10,UNKNOWN,UNKNOWN,,5.56,-3.2,20386.1875,0.2,22.31,-2.9,99.62,73.0,88.9,4.32,10,0,35.8,-31.92,2026-05-18,87.81,17.12,YES
YMT,2026-08-11,UNKNOWN,UNKNOWN,,4.8,-13.67,4896725.75,81.53,26.61,-18.07,99.67,73.0,104.0,4.0,0,0,32.4,-39.62,2026-05-18,89.47,5.28,YES
YMT,2026-08-12,UNKNOWN,UNKNOWN,,3.5376,-26.3,162595.5625,0.53,36.35,-21.67,99.76,73.0,138.9,3.4144,0,0,27.7,-53.85,2026-05-18,92.24,4.0,YES
YMT,2026-08-13,UNKNOWN,UNKNOWN,,3.792,7.19,107294.5625,0.34,32.25,-4.93,99.74,73.0,145.6,3.2576,0,0,29.9,-48.86,2026-05-18,91.68,4.0,YES
YMT,2026-08-14,UNKNOWN,UNKNOWN,,3.64,-4.01,54651.5,0.17,28.79,-4.3,99.75,73.0,145.6,3.2576,1,0,29.3,-49.24,2026-05-18,92.02,4.0,YES
YMT,2026-08-17,UNKNOWN,UNKNOWN,,3.5952,-1.23,39609.3125,0.12,27.6,-5.36,99.75,73.0,145.6,3.2576,2,0,29.1,-48.2,2026-05-18,92.12,4.0,YES
YMT,2026-08-18,UNKNOWN,UNKNOWN,,3.5408,-1.51,41016.5625,0.13,27.33,-3.12,99.76,73.0,145.6,3.2576,3,0,28.9,-47.32,2026-05-18,92.24,4.0,YES
YMT,2026-08-19,UNKNOWN,UNKNOWN,,3.4144,-3.57,17213.8125,0.05,27.99,-5.15,99.76,73.0,146.3,3.248,0,2,28.3,-47.54,2026-05-18,92.51,4.0,YES
YMT,2026-08-20,UNKNOWN,UNKNOWN,,3.2752,-4.08,32077.75,0.1,29.04,-0.94,99.77,73.0,158.9,3.0896,0,0,27.7,-48.01,2026-05-18,92.82,4.0,YES
YMT,2026-08-21,UNKNOWN,UNKNOWN,,3.2544,-0.64,21611.0625,0.07,28.52,-5.91,99.49,73.0,164.3,3.0272,0,0,27.6,-46.68,2026-05-18,92.86,4.0,YES
YMT,2026-08-24,UNKNOWN,UNKNOWN,,3.328,2.26,17525.25,0.05,26.34,3.74,99.48,73.0,164.3,3.0272,1,0,28.6,-43.82,2026-05-18,92.7,4.0,YES
YMT,2026-08-25,UNKNOWN,UNKNOWN,,3.2032,-3.75,13796.25,0.05,24.93,0.77,99.49,73.0,164.3,3.0272,2,0,27.9,-44.28,2026-05-18,92.98,4.0,YES
YMT,2026-08-26,UNKNOWN,UNKNOWN,,3.056,-4.6,3215851.8125,10.81,26.32,1.45,99.51,73.0,209.4,2.5856,0,0,27.1,-45.18,2026-05-18,93.3,5.28,YES
YMT,2026-08-27,UNKNOWN,UNKNOWN,,3.232,5.76,898334.8125,1.96,21.11,-1.57,99.48,73.0,142.0,2.5856,1,0,29.8,-40.41,2026-05-18,92.91,5.28,YES
YMT,2026-08-28,UNKNOWN,UNKNOWN,,2.78,-13.99,2834715.0,5.64,25.17,-5.63,99.55,73.0,139.4,2.5,0,0,27.0,-47.08,2026-08-27,19.42,5.28,YES
YMT,2026-08-31,UNKNOWN,UNKNOWN,,2.81,1.08,424875.0,0.66,22.21,-1.08,99.53,73.0,106.8,2.5,1,0,27.5,-44.85,2026-08-27,18.55,5.28,YES
YMT,2026-09-01,UNKNOWN,UNKNOWN,,2.83,0.71,103340.0,0.16,19.11,1.78,99.52,73.0,106.8,2.5,2,0,27.8,-42.82,2026-08-27,17.97,5.28,YES
YMT,2026-09-02,UNKNOWN,UNKNOWN,,2.5,-11.66,118811.0,0.18,21.45,-6.01,99.57,73.0,123.9,2.31,0,0,25.7,-47.82,2026-08-27,27.54,5.28,YES
YMT,2026-09-03,UNKNOWN,UNKNOWN,,2.22,-11.2,92426.0,0.14,23.87,-8.29,99.61,73.0,139.4,2.16,0,0,24.0,-52.0,2026-08-27,35.65,5.28,YES
YMT,2026-09-04,WATCH,WATCH,X_20260905_10;X_20260918_85_YMT,1.89,-14.86,111432.0,0.17,28.68,-0.36,99.67,73.0,185.7,1.81,0,0,22.1,-57.52,2026-08-27,45.22,5.28,YES
YMT,2026-09-08,UNKNOWN,WATCH,,2.12,12.17,305464.0,0.46,27.08,-1.59,99.63,73.0,185.7,1.81,1,0,26.4,-50.68,2026-08-27,38.55,5.28,YES
YMT,2026-09-09,UNKNOWN,WATCH,,2.23,5.19,107039.0,0.16,26.15,-7.08,99.61,73.0,185.7,1.81,2,0,28.4,-46.46,2026-08-27,35.36,5.28,YES
YMT,2026-09-10,UNKNOWN,WATCH,,2.12,-4.93,81742.0,0.19,26.92,-2.24,99.63,73.0,185.7,1.81,3,0,27.6,-47.44,2026-08-27,38.55,5.28,YES
YMT,2026-09-11,UNKNOWN,WATCH,,2.2,3.77,28406.0,0.07,25.59,-1.42,99.62,73.0,185.7,1.81,4,0,29.2,-43.81,2026-08-27,36.23,5.28,YES
YMT,2026-09-14,UNKNOWN,WATCH,,2.24,1.82,31672.0,0.07,24.88,-1.36,99.61,73.0,185.7,1.81,5,0,30.0,-41.16,2026-08-27,35.07,5.28,YES
YMT,2026-09-15,UNKNOWN,WATCH,,2.2,-1.79,34729.0,0.08,25.19,0.0,99.62,73.0,185.7,1.81,6,0,29.6,-40.59,2026-08-27,36.23,5.28,YES
YMT,2026-09-16,UNKNOWN,WATCH,,2.02,-8.18,47811.0,0.11,19.11,0.0,99.65,73.0,185.7,1.81,7,0,28.0,-43.81,2026-08-27,41.45,5.28,YES
YMT,2026-09-17,UNKNOWN,WATCH,,2.06,1.98,43916.0,0.1,17.33,3.96,99.64,73.0,90.6,1.81,8,0,28.9,-41.07,2026-08-27,40.29,5.28,YES
YMT,2026-09-18,UNKNOWN,WATCH,,2.02,-1.94,62833.0,0.15,15.22,-4.37,99.65,73.0,90.6,1.81,9,0,28.5,-40.6,2026-08-27,41.45,5.28,YES
YMT,2026-09-21,UNKNOWN,WATCH,,2.0,-0.99,33107.0,0.08,14.07,-0.99,99.64,73.0,70.2,1.81,10,0,28.3,-39.58,2026-08-27,42.03,5.28,YES
YMT,2026-09-22,UNKNOWN,WATCH,,1.93,-3.5,21969.0,0.05,14.17,-5.0,99.65,73.0,58.0,1.81,11,0,27.5,-40.08,2026-08-27,44.06,5.28,YES
YMT,2026-09-23,UNKNOWN,WATCH,,2.03,5.18,1104427.0,2.56,12.17,3.63,99.62,73.0,48.1,1.81,12,0,30.5,-35.44,2026-08-27,41.16,5.28,YES
YMT,2026-09-24,UNKNOWN,WATCH,,1.84,-9.36,382015.0,0.79,13.89,-11.33,99.66,73.0,51.2,1.64,0,0,28.1,-39.87,2026-08-27,46.67,5.28,YES
YMT,2026-09-25,UNKNOWN,WATCH,,1.78,-3.26,98919.0,0.29,13.32,-7.07,99.67,73.0,51.2,1.64,1,0,27.4,-40.22,2026-08-27,48.41,5.28,YES
YMT,2026-09-28,UNKNOWN,WATCH,,1.81,1.69,258043.0,0.85,11.87,-0.56,99.66,73.0,51.2,1.64,2,0,28.4,-37.63,2026-08-27,47.54,5.28,YES
YMT,2026-09-29,UNKNOWN,WATCH,,1.77,-2.21,16078404.0,92.06,10.81,-1.1,99.67,73.0,45.7,1.64,3,0,27.8,-37.44,2026-08-27,48.7,5.28,YES
YMT,2026-09-30,UNKNOWN,WATCH,,1.79,1.13,30752977.0,32.12,14.2,22.03,99.66,73.0,64.0,1.61,0,0,28.6,-35.19,2026-08-27,48.12,5.28,YES
YMT,2026-10-01,UNKNOWN,WATCH,,1.25,-30.17,802755.0,0.32,22.91,-4.47,99.77,73.0,120.0,1.2,0,0,22.0,-53.09,2026-08-27,63.77,5.28,YES
YMT,2026-10-02,UNKNOWN,WATCH,,1.12,-10.4,292462.0,0.12,25.76,-6.4,99.79,73.0,144.7,1.0788,0,0,20.8,-56.33,2026-08-27,67.54,1.2,YES
YMT,2026-10-05,UNKNOWN,WATCH,,1.12,0.0,152754.0,0.06,25.22,-2.68,99.79,73.0,147.9,1.065,0,0,20.8,-54.69,2026-08-27,67.54,1.2,YES
YMT,2026-10-06,UNKNOWN,WATCH,,1.25,11.61,263732.0,0.1,22.39,-1.79,99.77,73.0,147.9,1.065,1,0,25.6,-47.76,2026-08-27,63.77,5.28,YES
YMT,2026-10-07,UNKNOWN,WATCH,,1.3,4.0,2359582.0,0.93,24.23,1.6,99.76,73.0,147.9,1.065,2,0,27.5,-44.02,2026-08-27,62.32,5.28,YES
YMT,2026-10-08,UNKNOWN,WATCH,,1.17,-10.0,238249.0,0.09,26.28,-2.31,99.78,73.0,147.9,1.065,3,0,25.7,-47.95,2026-08-27,66.09,5.28,YES
