GATE,FAISAL_FIRST_WALL,FAISAL_N,FAISAL_PASS_CURRENT,FAISAL_PASS_WITHOUT,NEG_N,NEG_PASS_CURRENT,NEG_PASS_WITHOUT,ANCHOR_DAYS,ANCHOR_PASS_WITHOUT,RESTORE_RATIO,NEG_INFLATION
M1,0,53,3,3,1320,299,299,160,3,0.0,1.0
M2_CEIL,7,53,3,3,1320,299,318,160,15,0.0,1.06
M2_FLOOR,1,53,3,3,1320,299,300,160,4,0.0,1.0
M3,13,53,3,4,1320,299,299,160,3,0.02,1.0
M4_RANGE,6,53,3,3,1320,299,312,160,4,0.0,1.04
M4_RISE,0,53,3,3,1320,299,299,160,3,0.0,1.0
M5,0,53,3,3,1320,299,299,160,3,0.0,1.0
RSI_OS,0,53,3,3,1320,299,299,160,3,0.0,1.0
RSI_NOW,1,53,3,3,1320,299,299,160,3,0.0,1.0
SOFT,0,53,3,3,1320,299,299,160,3,0.0,1.0
ANCHOR,20,53,3,23,1320,299,914,160,57,0.4,3.06
SCORE,0,53,3,3,1320,299,299,160,3,0.0,1.0
