TICKER,ANCHOR,n_obs,n_days,first,last,span_sessions,max_consecutive_obs,n_chains,n_state_changes,state_sequence,sessions_in_FOCUS_or_WATCH,watch_to_ready,focus_to_watch,ready_to_entry,watch_to_entry,bot_cand_days,bot_cand_max_run,bot_cand_runs,bot_watch_days,bot_watch_max_run,bot_ready_days,bot_ready_max_run,bot_known_days
AMIX,0,1,1,2026-08-24,2026-08-24,1,1,1,0,ENTRY,0,,,,,0,0,0,0,0,0,0,1
BETA,0,1,1,2026-04-05,2026-04-05,1,1,1,0,WATCH,1,,,,,0,0,0,0,0,0,0,0
BRTX,0,1,1,2026-10-03,2026-10-03,1,1,1,0,WATCH,1,,,,,0,0,0,0,0,0,0,0
CANF,0,3,3,2026-07-20,2026-08-01,11,2,2,0,WATCH→WATCH→WATCH,3,,,,,0,0,0,0,0,0,0,10
CDIO,0,1,1,2026-01-28,2026-01-28,1,1,1,0,WATCH,1,,,,,0,0,0,0,0,0,0,1
CETX,0,1,1,2026-09-13,2026-09-13,1,1,1,0,FOCUS,1,,,,,0,0,0,0,0,0,0,0
CIIT,0,2,2,2026-09-25,2026-09-26,2,2,1,0,WATCH→WATCH,2,,,,,0,0,0,0,0,0,0,1
CRE,0,1,1,2025-08-02,2025-08-02,1,1,1,0,ENTRY,0,,,,,0,0,0,0,0,0,0,0
CUPR,0,1,1,2026-09-13,2026-09-13,1,1,1,0,FOCUS,1,,,,,0,0,0,0,0,0,0,0
DCOY,0,1,1,2026-09-22,2026-09-22,1,1,1,0,WATCH,1,,,,,0,0,0,0,0,0,0,1
DKI,1,1,1,2026-09-13,2026-09-13,1,1,1,0,FOCUS,1,,,,,0,0,0,0,0,0,0,0
DXST,0,2,2,2026-06-16,2026-08-04,34,1,2,0,WATCH→WATCH,2,,,,,14,14,1,0,0,0,0,34
EDBL,0,1,1,2026-09-22,2026-09-22,1,1,1,0,WATCH,1,,,,,0,0,0,0,0,0,0,1
EHGO,0,1,1,2026-05-22,2026-05-22,1,1,1,0,WATCH,1,,,,,0,0,0,0,0,0,0,1
ELAB,0,1,1,2026-04-12,2026-04-12,1,1,1,0,WATCH,1,,,,,0,0,0,0,0,0,0,0
ELPW,0,1,1,2026-01-22,2026-01-22,1,1,1,0,WATCH,1,,,,,0,0,0,0,0,0,0,1
FRSX,0,1,1,2026-03-28,2026-03-28,1,1,1,0,WATCH,1,,,,,0,0,0,0,0,0,0,0
GCTK,0,1,1,2026-09-24,2026-09-24,1,1,1,0,READY,0,,,,,0,0,0,0,0,0,0,1
HUBC,1,1,1,2026-04-24,2026-04-24,1,1,1,0,WATCH,1,,,,,0,0,0,0,0,0,0,1
IPDN,0,1,1,2026-09-23,2026-09-23,1,1,1,0,WATCH,1,,,,,0,0,0,0,0,0,0,1
LIMN,0,1,1,2026-09-22,2026-09-22,1,1,1,0,WATCH,1,,,,,1,1,1,0,0,0,0,1
MNDR,0,1,1,2026-07-31,2026-07-31,1,1,1,0,WATCH,1,,,,,0,0,0,0,0,0,0,1
MSGY,0,1,1,2026-09-13,2026-09-13,1,1,1,0,FOCUS,1,,,,,0,0,0,0,0,0,0,0
NRSN,0,1,1,2026-09-27,2026-09-27,1,1,1,0,WATCH,1,,,,,0,0,0,0,0,0,0,0
NUWE,0,2,2,2026-07-28,2026-09-04,29,1,2,0,WATCH→WATCH,2,,,,,0,0,0,0,0,0,0,29
OMH,0,1,1,2026-09-26,2026-09-26,1,1,1,0,WATCH,1,,,,,0,0,0,0,0,0,0,0
ONCO,0,2,2,2026-07-26,2026-07-27,1,2,1,0,WATCH→WATCH,2,,,,,0,0,0,0,0,0,0,1
PIII,0,1,1,2026-05-16,2026-05-16,1,1,1,0,READY,0,,,,,0,0,0,0,0,0,0,0
PPBT,0,1,1,2026-09-04,2026-09-04,1,1,1,0,WATCH,1,,,,,0,0,0,0,0,0,0,1
SLXN,0,1,1,2026-08-06,2026-08-06,1,1,1,0,WATCH,1,,,,,0,0,0,0,0,0,0,1
SMX,0,2,2,2026-04-25,2026-05-24,21,1,2,0,WATCH→WATCH,2,,,,,0,0,0,0,0,0,0,20
SPRC,0,2,2,2026-07-17,2026-07-20,2,2,1,1,READY→WATCH,1,-1,,,,0,0,0,0,0,0,0,2
STKH,0,1,1,2026-09-04,2026-09-04,1,1,1,0,WATCH,1,,,,,0,0,0,0,0,0,0,1
SVRE,0,1,1,2026-09-13,2026-09-13,1,1,1,0,FOCUS,1,,,,,0,0,0,0,0,0,0,0
SXTC,1,4,4,2026-09-10,2026-09-24,11,3,2,3,READY→ENTRY→FOCUS→ENTRY,1,,,1,,0,0,0,0,0,0,0,11
TRUG,0,1,1,2026-03-30,2026-03-30,1,1,1,0,WATCH,1,,,,,0,0,0,0,0,0,0,1
UPC,0,1,1,2026-07-31,2026-07-31,1,1,1,0,READY,0,,,,,0,0,0,0,0,0,0,1
WORX,0,1,1,2026-04-11,2026-04-11,1,1,1,0,WATCH,1,,,,,0,0,0,0,0,0,0,0
YMT,0,2,2,2026-09-04,2026-09-13,6,1,2,1,WATCH→FOCUS,2,,-5,,,0,0,0,0,0,0,0,5
ZCMD,0,1,1,2026-07-02,2026-07-02,1,1,1,0,WATCH,1,,,,,0,0,0,0,0,0,0,1
ZNB,0,1,1,2026-08-01,2026-08-01,1,1,1,0,WATCH,1,,,,,0,0,0,0,0,0,0,0
