case,ticker,T,source_ref,eligibility,in_universe,bars_source,first_gate,first_gate_id,first_reason,value,threshold,frozen_bot_res,frozen_bot_gate,replay_matches_frozen,chain,never_ran,case_artifact,case_artifact_reason,bot_operational_list,post_scan_gates,evidence_needed,nbars,last_bar,price,drop_adj_pct,drop_post_split_pct,base_range_pct,reverse_split_in_base,best_spike_pct,rsi_now,tested_touches,last_reverse_split,unadjusted_splits,classification
AMIX_E1,AMIX,2026-08-24,X_20260827_amix_hcwb_ready:s2,ELIGIBLE,1,rank,M4_RANGE,M4_RANGE,M4_base_واسعة,703.9088,BASE_RANGE_MAX_PCT 120,REJECT,M4_RANGE,1,M4_RANGE → ANCHOR → PASS,M4_RISE · M5 · RSI_OS · RSI_NOW · SOFT · NEAR · SCORE · ANCHOR · RR · M13/M14/TIER · DQ · CAPACITY/FILL · BORROW · ENTRY_STATUS,,,0,,"a Faisal statement of a base-width limit (none found); for artefacts, a split-aware window already exists as a research arm",579,2026-08-21,5.27,83.8095,78.6467,703.9088,False,189.4737,44.6714,1,2026-06-24,,PARTIAL_OR_CONCEPT_ONLY_SUPPORT
ATPC_E1,ATPC,2026-09-14,X_20260918_23_watchlist:s1,ELIGIBLE,1,rank,ANCHOR,ANCHOR_TWO_TOUCH,M_لا_مستوى_مختبر,1,≥2 independent touches of the 30-bar low (±1.5%),REJECT,ANCHOR,1,ANCHOR → PASS,RR · M13/M14/TIER · DQ · CAPACITY/FILL · BORROW · ENTRY_STATUS,,,0,,frozen by the H6 control-pool dependency and the perf verdict; prospective H6 evidence is the admissible route,592,2026-09-11,2.3799,96.762,72.0012,7.7922,False,208.7432,46.2253,1,2026-02-10,,PARTIAL_OR_CONCEPT_ONLY_SUPPORT
BRTX_E1,BRTX,2026-10-05,TG_58402:s1,ELIGIBLE,1,rank,ANCHOR,ANCHOR_TWO_TOUCH,M_لا_مستوى_مختبر,1,≥2 independent touches of the 30-bar low (±1.5%),REJECT,ANCHOR,1,ANCHOR → PASS,RR · M13/M14/TIER · DQ · CAPACITY/FILL · BORROW · ENTRY_STATUS,,,0,,frozen by the H6 control-pool dependency and the perf verdict; prospective H6 evidence is the admissible route,608,2026-10-02,2.14,93.815,33.7461,36.8598,False,182.0966,21.9177,1,2026-09-08,,PARTIAL_OR_CONCEPT_ONLY_SUPPORT
CETX_E1,CETX,2026-09-14,X_20260918_23_watchlist:s1,ELIGIBLE,1,rank,PASS,PASS,,,,PASS,,1, → PASS,,,,1,M13/M14/borrow/DQ/capacity: point-in-time UNKNOWN (inputs not archived),point-in-time float / borrow / short at T (not archived for history) to replay the post-scan gates,593,2026-09-11,2.43,98.0691,67.6,16.6667,False,171.1538,34.7521,2,2026-06-05,,PASS
CIIT_E1,CIIT,2026-09-25,X_20260827_ciit_targets:s2,ELIGIBLE,1,rank,ANCHOR,ANCHOR_TWO_TOUCH,M_لا_مستوى_مختبر,1,≥2 independent touches of the 30-bar low (±1.5%),REJECT,ANCHOR,1,ANCHOR → PASS,RR · M13/M14/TIER · DQ · CAPACITY/FILL · BORROW · ENTRY_STATUS,,,0,,frozen by the H6 control-pool dependency and the perf verdict; prospective H6 evidence is the admissible route,450,2026-09-24,2.785,96.0994,31.9054,45.5752,False,438,44.7939,1,2026-07-20,,PARTIAL_OR_CONCEPT_ONLY_SUPPORT
CUPR_E1,CUPR,2026-09-14,X_20260918_23_watchlist:s1,ELIGIBLE,1,rank,ANCHOR,ANCHOR_TWO_TOUCH,M_لا_مستوى_مختبر,1,≥2 independent touches of the 30-bar low (±1.5%),REJECT,ANCHOR,1,ANCHOR → PASS,RR · M13/M14/TIER · DQ · CAPACITY/FILL · BORROW · ENTRY_STATUS,,,0,,frozen by the H6 control-pool dependency and the perf verdict; prospective H6 evidence is the admissible route,357,2026-09-11,3.15,78.7162,78.7162,29.771,False,328.7316,51.419,1,2026-05-27,,PARTIAL_OR_CONCEPT_ONLY_SUPPORT
DCOY_E1,DCOY,2026-09-22,TG_50578:s2,ELIGIBLE,1,rank,ANCHOR,ANCHOR_TWO_TOUCH,M_لا_مستوى_مختبر,1,≥2 independent touches of the 30-bar low (±1.5%),REJECT,ANCHOR,1,ANCHOR → PASS,RR · M13/M14/TIER · DQ · CAPACITY/FILL · BORROW · ENTRY_STATUS,,,0,,frozen by the H6 control-pool dependency and the perf verdict; prospective H6 evidence is the admissible route,599,2026-09-21,2.56,95.422,81.0511,50.9174,False,200.8197,31.6279,1,2026-03-09,,PARTIAL_OR_CONCEPT_ONLY_SUPPORT
DKI_E1,DKI,2026-09-14,X_20260918_23_watchlist:s1,ELIGIBLE,1,rank,ANCHOR,ANCHOR_TWO_TOUCH,M_لا_مستوى_مختبر,1,≥2 independent touches of the 30-bar low (±1.5%),REJECT,ANCHOR,1,ANCHOR → PASS,RR · M13/M14/TIER · DQ · CAPACITY/FILL · BORROW · ENTRY_STATUS,,,0,,frozen by the H6 control-pool dependency and the perf verdict; prospective H6 evidence is the admissible route,275,2026-09-11,2.66,98.5911,,85.3405,False,228.1335,29.3145,1,,,PARTIAL_OR_CONCEPT_ONLY_SUPPORT
EDBL_E1,EDBL,2026-09-22,,EXCLUDED,1,rank,ANCHOR,ANCHOR_TWO_TOUCH,M_لا_مستوى_مختبر,1,≥2 independent touches of the 30-bar low (±1.5%),REJECT,ANCHOR,1,ANCHOR → PASS,RR · M13/M14/TIER · DQ · CAPACITY/FILL · BORROW · ENTRY_STATUS,,,0,,frozen by the H6 control-pool dependency and the perf verdict; prospective H6 evidence is the admissible route,599,2026-09-21,1.35,99.8921,84.3023,23.8095,False,164.0212,27.2306,1,2026-07-13,,PARTIAL_OR_CONCEPT_ONLY_SUPPORT
GCTK_E1,GCTK,2026-09-24,TG_57890:s1,ELIGIBLE,1,rank,ANCHOR,ANCHOR_TWO_TOUCH,M_لا_مستوى_مختبر,1,≥2 independent touches of the 30-bar low (±1.5%),REJECT,ANCHOR,1,ANCHOR → PASS,RR · M13/M14/TIER · DQ · CAPACITY/FILL · BORROW · ENTRY_STATUS,,,0,,frozen by the H6 control-pool dependency and the perf verdict; prospective H6 evidence is the admissible route,601,2026-09-23,2.03,98.5105,53.4404,99.2241,False,173.6842,29.9575,1,2026-08-31,,PARTIAL_OR_CONCEPT_ONLY_SUPPORT
IPDN_E1,IPDN,2026-09-23,TG_50833:s2,ELIGIBLE,1,rank,M4_RANGE,M4_RANGE,M4_base_واسعة,122.9428,BASE_RANGE_MAX_PCT 120,REJECT,M4_RANGE,1,M4_RANGE → ANCHOR → PASS,M4_RISE · M5 · RSI_OS · RSI_NOW · SOFT · NEAR · SCORE · ANCHOR · RR · M13/M14/TIER · DQ · CAPACITY/FILL · BORROW · ENTRY_STATUS,,"a reverse split falls inside the 15-bar window but the series is adjusted at that date (no jump): the range is genuine price action, not an adjustment artefact",0,,"a Faisal statement of a base-width limit (none found); for artefacts, a split-aware window already exists as a research arm",600,2026-09-22,3.9,97.4359,7.1429,122.9428,True,397.7901,38.1303,1,2026-09-14,,PARTIAL_OR_CONCEPT_ONLY_SUPPORT
LABT_E1,LABT,2026-08-24,X_20260827_labt_supports_wait:s1,ELIGIBLE,1,rank,DEPTH,D_DEPTH,MIN_BARS,84,MIN_BARS 120,TOO_FEW_BARS,DEPTH,1,DEPTH → ANCHOR → PASS,M1 · M2_CEIL · M2_FLOOR · M3 · M4_RANGE · M4_RISE · M5 · RSI_OS · RSI_NOW · SOFT · NEAR · SCORE · ANCHOR · RR · M13/M14/TIER · DQ · CAPACITY/FILL · BORROW · ENTRY_STATUS,,,0,,Faisal's frame for short post-split histories (TG_1807/TG_1811 describe it); a prereg for a post-split depth rule,84,2026-08-21,2.24,97.7189,67.2993,28.1128,False,84.3243,32.0453,1,2026-06-22,,PARTIAL_OR_CONCEPT_ONLY_SUPPORT
LIMN_E1,LIMN,2026-09-22,TG_50585:s1,ELIGIBLE,1,rank,PASS,PASS,,,,PASS,,1, → PASS,,,,1,M13/M14/borrow/DQ/capacity: point-in-time UNKNOWN (inputs not archived),point-in-time float / borrow / short at T (not archived for history) to replay the post-scan gates,430,2026-09-21,3.64,97.4276,38.0489,29.4833,False,484.8684,39.8381,2,2026-08-21,,PASS
MI_E1,MI,2026-09-28,TG_58387:s1,ELIGIBLE,0,universe_test,UNIVERSE,U_NASDAQ,not in nasdaqlisted snapshot,,,,,,UNIVERSE → M3 → PASS,DEPTH · M1 · M2_CEIL · M2_FLOOR · M3 · M4_RANGE · M4_RISE · M5 · RSI_OS · RSI_NOW · SOFT · NEAR · SCORE · ANCHOR · RR · M13/M14/TIER · DQ · CAPACITY/FILL · BORROW · ENTRY_STATUS,,,,,listing venue of the symbol at T and an owner decision on the universe scope,430,2026-09-25,2.27,99.5765,,30.198,False,75.5817,30.5387,2,,,EXPLICIT_OWNER_REQUIREMENT
MSGY_E1,MSGY,2026-09-14,X_20260905_12:s1,ELIGIBLE,1,rank,ANCHOR,ANCHOR_TWO_TOUCH,M_لا_مستوى_مختبر,1,≥2 independent touches of the 30-bar low (±1.5%),REJECT,ANCHOR,1,ANCHOR → PASS,RR · M13/M14/TIER · DQ · CAPACITY/FILL · BORROW · ENTRY_STATUS,,,0,,frozen by the H6 control-pool dependency and the perf verdict; prospective H6 evidence is the admissible route,298,2026-09-11,2.08,98.8288,64.6252,50.289,False,205.2632,44.713,1,2026-08-11,,PARTIAL_OR_CONCEPT_ONLY_SUPPORT
NRSN_E1,NRSN,2026-09-28,TG_57867:s1,ELIGIBLE,1,rank,ANCHOR,ANCHOR_TWO_TOUCH,M_لا_مستوى_مختبر,1,≥2 independent touches of the 30-bar low (±1.5%),REJECT,ANCHOR,1,ANCHOR → PASS,RR · M13/M14/TIER · DQ · CAPACITY/FILL · BORROW · ENTRY_STATUS,,,0,,frozen by the H6 control-pool dependency and the perf verdict; prospective H6 evidence is the admissible route,603,2026-09-25,6.95,73.9095,7.3333,87.75,True,104.4503,42.3165,1,2026-09-14,,PARTIAL_OR_CONCEPT_ONLY_SUPPORT
NUWE_E1,NUWE,2026-09-04,,EXCLUDED,1,rank,ANCHOR,ANCHOR_TWO_TOUCH,M_لا_مستوى_مختبر,1,≥2 independent touches of the 30-bar low (±1.5%),REJECT,ANCHOR,1,ANCHOR → PASS,RR · M13/M14/TIER · DQ · CAPACITY/FILL · BORROW · ENTRY_STATUS,,,0,,frozen by the H6 control-pool dependency and the perf verdict; prospective H6 evidence is the admissible route,588,2026-09-03,0.7347,99.5986,88.5201,92.6322,False,140.8046,28.5794,1,2026-06-26,,PARTIAL_OR_CONCEPT_ONLY_SUPPORT
OMH_E1,OMH,2026-09-28,TG_57870:s1,ELIGIBLE,1,rank,ANCHOR,ANCHOR_TWO_TOUCH,M_لا_مستوى_مختبر,1,≥2 independent touches of the 30-bar low (±1.5%),REJECT,ANCHOR,1,ANCHOR → PASS,RR · M13/M14/TIER · DQ · CAPACITY/FILL · BORROW · ENTRY_STATUS,,,0,,frozen by the H6 control-pool dependency and the perf verdict; prospective H6 evidence is the admissible route,603,2026-09-25,2.35,97.8539,37.3333,50.7317,False,299.3372,36.3408,1,2026-08-31,,PARTIAL_OR_CONCEPT_ONLY_SUPPORT
PPBT_E1,PPBT,2026-09-04,X_20260905_02:s1,ELIGIBLE,1,rank,RSI_NOW,M10_RSI_NOW,M10_RSI_فات_القطار,71.8977,RSI_NOW_HARD 71.1186,REJECT,RSI_NOW,1,RSI_NOW → ANCHOR → PASS,SOFT · NEAR · SCORE · ANCHOR · RR · M13/M14/TIER · DQ · CAPACITY/FILL · BORROW · ENTRY_STATUS,,,0,,his RSI reading at T (closed RSI axis),588,2026-09-03,1.98,85.9574,61.7761,79.6864,False,283.5616,71.8977,1,2026-03-02,,PARTIAL_OR_CONCEPT_ONLY_SUPPORT
STKH_E1,STKH,2026-09-04,,EXCLUDED,1,rank,M4_RANGE,M4_RANGE,M4_base_واسعة,172.2944,BASE_RANGE_MAX_PCT 120,REJECT,M4_RANGE,1,M4_RANGE → ANCHOR → PASS,M4_RISE · M5 · RSI_OS · RSI_NOW · SOFT · NEAR · SCORE · ANCHOR · RR · M13/M14/TIER · DQ · CAPACITY/FILL · BORROW · ENTRY_STATUS,,,0,,"a Faisal statement of a base-width limit (none found); for artefacts, a split-aware window already exists as a research arm",588,2026-09-03,2.42,88.4266,65.9155,172.2944,False,239.1702,43.1234,1,2026-07-27,,PARTIAL_OR_CONCEPT_ONLY_SUPPORT
SVRE_E1,SVRE,2026-09-14,X_20260918_23_watchlist:s1,ELIGIBLE,1,rank,ANCHOR,ANCHOR_TWO_TOUCH,M_لا_مستوى_مختبر,1,≥2 independent touches of the 30-bar low (±1.5%),REJECT,ANCHOR,1,ANCHOR → PASS,RR · M13/M14/TIER · DQ · CAPACITY/FILL · BORROW · ENTRY_STATUS,,,0,,frozen by the H6 control-pool dependency and the perf verdict; prospective H6 evidence is the admissible route,593,2026-09-11,2.42,89.386,61.5867,44.3983,False,78.2738,33.5629,1,2026-02-25,,PARTIAL_OR_CONCEPT_ONLY_SUPPORT
SXTC_E1,SXTC,2026-09-10,WA_20260918_31_SXTC:s1,EXCLUDED,1,rank,M2_CEIL,M2_CEIL,M2_هبوط_فوق_97,99.9974,MAX_DROP_PCT 99.95,REJECT,M2_CEIL,1,M2_CEIL → M4_RANGE → ANCHOR → PASS,M2_FLOOR · M3 · M4_RANGE · M4_RISE · M5 · RSI_OS · RSI_NOW · SOFT · NEAR · SCORE · ANCHOR · RR · M13/M14/TIER · DQ · CAPACITY/FILL · BORROW · ENTRY_STATUS,,"post-split drop 61.4414% is below the floor 71.7203: excluded in either frame — the ceiling name is an adjustment misnomer, not the decisive reason",0,,closed axis (owner «خلّ السقف»); only the owner can reopen — evidence would be Faisal's own drop reference at T,591,2026-09-09,2.14,99.9974,61.4414,147.5728,False,145.7276,23.2706,1,2026-08-10,,EXPLICIT_OWNER_REQUIREMENT
YMT_E1,YMT,2026-09-04,X_20260918_85_YMT:s1,ELIGIBLE,1,rank,M3,M3_FLOOR,M3_انفجار_تحت_60,72.9819,PRIOR_SPIKE_FLOOR 78.2738,REJECT,M3,1,M3 → M4_RANGE → ANCHOR → PASS,M4_RANGE · M4_RISE · M5 · RSI_OS · RSI_NOW · SOFT · NEAR · SCORE · ANCHOR · RR · M13/M14/TIER · DQ · CAPACITY/FILL · BORROW · ENTRY_STATUS,,,0,,a Faisal statement on the size/window of the prior explosion (the «100٪» text is about the target),263,2026-09-03,1.89,99.6719,45.2174,185.7017,True,72.9819,22.1283,1,2026-08-27,,PARTIAL_OR_CONCEPT_ONLY_SUPPORT
HUBC_2026-04-24,HUBC,2026-04-24,TG_2098,ANCHOR_CASE,1,rank,M4_RANGE,M4_RANGE,M4_base_واسعة,1012.8931,BASE_RANGE_MAX_PCT 120,,,,M4_RANGE → ANCHOR → PASS,M4_RISE · M5 · RSI_OS · RSI_NOW · SOFT · NEAR · SCORE · ANCHOR · RR · M13/M14/TIER · DQ · CAPACITY/FILL · BORROW · ENTRY_STATUS,,"a reverse split falls inside the 15-bar window but the series is adjusted at that date (no jump): the range is genuine price action, not an adjustment artefact",,,"a Faisal statement of a base-width limit (none found); for artefacts, a split-aware window already exists as a research arm",496,2026-04-23,870.0,99.9476,75.1429,1012.8931,True,190.6379,30.3622,1,2026-04-20,,PARTIAL_OR_CONCEPT_ONLY_SUPPORT
