ticker,set,day,engine_first,base_first,engine_lead,base_lead,scanned
GRML,discovery,2025-08-04,2025-07-30,,3,,61
AZI,discovery,2025-08-04,2025-07-10,,17,,61
CSAI,discovery,2025-08-04,2025-07-24,2025-07-24,7,7,54
WCT,discovery,2025-08-04,2025-06-27,,25,,61
RETO,discovery,2026-01-22,2025-10-24,2025-10-24,60,60,1
FTFT,discovery,2026-01-22,2025-11-05,2025-11-17,52,44,17
IPST,discovery,2026-01-22,2025-10-31,2025-12-16,55,24,37
YYAI,discovery,2026-01-22,2025-11-25,2025-12-02,38,34,27
GVH,discovery,2026-01-28,2025-10-30,2025-11-19,60,46,15
INDP,discovery,2026-01-28,2025-10-30,2025-11-05,60,56,5
MKDW,discovery,2026-01-28,2025-10-30,2025-10-30,60,60,1
QCLS,discovery,2026-01-28,2025-12-29,2026-01-26,20,2,59
BNKK,discovery,2026-03-30,2026-01-05,2026-02-17,58,29,32
CNSP,discovery,2026-03-30,2025-12-31,2026-01-07,60,56,5
BENF,discovery,2026-03-30,2026-02-20,,26,,61
BGMS,discovery,2026-03-30,2025-12-31,2026-01-09,60,54,7
FCUV,discovery,2026-03-30,2026-01-20,2026-03-04,48,18,43
ZSTK,discovery,2026-03-30,2026-02-23,2026-02-23,25,25,36
ERNA,discovery,2026-03-30,2025-12-31,2026-03-02,60,20,41
RETO,discovery,2026-03-30,2025-12-31,2026-02-10,60,33,28
CGTL,discovery,2026-04-06,2026-01-07,,60,,61
KELYB,discovery,2026-04-06,2026-03-03,2026-03-20,23,10,51
MEDS,discovery,2026-04-06,2026-01-07,2026-02-03,60,42,19
GTBP,discovery,2026-04-06,2026-01-07,2026-01-22,60,50,11
BIAF,discovery,2026-04-13,2026-01-14,2026-02-02,60,48,13
LRHC,discovery,2026-04-13,2026-01-14,2026-03-31,60,8,53
HTCO,discovery,2026-04-13,2026-01-14,2026-02-06,60,44,17
AEHL,discovery,2026-04-13,2026-01-22,2026-01-30,55,49,12
WKHS,discovery,2026-04-13,2026-01-14,2026-01-20,60,57,4
TAOP,discovery,2026-04-13,2026-01-14,2026-02-13,60,39,22
TGL,discovery,2026-04-13,2026-01-14,2026-03-20,60,15,46
FRGT,discovery,2026-04-13,2026-01-14,2026-03-03,60,28,33
ARTL,discovery,2026-04-27,2026-01-29,,60,,61
BIAF,discovery,2026-04-27,2026-01-29,2026-02-02,60,58,3
BRNX,discovery,2026-04-27,2026-01-29,2026-04-01,60,17,44
ASST,discovery,2026-04-27,2026-01-29,2026-04-27,60,0,61
WSHP,discovery,2026-05-18,2026-05-11,2026-05-11,5,5,56
NFE,discovery,2026-05-18,2026-02-20,2026-02-25,60,57,4
AMOD,discovery,2026-05-18,2026-02-27,2026-03-16,55,44,17
ALP,discovery,2026-05-18,2026-02-20,2026-03-09,60,49,12
AZI,discovery,2026-05-22,2026-03-06,2026-04-22,54,22,39
BTTC,discovery,2026-05-22,2026-02-26,2026-02-26,60,60,1
GDHG,discovery,2026-05-22,2026-02-26,,60,,61
CCHH,discovery,2026-05-22,2026-03-27,2026-04-21,39,23,38
EEIQ,discovery,2026-06-16,2026-03-20,2026-05-14,60,22,39
AIFA,discovery,2026-06-16,2026-03-20,2026-03-20,60,60,1
PMAX,discovery,2026-06-16,2026-04-06,2026-06-11,50,3,58
FRGT,discovery,2026-06-16,2026-03-20,2026-03-20,60,60,1
LHSW,discovery,2026-07-02,2026-04-07,2026-04-08,60,59,2
HTCO,discovery,2026-07-02,2026-04-07,,60,,61
FRGT,discovery,2026-07-02,2026-04-07,2026-04-30,60,43,18
TDIC,discovery,2026-07-02,2026-04-07,2026-07-02,60,0,61
WCT,discovery,2026-07-17,2026-04-21,,60,,61
LRHC,discovery,2026-07-17,2026-05-07,,48,,61
YYAI,discovery,2026-07-17,2026-04-21,2026-05-05,60,50,11
AEMD,discovery,2026-07-17,2026-04-21,2026-05-18,60,41,20
GIPR,discovery,2026-07-20,2026-04-22,2026-06-24,60,17,44
JZ,discovery,2026-07-20,2026-04-22,,60,,61
FCUV,discovery,2026-07-20,2026-05-08,2026-05-08,48,48,13
FRGT,discovery,2026-07-20,2026-04-22,2026-04-30,60,54,7
CYPH,discovery,2026-07-27,2026-04-29,,60,,61
BEAT,discovery,2026-07-27,2026-04-29,2026-04-29,60,60,1
CLIK,discovery,2026-07-27,2026-04-30,2026-07-01,59,17,44
BTCT,discovery,2026-07-27,2026-04-29,2026-05-13,60,50,11
WCT,discovery,2026-07-28,2026-04-30,,60,,61
FRGT,discovery,2026-07-28,2026-04-30,2026-04-30,60,60,1
NIVF,discovery,2026-07-28,2026-04-30,2026-07-24,60,2,59
HCTI,discovery,2026-07-28,2026-05-18,2026-05-18,48,48,13
WCT,discovery,2026-07-31,2026-05-05,,60,,61
FRGT,discovery,2026-07-31,2026-05-05,2026-07-24,60,5,56
SXTP,discovery,2026-07-31,2026-05-05,2026-05-12,60,55,6
MGN,discovery,2026-07-31,2026-05-05,2026-05-20,60,49,12
NXXT,discovery,2026-07-31,2026-06-18,2026-07-09,29,16,45
SUNE,discovery,2026-07-31,2026-07-02,,20,,61
TNMG,discovery,2026-07-31,2026-05-06,2026-05-12,59,55,6
YDES,discovery,2026-07-31,2026-05-05,2026-06-09,60,36,25
JZ,discovery,2026-08-03,2026-05-06,,60,,61
TNMG,discovery,2026-08-03,2026-05-06,2026-05-12,60,56,5
LHSW,discovery,2026-08-03,2026-05-06,,60,,61
CPOP,discovery,2026-08-03,2026-05-06,2026-05-06,60,60,1
MEDS,discovery,2026-08-06,2026-05-11,2026-06-24,60,30,31
FTFT,discovery,2026-08-06,2026-05-11,2026-06-04,60,43,18
JZ,discovery,2026-08-06,2026-05-11,,60,,61
WCT,discovery,2026-08-06,2026-05-11,,60,,61
AEHL,discovery,2026-08-24,2026-06-15,,48,,61
CSAI,discovery,2026-08-24,2026-05-28,2026-06-03,60,56,5
BIAF,discovery,2026-08-24,2026-05-28,2026-07-07,60,34,27
VWAV,discovery,2026-08-24,2026-05-28,2026-06-11,60,50,11
TGL,validation,2026-09-04,2026-06-10,2026-06-25,60,50,11
CGTL,validation,2026-09-04,2026-07-02,2026-07-17,45,35,26
AIFA,validation,2026-09-04,2026-06-16,,56,,61
CPOP,validation,2026-09-04,2026-07-29,2026-09-02,27,2,59
AEMD,validation,2026-09-04,2026-06-10,2026-07-20,60,34,27
TNMG,validation,2026-09-04,2026-06-10,2026-06-15,60,57,4
LHSW,validation,2026-09-04,2026-06-10,2026-08-17,60,14,47
FRGT,validation,2026-09-04,2026-06-10,2026-07-24,60,30,31
AEMD,validation,2026-09-04,2026-06-10,2026-07-20,60,34,27
TNMG,validation,2026-09-04,2026-06-10,2026-06-15,60,57,4
LHSW,validation,2026-09-04,2026-06-10,2026-08-17,60,14,47
FRGT,validation,2026-09-04,2026-06-10,2026-07-24,60,30,31
TDIC,validation,2026-09-14,2026-07-02,2026-07-02,50,50,11
CCHH,validation,2026-09-14,2026-07-07,2026-09-14,48,0,61
AIFA,validation,2026-09-14,2026-06-17,,60,,61
RAYA,validation,2026-09-14,2026-07-22,2026-07-22,37,37,24
CURX,validation,2026-09-14,2026-06-17,2026-06-17,60,60,1
ERNA,validation,2026-09-14,2026-06-17,2026-06-24,60,56,5
WKHS,validation,2026-09-14,2026-06-17,2026-06-17,60,60,1
BNKK,validation,2026-09-14,2026-06-17,2026-07-10,60,45,16
CLIK,validation,2026-09-14,2026-07-01,2026-07-01,51,51,10
CURX,validation,2026-09-14,2026-06-17,2026-06-17,60,60,1
WKHS,validation,2026-09-14,2026-06-17,2026-06-17,60,60,1
BNKK,validation,2026-09-14,2026-06-17,2026-07-10,60,45,16
CPOP,validation,2026-09-14,2026-07-29,2026-09-02,32,7,54
CURX,validation,2026-09-14,2026-06-17,2026-06-17,60,60,1
CSAI,validation,2026-09-14,2026-06-17,2026-06-23,60,57,4
ERNA,validation,2026-09-14,2026-06-17,2026-06-24,60,56,5
IZM,validation,2026-09-22,2026-07-06,2026-08-18,55,24,37
RAYA,validation,2026-09-22,2026-07-22,2026-07-22,43,43,18
SXTP,validation,2026-09-22,2026-06-26,2026-07-30,60,37,24
FBLG,validation,2026-09-22,2026-06-26,2026-07-23,60,42,19
AZI,validation,2026-09-22,2026-07-23,2026-07-27,42,40,21
TDIC,validation,2026-09-22,2026-07-02,2026-07-02,56,56,5
BNKK,validation,2026-09-22,2026-06-26,2026-07-10,60,51,10
WKHS,validation,2026-09-22,2026-06-26,2026-07-14,60,49,12
TDIC,validation,2026-09-22,2026-07-02,2026-07-02,56,56,5
AZI,validation,2026-09-22,2026-07-23,2026-07-27,42,40,21
WKHS,validation,2026-09-22,2026-06-26,2026-07-14,60,49,12
BNKK,validation,2026-09-22,2026-06-26,2026-07-10,60,51,10
AIXI,validation,2026-09-23,2026-07-16,,48,,61
PFSA,validation,2026-09-23,2026-08-13,,28,,61
BRNX,validation,2026-09-23,2026-07-09,2026-07-27,53,41,20
CPOP,validation,2026-09-23,2026-07-29,2026-09-02,39,14,47
NIKI,validation,2026-09-24,2026-06-30,2026-09-21,60,3,58
AMOD,validation,2026-09-24,2026-06-30,2026-06-30,60,60,1
LRHC,validation,2026-09-24,2026-06-30,2026-07-23,60,44,17
CLIK,validation,2026-09-24,2026-07-01,2026-07-01,59,59,2
IPST,validation,2026-09-25,2026-07-01,2026-08-03,60,38,23
IZM,validation,2026-09-25,2026-07-06,2026-08-18,58,27,34
CGTL,validation,2026-09-25,2026-07-02,2026-07-17,59,49,12
RAYA,validation,2026-09-25,2026-07-22,2026-07-22,46,46,15
TVGN,validation,2026-09-28,2026-07-02,2026-07-13,60,54,7
IZM,validation,2026-09-28,2026-07-06,2026-08-18,59,28,33
CPOP,validation,2026-09-28,2026-07-29,2026-09-02,42,17,44
MF,validation,2026-09-28,2026-09-04,2026-09-17,15,7,54
FBLG,validation,2026-09-28,2026-07-02,2026-07-23,60,46,15
SXTP,validation,2026-09-28,2026-07-02,2026-07-30,60,41,20
ERNA,validation,2026-09-28,2026-07-02,2026-09-24,60,2,59
RAYA,validation,2026-09-28,2026-07-22,2026-07-22,47,47,14
UCAR,validation,2026-10-05,2026-07-10,2026-07-20,60,54,7
SXTP,validation,2026-10-05,2026-07-10,2026-07-30,60,46,15
CGTL,validation,2026-10-05,2026-07-16,2026-07-17,56,55,6
FBLG,validation,2026-10-05,2026-07-10,2026-07-23,60,51,10
ARTL,anchor,2026-04-24,2026-01-28,,60,,61
BIAF,anchor,2026-04-24,2026-01-28,2026-02-02,60,57,4
HTCO,anchor,2026-04-24,2026-01-28,2026-02-06,60,53,8
ALP,anchor,2026-04-24,2026-02-05,2026-03-09,54,33,28
AEMD,anchor,2026-09-10,2026-06-15,2026-07-20,60,37,24
TNMG,anchor,2026-09-10,2026-06-15,2026-06-15,60,60,1
FBLG,anchor,2026-09-10,2026-06-15,2026-07-23,60,34,27
VEEA,anchor,2026-09-10,2026-06-15,2026-06-22,60,56,5
DLXY,anchor,2026-09-14,2026-06-17,2026-07-20,60,39,22
QCLS,anchor,2026-09-14,2026-06-17,2026-06-17,60,60,1
NXXT,anchor,2026-09-14,2026-06-18,2026-07-09,59,46,15
HTCO,anchor,2026-09-14,2026-06-26,2026-07-22,54,37,24
