MODE,FAMILY,CONDITION,TAG,N_POSITIVES,N_POS_WITH_VALUE,N_CONTROL_UNITS,N_CTRL_WITH_VALUE,AVAIL_POS,AVAIL_CTRL,AVAIL_DIFF_POINTS,POINT_IN_TIME_VERIFIED_SHARE,MISSING_REASONS_POS,MISSING_REASONS_CTRL,STATUS,POS_COND,POS_RATE,POS_WILSON95,CTRL_COND,CTRL_RATE,CTRL_WILSON95,FISHER_P,N_MATCHED_STRATA,MATCHED_DIFF,MATCHED_CI_98_75,MATCHED_CI_EXCLUDES_0,CONT_MEDIAN_DIFF,CONT_CI_98_75,MH_OR_PRICE_BUCKETS,STRATA_BY_PRICE,NECESSITY_FAIL_SHARE
discovery,H1_FLOAT,"float <= 5,000,000",,23,5,73,28,0.217,0.384,-16.6,1.0,"{""NO_RECORD_FOUND"": 16, ""NO_HISTORICAL_SOURCE"": 2}","{""NO_RECORD_FOUND"": 40, ""NO_HISTORICAL_SOURCE"": 5}",NOT_TESTABLE (fewer than 10 positives with a point-in-time value — prereg §O),,,,,,,,,,,,,,,,
discovery,H2_OFFERING,final prospectus within 90 d,,23,23,73,73,1.0,1.0,0.0,1.0,{},{},TESTED,8,0.348,"(0.188, 0.551)",13,0.178,"(0.107, 0.281)",0.1452,19,0.1316,"(-0.1316, 0.4211)",0,-297.0,"(-483.0, -50.0)",2.088,"{"">5"": [1, 3, 5, 9], ""1-5"": [5, 10, 8, 52]}",0.652
discovery,H3_BORROW,"available < 20,000",,23,3,73,14,0.13,0.192,-6.1,1.0,"{""NO_RECORD_FOUND"": 4, ""NO_HISTORICAL_SOURCE"": 16}","{""NO_HISTORICAL_SOURCE"": 41, ""NO_RECORD_FOUND"": 18}",NOT_TESTABLE (fewer than 10 positives with a point-in-time value — prereg §O),,,,,,,,,,,,,,,,
discovery,H4_SPLIT,reverse split within 120 calendar days,,23,23,73,73,1.0,1.0,0.0,0.417,{},{},TESTED,17,0.739,"(0.535, 0.875)",28,0.384,"(0.281, 0.498)",0.0038,19,0.3026,"(0.0658, 0.5395)",1,,,3.883,"{"">5"": [1, 3, 4, 10], ""1-5"": [12, 3, 24, 36]}",0.261
discovery,H4_SPLIT_60D,reverse split within 60 calendar days (sensitivity),sensitivity,23,23,73,73,1.0,1.0,0.0,0.417,{},{},TESTED,11,0.478,"(0.292, 0.67)",20,0.274,"(0.185, 0.386)",0.0786,19,0.2632,"(0.0, 0.5263)",0,,,3.103,"{"">5"": [1, 3, 3, 11], ""1-5"": [9, 6, 17, 43]}",0.522
discovery,H4_SPLIT_252D,reverse split within 252 calendar days (sensitivity),sensitivity,23,23,73,73,1.0,1.0,0.0,0.417,{},{},TESTED,19,0.826,"(0.629, 0.93)",40,0.548,"(0.434, 0.657)",0.0257,19,0.2368,"(-0.0526, 0.4474)",0,,,3.137,"{"">5"": [2, 2, 7, 7], ""1-5"": [13, 2, 34, 26]}",0.174
discovery,H5_JOINT,"count of satisfied conditions among ['H2_OFFERING', 'H4_SPLIT']",,23,,,,,,,,,,TESTED,,,,,,,,19,0.4342,"(0.0395, 0.8289)",,,,,,
discovery,H2_OFFERING,final prospectus within 90 d,placebo T-60 sessions,23,23,73,73,1.0,1.0,0.0,1.0,{},{},TESTED,3,0.13,"(0.045, 0.321)",11,0.151,"(0.086, 0.25)",1.0,19,-0.0526,"(-0.2105, 0.1316)",0,-50.0,"(-297.0, 210.0)",0.654,"{"">5"": [1, 3, 3, 11], ""1-5"": [1, 14, 8, 52]}",0.87
discovery,H4_SPLIT,reverse split within 120 calendar days,placebo T-60 sessions,23,23,73,73,1.0,1.0,0.0,0.354,{},{},TESTED,9,0.391,"(0.222, 0.592)",17,0.233,"(0.151, 0.342)",0.1788,19,0.0789,"(-0.1579, 0.3289)",0,,,1.475,"{"">5"": [1, 3, 1, 13], ""1-5"": [5, 10, 17, 43]}",0.609
