TICKER,DATE,EVIDENCE,FAISAL_STATE,BOT_STATE_A,BOT_STATE_B_PSH,FIRST_DIVERGENCE_LAYER,ANCHOR,NOTE
SXTC,2026-09-10,WA_20260918_31_SXTC,READY/ENTRY after pressure,M2_هبوط_فوق_97,M2_هبوط_تحت_40,B→C: adjusted 52w high (continuity artifact) hits the M2 ceiling,yes,bot replay at the next logged scan date 2026-09-11
SXTC,2026-09-11,X_20260918_24_SXTC,EXIT at 3 · WAIT retest,M2_هبوط_فوق_97,M2_هبوط_تحت_40,B→C: adjusted 52w high (continuity artifact) hits the M2 ceiling,yes,bot replay at the next logged scan date 2026-09-11
SXTC,2026-09-13,X_20260918_22_pipeline,FOCUS (app list),M2_هبوط_فوق_97,M2_هبوط_تحت_40,B→C: adjusted 52w high (continuity artifact) hits the M2 ceiling,yes,bot replay at the next logged scan date 2026-09-15
SXTC,2026-09-24,TG_58527,TARGET claim (author inferred),M2_هبوط_فوق_97,M2_هبوط_تحت_40,B→C: adjusted 52w high (continuity artifact) hits the M2 ceiling,yes,bot replay at the next logged scan date 2026-09-24
DKI,2026-09-13,X_20260918_22_pipeline,FOCUS (app list),M_لا_مستوى_مختبر,M_لا_مستوى_مختبر,C: anchor rule (two touches of the 30-bar low),yes,bot replay at the next logged scan date 2026-09-15
DKI,2026-09-29,TG_57894,WAIT for sweep to ≈2 (date ≈09-2x),M_لا_مستوى_مختبر,M_لا_مستوى_مختبر,C: anchor rule (two touches of the 30-bar low),yes,bot replay at the next logged scan date 2026-09-29
HUBC,2026-10-07,owner chart card,FAISAL_STATE = UNKNOWN (owner-reported focus; no Faisal text),M2_هبوط_فوق_97,M4_base_واسعة,B→C: adjusted 52w high (continuity artifact) hits the M2 ceiling,yes,bot replay at the next logged scan date 2026-10-07
CRE,2026-09-29,TG_57869,WAIT gap below (date ≈09-2x),M_لا_مستوى_مختبر,M2_هبوط_تحت_40,C: anchor rule (two touches of the 30-bar low),yes,bot replay at the next logged scan date 2026-09-29
CRE,2026-10-06,alerts_history,(bot READY; Faisal WAIT),PASS,M2_هبوط_تحت_40,"none at candidate generation (divergence, if any, is downstream: slots/borrow/READY)",yes,bot replay at the next logged scan date 2026-10-06
BETA,2026-04-05,TG_2117,WATCH,TOO_FEW_BARS,TOO_FEW_BARS,B: history depth < MIN_BARS,,
BRTX,2026-10-03,TG_58402,WAIT,M_لا_مستوى_مختبر,M2_هبوط_تحت_40,C: anchor rule (two touches of the 30-bar low),,
BRTX,2026-10-03,TG_58407,WAIT,M_لا_مستوى_مختبر,M2_هبوط_تحت_40,C: anchor rule (two touches of the 30-bar low),,
BTOG,2026-09-04,X_20260905_07,REJECT,M4_base_واسعة,M2_هبوط_تحت_40,C: M4 base range > 120,,
CANF,2026-07-20,TG_1833,WAIT,M3_انفجار_تحت_60,M2_هبوط_تحت_40,C: M3 prior-spike floor,,
CANF,2026-07-31,IMG_0602,WAIT,M3_انفجار_تحت_60,M2_هبوط_تحت_40,C: M3 prior-spike floor,,
CDIO,2026-01-28,TG_2089,WAIT,M3_انفجار_تحت_60,M2_هبوط_تحت_40,C: M3 prior-spike floor,,
CDIO,2026-01-28,TG_2218,WAIT,M3_انفجار_تحت_60,M2_هبوط_تحت_40,C: M3 prior-spike floor,,
CIIT,2026-09-25,TG_57881,WAIT,M_لا_مستوى_مختبر,M2_هبوط_تحت_40,C: anchor rule (two touches of the 30-bar low),,
CIIT,2026-09-25,TG_57883,WAIT,M_لا_مستوى_مختبر,M2_هبوط_تحت_40,C: anchor rule (two touches of the 30-bar low),,
CIIT,2026-09-26,TG_57879,WAIT,M_لا_مستوى_مختبر,M2_هبوط_تحت_40,C: anchor rule (two touches of the 30-bar low),,
CIIT,2026-09-26,TG_57884,WAIT,M_لا_مستوى_مختبر,M2_هبوط_تحت_40,C: anchor rule (two touches of the 30-bar low),,
DCOY,2026-09-22,TG_50575,WAIT,M4_base_واسعة,M4_base_واسعة,C: M4 base range > 120,,
DCOY,2026-09-22,TG_50576,WAIT,M4_base_واسعة,M4_base_واسعة,C: M4 base range > 120,,
DXST,2026-06-16,IMG_0627,WAIT,M4_base_واسعة,M2_هبوط_تحت_40,C: M4 base range > 120,,
DXST,2026-06-16,TG_58429,WAIT,M4_base_واسعة,M2_هبوط_تحت_40,C: M4 base range > 120,,
DXST,2026-08-04,IMG_0688,WAIT,PASS,M2_هبوط_تحت_40,"none at candidate generation (divergence, if any, is downstream: slots/borrow/READY)",,
DXST,2026-08-04,IMG_0689,WAIT,PASS,M2_هبوط_تحت_40,"none at candidate generation (divergence, if any, is downstream: slots/borrow/READY)",,
EDBL,2026-09-22,TG_50579,WAIT,M_لا_مستوى_مختبر,M_لا_مستوى_مختبر,C: anchor rule (two touches of the 30-bar low),,
EHGO,2026-05-22,TG_1822,WAIT,M3_انفجار_تحت_60,M2_هبوط_تحت_40,C: M3 prior-spike floor,,
EHGO,2026-05-22,TG_1958,WAIT,M3_انفجار_تحت_60,M2_هبوط_تحت_40,C: M3 prior-spike floor,,
EHGO,2026-05-22,TG_2071,WAIT,M3_انفجار_تحت_60,M2_هبوط_تحت_40,C: M3 prior-spike floor,,
ELAB,2026-04-12,TG_1997,WATCH,M4_base_واسعة,M2_هبوط_تحت_40,C: M4 base range > 120,,
ELPW,2026-01-22,TG_2095,WAIT,M4_base_واسعة,M2_هبوط_تحت_40,C: M4 base range > 120,,
FRSX,2026-03-28,TG_2079,WATCH,M3_انفجار_تحت_60,M2_هبوط_تحت_40,C: M3 prior-spike floor,,
GCTK,2026-09-24,TG_57890,READY,M_لا_مستوى_مختبر,M2_هبوط_تحت_40,C: anchor rule (two touches of the 30-bar low),,
IPDN,2026-09-23,TG_50833,WAIT,M4_base_واسعة,M2_هبوط_تحت_40,C: M4 base range > 120,,
LIMN,2026-09-22,TG_50585,WAIT,PASS,M2_هبوط_تحت_40,"none at candidate generation (divergence, if any, is downstream: slots/borrow/READY)",,
LIMN,2026-09-22,TG_50586,WAIT,PASS,M2_هبوط_تحت_40,"none at candidate generation (divergence, if any, is downstream: slots/borrow/READY)",,
MNDR,2026-07-31,IMG_0566,WAIT,M4_base_واسعة,M2_هبوط_تحت_40,C: M4 base range > 120,,
MNDR,2026-07-31,IMG_0569,WAIT,M4_base_واسعة,M2_هبوط_تحت_40,C: M4 base range > 120,,
MNDR,2026-07-31,IMG_0691,WAIT,M4_base_واسعة,M2_هبوط_تحت_40,C: M4 base range > 120,,
NRSN,2026-09-27,TG_57867,WAIT,M_لا_مستوى_مختبر,M2_هبوط_تحت_40,C: anchor rule (two touches of the 30-bar low),,
NUWE,2026-07-28,IMG_0413,WAIT,M_لا_مستوى_مختبر,M2_هبوط_تحت_40,C: anchor rule (two touches of the 30-bar low),,
NUWE,2026-09-04,WA_20260918_46_NUWE,WAIT,M_لا_مستوى_مختبر,M_لا_مستوى_مختبر,C: anchor rule (two touches of the 30-bar low),,
OMH,2026-09-26,TG_57870,WAIT,M_لا_مستوى_مختبر,M2_هبوط_تحت_40,C: anchor rule (two touches of the 30-bar low),,
OMH,2026-09-26,TG_57872,WAIT,M_لا_مستوى_مختبر,M2_هبوط_تحت_40,C: anchor rule (two touches of the 30-bar low),,
OMH,2026-09-26,TG_57873,WAIT,M_لا_مستوى_مختبر,M2_هبوط_تحت_40,C: anchor rule (two touches of the 30-bar low),,
OMH,2026-09-26,TG_57875,WAIT,M_لا_مستوى_مختبر,M2_هبوط_تحت_40,C: anchor rule (two touches of the 30-bar low),,
ONCO,2026-07-26,IMG_0267,WAIT,M3_انفجار_تحت_60,M2_هبوط_تحت_40,C: M3 prior-spike floor,,
ONCO,2026-07-26,TG_2196,WAIT,M3_انفجار_تحت_60,M2_هبوط_تحت_40,C: M3 prior-spike floor,,
ONCO,2026-07-26,TG_2200,WAIT,M3_انفجار_تحت_60,M2_هبوط_تحت_40,C: M3 prior-spike floor,,
ONCO,2026-07-26,TG_2201,WAIT,M3_انفجار_تحت_60,M2_هبوط_تحت_40,C: M3 prior-spike floor,,
ONCO,2026-07-27,IMG_0320,WAIT,M3_انفجار_تحت_60,M2_هبوط_تحت_40,C: M3 prior-spike floor,,
ONCO,2026-07-27,TG_2171,WAIT,M3_انفجار_تحت_60,M2_هبوط_تحت_40,C: M3 prior-spike floor,,
PIII,2026-05-16,TG_1860,READY,M2_هبوط_تحت_40,M2_هبوط_تحت_40,C: M2 floor (drop below 71.7%),,
PPBT,2026-09-04,X_20260905_01,WAIT,M_لا_مستوى_مختبر,M2_هبوط_تحت_40,C: anchor rule (two touches of the 30-bar low),,
PPBT,2026-09-04,X_20260905_02,WAIT,M_لا_مستوى_مختبر,M2_هبوط_تحت_40,C: anchor rule (two touches of the 30-bar low),,
PPBT,2026-09-04,X_20260905_03,WAIT,M_لا_مستوى_مختبر,M2_هبوط_تحت_40,C: anchor rule (two touches of the 30-bar low),,
SLXN,2026-08-06,IMG_0508,WAIT,M_لا_مستوى_مختبر,M2_هبوط_تحت_40,C: anchor rule (two touches of the 30-bar low),,
SMX,2026-04-25,TG_1908,WAIT,M2_هبوط_فوق_97,M4_base_واسعة,B→C: adjusted 52w high (continuity artifact) hits the M2 ceiling,,
SMX,2026-05-24,TG_2034,WAIT,M2_هبوط_فوق_97,M4_base_واسعة,B→C: adjusted 52w high (continuity artifact) hits the M2 ceiling,,
SPRC,2026-07-17,IMG_0395,READY,M_لا_مستوى_مختبر,M2_هبوط_تحت_40,C: anchor rule (two touches of the 30-bar low),,
SPRC,2026-07-17,TG_1843,READY,M_لا_مستوى_مختبر,M2_هبوط_تحت_40,C: anchor rule (two touches of the 30-bar low),,
SPRC,2026-07-20,IMG_0393,WAIT,M_لا_مستوى_مختبر,M2_هبوط_تحت_40,C: anchor rule (two touches of the 30-bar low),,
STKH,2026-09-04,TG_20260905_09,WAIT,M_لا_مستوى_مختبر,M2_هبوط_تحت_40,C: anchor rule (two touches of the 30-bar low),,
TRUG,2026-03-30,TG_2121,WATCH,M3_انفجار_تحت_60,M2_هبوط_تحت_40,C: M3 prior-spike floor,,
UPC,2026-07-31,IMG_0587,READY,M_لا_مستوى_مختبر,M_لا_مستوى_مختبر,C: anchor rule (two touches of the 30-bar low),,
WORX,2026-04-11,IMG_0150,WAIT,M_لا_مستوى_مختبر,M2_هبوط_تحت_40,C: anchor rule (two touches of the 30-bar low),,
WORX,2026-04-11,TG_2076,WAIT,M_لا_مستوى_مختبر,M2_هبوط_تحت_40,C: anchor rule (two touches of the 30-bar low),,
WORX,2026-04-11,TG_2209,WAIT,M_لا_مستوى_مختبر,M2_هبوط_تحت_40,C: anchor rule (two touches of the 30-bar low),,
YMT,2026-09-04,X_20260918_85_YMT,WAIT,M3_انفجار_تحت_60,M2_هبوط_تحت_40,C: M3 prior-spike floor,,
YMT,2026-09-04,X_20260905_10,WATCH,M3_انفجار_تحت_60,M2_هبوط_تحت_40,C: M3 prior-spike floor,,
ZCMD,2026-07-02,TG_1828,WATCH,M3_انفجار_تحت_60,M2_هبوط_تحت_40,C: M3 prior-spike floor,,
