TICKER,REVERSE_SPLITS,A_PASS_DAYS,A_OTHER,B_PSH_PASS_DAYS,B_PSH_OTHER,EFFECT_OF_CORRECTION
AMIX,2024-10-25 1:20; 2026-06-24 1:21,6,"{'M4_base_واسعة': 4, 'M_لا_مستوى_مختبر': 10}",6,"{'M4_base_واسعة': 4, 'M_لا_مستوى_مختبر': 10}",unchanged
AMOD,2026-06-15 1:40,1,"{'M4_base_واسعة': 8, 'M_لا_مستوى_مختبر': 11}",0,"{'M2_هبوط_تحت_40': 12, 'M_لا_مستوى_مختبر': 7, 'M4_base_واسعة': 1}",LOSES candidacy
AZI,2025-12-12 1:50; 2026-03-23 1:10,11,{'M_لا_مستوى_مختبر': 9},11,{'M_لا_مستوى_مختبر': 9},unchanged
BNKK,2025-12-11 1:35,2,"{'M_لا_مستوى_مختبر': 15, 'M10_RSI_فات_القطار': 3}",2,"{'M_لا_مستوى_مختبر': 15, 'M10_RSI_فات_القطار': 3}",unchanged
BRNX,2023-12-04 1:10; 2025-06-20 1:5; 2026-01-26 1:7; 2026-04-15 1:5; 2026-08-13 1:6,8,"{'M4_base_واسعة': 8, 'M_لا_مستوى_مختبر': 4}",8,"{'M4_base_واسعة': 8, 'M_لا_مستوى_مختبر': 4}",unchanged
BRTX,2013-04-15 1:50; 2015-07-07 1:20; 2021-10-27 1:4000; 2026-09-08 1:20,3,{'M_لا_مستوى_مختبر': 17},0,{'M2_هبوط_تحت_40': 20},LOSES candidacy
BTOG,2026-08-21 1:5,4,"{'M4_base_واسعة': 14, 'M_لا_مستوى_مختبر': 2}",0,"{'M2_هبوط_تحت_40': 17, 'M_لا_مستوى_مختبر': 1, 'M4_base_واسعة': 2}",LOSES candidacy
CCHH,2026-07-13 1:10,4,{'M_لا_مستوى_مختبر': 16},0,{'M2_هبوط_تحت_40': 20},LOSES candidacy
CETX,2019-06-13 1:8; 2023-01-25 1:35; 2024-10-03 1:60; 2024-11-26 1:35; 2025-09-29 1:15; 2026-06-05 1:10,10,{'M_لا_مستوى_مختبر': 10},8,"{'M2_هبوط_تحت_40': 7, 'M_لا_مستوى_مختبر': 5}",LOSES candidacy
CGTL,2026-07-07 1:15,4,{'M_لا_مستوى_مختبر': 16},0,{'M2_هبوط_تحت_40': 20},LOSES candidacy
CSAI,2026-07-31 1:30,5,{'M_لا_مستوى_مختبر': 15},0,{'M2_هبوط_تحت_40': 20},LOSES candidacy
CURX,2026-08-20 1:20,8,"{'M_لا_مستوى_مختبر': 7, 'M2_هبوط_تحت_40': 5}",0,{'M2_هبوط_تحت_40': 20},LOSES candidacy
DCOY,2019-07-22 1:25; 2022-10-17 1:25; 2024-06-17 1:8; 2025-08-18 1:15; 2026-03-09 1:12,6,"{'M_لا_مستوى_مختبر': 2, 'M4_base_واسعة': 12}",6,"{'M_لا_مستوى_مختبر': 2, 'M4_base_واسعة': 11, 'M2_هبوط_تحت_40': 1}",unchanged
DSY,2026-02-23 1:20,4,{'M_لا_مستوى_مختبر': 16},4,{'M_لا_مستوى_مختبر': 16},unchanged
DXST,2026-03-16 1:25,5,"{'M_لا_مستوى_مختبر': 8, 'M4_base_واسعة': 7}",0,"{'M2_هبوط_تحت_40': 15, 'M_لا_مستوى_مختبر': 2, 'M4_base_واسعة': 3}",LOSES candidacy
EDBL,2023-01-26 1:30; 2024-04-05 1:20; 2025-03-03 1:25; 2026-02-03 1:10; 2026-07-13 1:45,10,{'M_لا_مستوى_مختبر': 10},10,{'M_لا_مستوى_مختبر': 10},unchanged
EEIQ,2026-02-17 1:16,1,"{'M2_هبوط_تحت_40': 18, 'M_لا_مستوى_مختبر': 1}",1,"{'M2_هبوط_تحت_40': 18, 'M_لا_مستوى_مختبر': 1}",unchanged
EHGO,2026-04-20 1:16,5,{'M_لا_مستوى_مختبر': 15},5,{'M_لا_مستوى_مختبر': 15},unchanged
ELAB,2024-11-27 1:200; 2025-03-10 1:7; 2025-09-02 1:4; 2026-01-06 1:4; 2026-03-10 1:6; 2026-08-21 1:10,1,{'M_لا_مستوى_مختبر': 19},0,{'M2_هبوط_تحت_40': 20},LOSES candidacy
ERNA,2016-06-17 1:50; 2021-03-26 1:2; 2022-10-17 1:20; 2025-06-12 1:15; 2026-05-04 1:25,2,{'M_لا_مستوى_مختبر': 18},2,{'M_لا_مستوى_مختبر': 18},unchanged
EZRA,2023-02-23 1:15; 2024-07-01 1:17; 2026-05-18 1:40,10,{'M_لا_مستوى_مختبر': 10},0,{'M2_هبوط_تحت_40': 20},LOSES candidacy
FBLG,2026-03-30 1:20,2,{'M_لا_مستوى_مختبر': 18},0,{'M2_هبوط_تحت_40': 20},LOSES candidacy
FCUV,2025-01-31 1:10; 2026-02-09 1:10; 2026-06-23 1:4,2,"{'M4_base_واسعة': 12, 'M_لا_مستوى_مختبر': 6}",2,"{'M4_base_واسعة': 12, 'M_لا_مستوى_مختبر': 6}",unchanged
GCTK,2021-08-13 1:13; 2024-05-20 1:5; 2025-02-04 1:20; 2025-06-16 1:60; 2026-08-31 1:15,2,"{'M_لا_مستوى_مختبر': 8, 'M4_base_واسعة': 10}",0,"{'M2_هبوط_تحت_40': 16, 'M4_base_واسعة': 4}",LOSES candidacy
GRML,2026-08-24 1:50,1,"{'M4_base_واسعة': 11, 'M_لا_مستوى_مختبر': 2, 'M2_هبوط_تحت_40': 6}",1,"{'M2_هبوط_تحت_40': 14, 'M4_base_واسعة': 3, 'M_لا_مستوى_مختبر': 2}",unchanged
HCTI,2023-05-26 1:10; 2025-08-01 1:249; 2026-02-10 1:60,1,"{'M_لا_مستوى_مختبر': 8, 'M4_base_واسعة': 11}",1,"{'M_لا_مستوى_مختبر': 8, 'M4_base_واسعة': 11}",unchanged
HCWB,2025-04-11 1:40; 2026-06-30 1:6,6,"{'M_لا_مستوى_مختبر': 12, 'M4_base_واسعة': 2}",0,"{'M2_هبوط_تحت_40': 18, 'M_لا_مستوى_مختبر': 2}",LOSES candidacy
IPST,2025-11-05 1:20; 2026-04-23 1:20,1,"{'M4_base_واسعة': 6, 'M_لا_مستوى_مختبر': 13}",1,"{'M4_base_واسعة': 6, 'M_لا_مستوى_مختبر': 13}",unchanged
IZM,2026-09-15 1:5,2,{'M_لا_مستوى_مختبر': 18},1,"{'M_لا_مستوى_مختبر': 2, 'M2_هبوط_تحت_40': 17}",LOSES candidacy
LEXX,2026-08-03 1:15,4,"{'M4_base_واسعة': 15, 'M_لا_مستوى_مختبر': 1}",4,"{'M4_base_واسعة': 15, 'M_لا_مستوى_مختبر': 1}",unchanged
LIMN,2026-08-21 1:50,18,{'M_لا_مستوى_مختبر': 2},0,{'M2_هبوط_تحت_40': 20},LOSES candidacy
LNAI,2025-09-30 1:10; 2026-05-22 1:8,7,"{'M_لا_مستوى_مختبر': 10, 'M4_base_واسعة': 3}",0,"{'M2_هبوط_تحت_40': 15, 'M_لا_مستوى_مختبر': 2, 'M4_base_واسعة': 3}",LOSES candidacy
LRHC,2025-07-07 1:80; 2026-01-26 1:10; 2026-04-20 1:10; 2026-09-08 1:6,3,"{'M2_هبوط_فوق_97': 9, 'M_لا_مستوى_مختبر': 8}",0,{'M2_هبوط_تحت_40': 20},LOSES candidacy
MF,2026-05-22 1:25,1,{'M_لا_مستوى_مختبر': 19},0,{'M2_هبوط_تحت_40': 20},LOSES candidacy
MGN,2026-09-08 1:40; 2026-09-17 1:30,1,"{'M4_base_واسعة': 14, 'M_لا_مستوى_مختبر': 5}",0,"{'M4_base_واسعة': 5, 'M2_هبوط_تحت_40': 15}",LOSES candidacy
MNDR,2025-03-10 1:8; 2025-09-25 1:5; 2026-06-29 1:6,5,{'M_لا_مستوى_مختبر': 15},0,{'M2_هبوط_تحت_40': 20},LOSES candidacy
NIKI,2023-01-23 1:10; 2026-07-20 1:10,12,{'M_لا_مستوى_مختبر': 8},0,{'M2_هبوط_تحت_40': 20},LOSES candidacy
NRSN,2026-09-14 1:20,1,{'M_لا_مستوى_مختبر': 19},0,"{'M_لا_مستوى_مختبر': 2, 'M2_هبوط_تحت_40': 18}",LOSES candidacy
NUWE,2017-01-13 1:30; 2017-10-13 1:20; 2019-01-03 1:14; 2020-10-19 1:30; 2022-12-12 1:100; 2024-06-28 1:35; 2025-07-07 1:42; 2026-06-26 1:35,3,{'M_لا_مستوى_مختبر': 17},3,{'M_لا_مستوى_مختبر': 17},unchanged
PPBT,2020-08-21 1:10; 2024-09-17 1:20; 2026-03-02 1:10,13,{'M_لا_مستوى_مختبر': 7},3,"{'M2_هبوط_تحت_40': 16, 'M_لا_مستوى_مختبر': 1}",LOSES candidacy
PPCB,2017-04-20 1:250; 2019-06-24 1:500; 2020-11-19 1:1000; 2025-01-29 1:2; 2026-05-18 1:25,1,"{'M4_base_واسعة': 8, 'M_لا_مستوى_مختبر': 11}",1,"{'M4_base_واسعة': 8, 'M_لا_مستوى_مختبر': 11}",unchanged
RBNE,2025-12-24 1:5; 2026-07-09 1:15,13,{'M_لا_مستوى_مختبر': 7},1,"{'M2_هبوط_تحت_40': 15, 'M_لا_مستوى_مختبر': 4}",LOSES candidacy
SNAL,2026-07-06 1:5,1,{'M_لا_مستوى_مختبر': 19},0,{'M2_هبوط_تحت_40': 20},LOSES candidacy
SPHL,2025-12-02 1:8,6,"{'M_لا_مستوى_مختبر': 13, 'M10_RSI_فات_القطار': 1}",6,"{'M_لا_مستوى_مختبر': 13, 'M10_RSI_فات_القطار': 1}",unchanged
SPRC,2023-09-28 1:26; 2025-07-03 1:21; 2026-03-04 1:9,9,{'M_لا_مستوى_مختبر': 11},0,"{'M2_هبوط_تحت_40': 17, 'M_لا_مستوى_مختبر': 3}",LOSES candidacy
STKH,2024-04-04 1:10; 2025-04-28 1:5; 2025-09-10 1:8; 2026-07-27 1:3,2,"{'M_لا_مستوى_مختبر': 13, 'M4_base_واسعة': 5}",2,"{'M2_هبوط_تحت_40': 4, 'M_لا_مستوى_مختبر': 9, 'M4_base_واسعة': 5}",unchanged
SVRE,2024-10-28 1:18; 2025-06-11 1:3; 2025-12-10 1:3; 2026-02-25 1:4,4,"{'M_لا_مستوى_مختبر': 12, 'M4_base_واسعة': 4}",0,"{'M2_هبوط_تحت_40': 13, 'M_لا_مستوى_مختبر': 3, 'M4_base_واسعة': 4}",LOSES candidacy
SVRN,2022-12-21 1:10; 2022-12-22 1:10; 2023-06-08 1:20; 2025-08-25 1:25; 2026-03-30 1:20,1,"{'M_لا_مستوى_مختبر': 4, 'M2_هبوط_تحت_40': 15}",0,{'M2_هبوط_تحت_40': 20},LOSES candidacy
SXTP,2024-08-12 1:12; 2025-02-24 1:5; 2026-01-20 1:4,17,{'M_لا_مستوى_مختبر': 3},17,{'M_لا_مستوى_مختبر': 3},unchanged
TDIC,2026-04-20 1:5; 2026-06-15 1:25,15,{'M_لا_مستوى_مختبر': 5},14,"{'M_لا_مستوى_مختبر': 5, 'M2_هبوط_تحت_40': 1}",LOSES candidacy
TVGN,2026-03-06 1:50,8,{'M_لا_مستوى_مختبر': 12},0,{'M2_هبوط_تحت_40': 20},LOSES candidacy
VEEE,2025-04-08 1:10; 2026-05-04 1:37,2,"{'M_لا_مستوى_مختبر': 5, 'M4_base_واسعة': 13}",2,"{'M_لا_مستوى_مختبر': 5, 'M2_هبوط_تحت_40': 1, 'M4_base_واسعة': 12}",unchanged
WKHS,2015-12-11 1:10; 2024-06-17 1:20; 2025-03-17 1:12; 2025-12-08 1:12,10,{'M_لا_مستوى_مختبر': 10},10,{'M_لا_مستوى_مختبر': 10},unchanged
WLDS,2024-10-10 1:20; 2025-03-17 1:4; 2026-03-11 1:3; 2026-06-22 1:3,8,{'M_لا_مستوى_مختبر': 12},8,{'M_لا_مستوى_مختبر': 12},unchanged
WNW,2023-12-20 1:35; 2025-04-01 1:20; 2026-04-06 1:100,3,{'M_لا_مستوى_مختبر': 17},0,{'M2_هبوط_تحت_40': 20},LOSES candidacy
XAIR,2025-07-14 1:20; 2026-07-13 1:20,1,{'M_لا_مستوى_مختبر': 19},0,{'M2_هبوط_تحت_40': 20},LOSES candidacy
