timestamp,ticker,identity,logged_wall,replay_world_A,agreement,price,hi52_adjusted,drop_pct,prior_spike,base_range,dollar_vol,bars,rule_threshold,previous_state,next_state,reversible,replay_B_PSH,rsplits_in_window,last_rsplit
2026-09-11 06:xx UTC (scan),DKI,ticker=DKI · TV NASDAQ:DKI via scan map · Yahoo DKI,M_لا_مستوى_مختبر,M_لا_مستوى_مختبر,MATCH,2.47,188.8,98.69,228.1,80.8,190176.0,274,tested_level: <2 touch clusters of 30-bar low within 1.5%,see sequence,see sequence,yes — daily recompute (no state carried),M_لا_مستوى_مختبر,0,
2026-09-11 06:xx UTC (scan),SXTC,ticker=SXTC · TV NASDAQ:SXTC via scan map · Yahoo SXTC,M2_هبوط_فوق_97,M2_هبوط_فوق_97,MATCH,1.93,83758.2416,100.0,145.7,146.9,7982728.0,423,drop > MAX_DROP_PCT 99.95,see sequence,see sequence,yes — daily recompute (no state carried),M2_هبوط_تحت_40,2,2026-08-10
2026-09-11 06:xx UTC (scan),HUBC,ticker=HUBC · TV NASDAQ:HUBC via scan map · Yahoo HUBC,M2_هبوط_فوق_97,M2_هبوط_فوق_97,MATCH,10.4075,1038712.5,100.0,512.8,95.2,137459.0,423,drop > MAX_DROP_PCT 99.95,see sequence,see sequence,yes — daily recompute (no state carried),M_لا_مستوى_مختبر,3,2026-09-14
2026-09-11 06:xx UTC (scan),CRE,ticker=CRE · TV NASDAQ:CRE via scan map · Yahoo CRE,M4_base_واسعة,M4_base_واسعة,MATCH,2.85,14.64,80.53,111.2,248.2,22793100.0,286,base range(15) > 120,see sequence,see sequence,yes — daily recompute (no state carried),M2_هبوط_تحت_40,1,2026-02-13
2026-09-12 06:xx UTC (scan),DKI,ticker=DKI · TV NASDAQ:DKI via scan map · Yahoo DKI,M_لا_مستوى_مختبر,M_لا_مستوى_مختبر,MATCH,2.66,188.8,98.59,228.1,85.3,186180.0,275,tested_level: <2 touch clusters of 30-bar low within 1.5%,see sequence,see sequence,yes — daily recompute (no state carried),M_لا_مستوى_مختبر,0,
2026-09-12 06:xx UTC (scan),SXTC,ticker=SXTC · TV NASDAQ:SXTC via scan map · Yahoo SXTC,M2_هبوط_فوق_97,M2_هبوط_فوق_97,MATCH,2.56,83758.2416,100.0,145.7,139.3,9741596.0,424,drop > MAX_DROP_PCT 99.95,see sequence,see sequence,yes — daily recompute (no state carried),M2_هبوط_تحت_40,2,2026-08-10
2026-09-12 06:xx UTC (scan),HUBC,ticker=HUBC · TV NASDAQ:HUBC via scan map · Yahoo HUBC,M2_هبوط_فوق_97,M2_هبوط_فوق_97,MATCH,8.5125,980925.0,100.0,512.8,134.4,134413.0,424,drop > MAX_DROP_PCT 99.95,see sequence,see sequence,yes — daily recompute (no state carried),M4_base_واسعة,3,2026-09-14
2026-09-12 06:xx UTC (scan),CRE,ticker=CRE · TV NASDAQ:CRE via scan map · Yahoo CRE,M4_base_واسعة,M4_base_واسعة,MATCH,2.76,14.64,81.15,111.2,247.2,22793391.0,287,base range(15) > 120,see sequence,see sequence,yes — daily recompute (no state carried),M2_هبوط_تحت_40,1,2026-02-13
2026-09-15 06:xx UTC (scan),DKI,ticker=DKI · TV NASDAQ:DKI via scan map · Yahoo DKI,M_لا_مستوى_مختبر,M_لا_مستوى_مختبر,MATCH,2.535,188.8,98.66,228.1,85.3,178920.0,276,tested_level: <2 touch clusters of 30-bar low within 1.5%,see sequence,see sequence,yes — daily recompute (no state carried),M_لا_مستوى_مختبر,0,
2026-09-15 06:xx UTC (scan),SXTC,ticker=SXTC · TV NASDAQ:SXTC via scan map · Yahoo SXTC,M2_هبوط_فوق_97,M2_هبوط_فوق_97,MATCH,2.66,83758.2416,100.0,145.7,124.7,6294940.0,425,drop > MAX_DROP_PCT 99.95,see sequence,see sequence,yes — daily recompute (no state carried),M2_هبوط_تحت_40,2,2026-08-10
2026-09-15 06:xx UTC (scan),HUBC,ticker=HUBC · TV NASDAQ:HUBC via scan map · Yahoo HUBC,M1_سعر,M2_هبوط_فوق_97,DIFF,7.635,948750.0,100.0,512.8,201.1,139817.0,425,drop > MAX_DROP_PCT 99.95,see sequence,see sequence,yes — daily recompute (no state carried),M2_هبوط_تحت_40,4,2026-09-14
2026-09-15 06:xx UTC (scan),CRE,ticker=CRE · TV NASDAQ:CRE via scan map · Yahoo CRE,M4_base_واسعة,M4_base_واسعة,MATCH,2.74,14.64,81.28,111.2,238.6,22798452.0,288,base range(15) > 120,see sequence,see sequence,yes — daily recompute (no state carried),M2_هبوط_تحت_40,1,2026-02-13
2026-09-16 06:xx UTC (scan),DKI,ticker=DKI · TV NASDAQ:DKI via scan map · Yahoo DKI,M_لا_مستوى_مختبر,M_لا_مستوى_مختبر,MATCH,2.46,188.8,98.7,228.1,85.3,177564.0,277,tested_level: <2 touch clusters of 30-bar low within 1.5%,see sequence,see sequence,yes — daily recompute (no state carried),M_لا_مستوى_مختبر,0,
2026-09-16 06:xx UTC (scan),SXTC,ticker=SXTC · TV NASDAQ:SXTC via scan map · Yahoo SXTC,M2_هبوط_فوق_97,M2_هبوط_فوق_97,MATCH,2.36,83758.2416,100.0,145.7,112.9,6217418.0,426,drop > MAX_DROP_PCT 99.95,see sequence,see sequence,yes — daily recompute (no state carried),M2_هبوط_تحت_40,2,2026-08-10
2026-09-16 06:xx UTC (scan),HUBC,ticker=HUBC · TV NASDAQ:HUBC via scan map · Yahoo HUBC,M2_هبوط_فوق_97,M2_هبوط_فوق_97,MATCH,6.33,948750.0,100.0,512.8,216.3,141464.0,426,drop > MAX_DROP_PCT 99.95,see sequence,see sequence,yes — daily recompute (no state carried),M2_هبوط_تحت_40,4,2026-09-14
2026-09-16 06:xx UTC (scan),CRE,ticker=CRE · TV NASDAQ:CRE via scan map · Yahoo CRE,M4_base_واسعة,M4_base_واسعة,MATCH,2.71,14.64,81.49,111.2,235.9,22796696.0,289,base range(15) > 120,see sequence,see sequence,yes — daily recompute (no state carried),M2_هبوط_تحت_40,1,2026-02-13
2026-09-17 06:xx UTC (scan),DKI,ticker=DKI · TV NASDAQ:DKI via scan map · Yahoo DKI,M_لا_مستوى_مختبر,M_لا_مستوى_مختبر,MATCH,2.63,188.8,98.61,228.1,85.3,172670.0,278,tested_level: <2 touch clusters of 30-bar low within 1.5%,see sequence,see sequence,yes — daily recompute (no state carried),M_لا_مستوى_مختبر,0,
2026-09-17 06:xx UTC (scan),SXTC,ticker=SXTC · TV NASDAQ:SXTC via scan map · Yahoo SXTC,M2_هبوط_فوق_97,M2_هبوط_فوق_97,MATCH,2.19,83758.2416,100.0,145.7,109.6,2837544.0,427,drop > MAX_DROP_PCT 99.95,see sequence,see sequence,yes — daily recompute (no state carried),M2_هبوط_تحت_40,2,2026-08-10
2026-09-17 06:xx UTC (scan),HUBC,ticker=HUBC · TV NASDAQ:HUBC via scan map · Yahoo HUBC,M2_هبوط_فوق_97,M2_هبوط_فوق_97,MATCH,6.03,906750.0,100.0,512.8,245.7,136621.0,427,drop > MAX_DROP_PCT 99.95,see sequence,see sequence,yes — daily recompute (no state carried),M2_هبوط_تحت_40,4,2026-09-14
2026-09-17 06:xx UTC (scan),CRE,ticker=CRE · TV NASDAQ:CRE via scan map · Yahoo CRE,M4_base_واسعة,M4_base_واسعة,MATCH,2.78,14.64,81.01,111.2,230.8,22773638.0,290,base range(15) > 120,see sequence,see sequence,yes — daily recompute (no state carried),M2_هبوط_تحت_40,1,2026-02-13
2026-09-18 06:xx UTC (scan),DKI,ticker=DKI · TV NASDAQ:DKI via scan map · Yahoo DKI,M_لا_مستوى_مختبر,M_لا_مستوى_مختبر,MATCH,2.68,188.8,98.58,228.1,70.7,168320.0,279,tested_level: <2 touch clusters of 30-bar low within 1.5%,see sequence,see sequence,yes — daily recompute (no state carried),M_لا_مستوى_مختبر,0,
2026-09-18 06:xx UTC (scan),SXTC,ticker=SXTC · TV NASDAQ:SXTC via scan map · Yahoo SXTC,M2_هبوط_فوق_97,M2_هبوط_فوق_97,MATCH,2.435,83758.2416,100.0,145.7,103.9,2763323.0,428,drop > MAX_DROP_PCT 99.95,see sequence,see sequence,yes — daily recompute (no state carried),M2_هبوط_تحت_40,2,2026-08-10
2026-09-18 06:xx UTC (scan),HUBC,ticker=HUBC · TV NASDAQ:HUBC via scan map · Yahoo HUBC,M2_هبوط_فوق_97,M2_هبوط_فوق_97,MATCH,5.165,900000.0,100.0,512.8,297.7,142752.0,428,drop > MAX_DROP_PCT 99.95,see sequence,see sequence,yes — daily recompute (no state carried),M2_هبوط_تحت_40,4,2026-09-14
2026-09-18 06:xx UTC (scan),CRE,ticker=CRE · TV NASDAQ:CRE via scan map · Yahoo CRE,M4_base_واسعة,M4_base_واسعة,MATCH,2.97,14.64,79.71,182.0,134.6,22773603.0,291,base range(15) > 120,see sequence,see sequence,yes — daily recompute (no state carried),M2_هبوط_تحت_40,1,2026-02-13
2026-09-19 06:xx UTC (scan),DKI,ticker=DKI · TV NASDAQ:DKI via scan map · Yahoo DKI,M_لا_مستوى_مختبر,M_لا_مستوى_مختبر,MATCH,2.75,188.8,98.54,228.1,56.9,167223.0,280,tested_level: <2 touch clusters of 30-bar low within 1.5%,see sequence,see sequence,yes — daily recompute (no state carried),M_لا_مستوى_مختبر,0,
2026-09-19 06:xx UTC (scan),SXTC,ticker=SXTC · TV NASDAQ:SXTC via scan map · Yahoo SXTC,M2_هبوط_فوق_97,M2_هبوط_فوق_97,MATCH,2.4,83758.2416,100.0,145.7,87.6,2720515.0,429,drop > MAX_DROP_PCT 99.95,see sequence,see sequence,yes — daily recompute (no state carried),M2_هبوط_تحت_40,2,2026-08-10
2026-09-19 06:xx UTC (scan),HUBC,ticker=HUBC · TV NASDAQ:HUBC via scan map · Yahoo HUBC,M2_هبوط_فوق_97,M2_هبوط_فوق_97,MATCH,4.6,900000.0,100.0,512.8,333.1,136584.0,429,drop > MAX_DROP_PCT 99.95,see sequence,see sequence,yes — daily recompute (no state carried),M2_هبوط_تحت_40,4,2026-09-14
2026-09-19 06:xx UTC (scan),CRE,ticker=CRE · TV NASDAQ:CRE via scan map · Yahoo CRE,M4_base_واسعة,M4_base_واسعة,MATCH,3.0,14.64,79.51,182.0,134.6,22773174.0,292,base range(15) > 120,see sequence,see sequence,yes — daily recompute (no state carried),M2_هبوط_تحت_40,1,2026-02-13
2026-09-22 06:xx UTC (scan),DKI,ticker=DKI · TV NASDAQ:DKI via scan map · Yahoo DKI,M_لا_مستوى_مختبر,M_لا_مستوى_مختبر,MATCH,2.7,188.8,98.57,228.1,54.3,164714.0,281,tested_level: <2 touch clusters of 30-bar low within 1.5%,see sequence,see sequence,yes — daily recompute (no state carried),M_لا_مستوى_مختبر,0,
2026-09-22 06:xx UTC (scan),SXTC,ticker=SXTC · TV NASDAQ:SXTC via scan map · Yahoo SXTC,M2_هبوط_فوق_97,M2_هبوط_فوق_97,MATCH,2.38,83758.2416,100.0,145.7,71.3,2113136.0,430,drop > MAX_DROP_PCT 99.95,see sequence,see sequence,yes — daily recompute (no state carried),M2_هبوط_تحت_40,2,2026-08-10
2026-09-22 06:xx UTC (scan),HUBC,ticker=HUBC · TV NASDAQ:HUBC via scan map · Yahoo HUBC,M2_هبوط_فوق_97,M2_هبوط_فوق_97,MATCH,6.0,877500.0,100.0,512.8,317.4,493033.0,430,drop > MAX_DROP_PCT 99.95,see sequence,see sequence,yes — daily recompute (no state carried),M2_هبوط_تحت_40,4,2026-09-14
2026-09-22 06:xx UTC (scan),CRE,ticker=CRE · TV NASDAQ:CRE via scan map · Yahoo CRE,M_لا_مستوى_مختبر,M_لا_مستوى_مختبر,MATCH,3.07,14.64,79.03,182.0,36.5,22774506.0,293,tested_level: <2 touch clusters of 30-bar low within 1.5%,see sequence,see sequence,yes — daily recompute (no state carried),M2_هبوط_تحت_40,1,2026-02-13
2026-09-23 06:xx UTC (scan),DKI,ticker=DKI · TV NASDAQ:DKI via scan map · Yahoo DKI,M_لا_مستوى_مختبر,M_لا_مستوى_مختبر,MATCH,2.54,188.8,98.65,228.1,44.0,165204.0,282,tested_level: <2 touch clusters of 30-bar low within 1.5%,see sequence,see sequence,yes — daily recompute (no state carried),M_لا_مستوى_مختبر,0,
2026-09-23 06:xx UTC (scan),SXTC,ticker=SXTC · TV NASDAQ:SXTC via scan map · Yahoo SXTC,M2_هبوط_فوق_97,M2_هبوط_فوق_97,MATCH,2.47,83758.2416,100.0,145.7,68.5,2093137.0,431,drop > MAX_DROP_PCT 99.95,see sequence,see sequence,yes — daily recompute (no state carried),M2_هبوط_تحت_40,2,2026-08-10
2026-09-23 06:xx UTC (scan),HUBC,ticker=HUBC · TV NASDAQ:HUBC via scan map · Yahoo HUBC,M2_هبوط_فوق_97,M2_هبوط_فوق_97,MATCH,4.24,877500.0,100.0,512.8,413.9,628063.0,431,drop > MAX_DROP_PCT 99.95,see sequence,see sequence,yes — daily recompute (no state carried),M2_هبوط_تحت_40,4,2026-09-14
2026-09-23 06:xx UTC (scan),CRE,ticker=CRE · TV NASDAQ:CRE via scan map · Yahoo CRE,M_لا_مستوى_مختبر,M_لا_مستوى_مختبر,MATCH,2.95,14.64,79.85,182.0,23.1,22774272.0,294,tested_level: <2 touch clusters of 30-bar low within 1.5%,see sequence,see sequence,yes — daily recompute (no state carried),M2_هبوط_تحت_40,1,2026-02-13
2026-09-24 06:xx UTC (scan),DKI,ticker=DKI · TV NASDAQ:DKI via scan map · Yahoo DKI,M_لا_مستوى_مختبر,M_لا_مستوى_مختبر,MATCH,2.58,188.8,98.63,228.1,40.1,162445.0,283,tested_level: <2 touch clusters of 30-bar low within 1.5%,see sequence,see sequence,yes — daily recompute (no state carried),M_لا_مستوى_مختبر,0,
2026-09-24 06:xx UTC (scan),SXTC,ticker=SXTC · TV NASDAQ:SXTC via scan map · Yahoo SXTC,M2_هبوط_فوق_97,M2_هبوط_فوق_97,MATCH,2.51,83758.2416,100.0,145.7,68.5,2070560.0,432,drop > MAX_DROP_PCT 99.95,see sequence,see sequence,yes — daily recompute (no state carried),M2_هبوط_تحت_40,2,2026-08-10
2026-09-24 06:xx UTC (scan),HUBC,ticker=HUBC · TV NASDAQ:HUBC via scan map · Yahoo HUBC,M2_هبوط_فوق_97,M2_هبوط_فوق_97,MATCH,3.21,877500.0,100.0,512.8,499.8,690813.0,432,drop > MAX_DROP_PCT 99.95,see sequence,see sequence,yes — daily recompute (no state carried),M2_هبوط_تحت_40,4,2026-09-14
2026-09-24 06:xx UTC (scan),CRE,ticker=CRE · TV NASDAQ:CRE via scan map · Yahoo CRE,M_لا_مستوى_مختبر,M_لا_مستوى_مختبر,MATCH,2.91,14.64,80.12,182.0,23.1,22792541.0,295,tested_level: <2 touch clusters of 30-bar low within 1.5%,see sequence,see sequence,yes — daily recompute (no state carried),M2_هبوط_تحت_40,1,2026-02-13
2026-09-25 06:xx UTC (scan),DKI,ticker=DKI · TV NASDAQ:DKI via scan map · Yahoo DKI,M_لا_مستوى_مختبر,M_لا_مستوى_مختبر,MATCH,2.9,188.8,98.46,228.1,33.2,189225.0,284,tested_level: <2 touch clusters of 30-bar low within 1.5%,see sequence,see sequence,yes — daily recompute (no state carried),M_لا_مستوى_مختبر,0,
2026-09-25 06:xx UTC (scan),SXTC,ticker=SXTC · TV NASDAQ:SXTC via scan map · Yahoo SXTC,M2_هبوط_فوق_97,M2_هبوط_فوق_97,MATCH,2.55,83758.2416,100.0,145.7,68.5,2062207.0,433,drop > MAX_DROP_PCT 99.95,see sequence,see sequence,yes — daily recompute (no state carried),M2_هبوط_تحت_40,2,2026-08-10
2026-09-25 06:xx UTC (scan),HUBC,ticker=HUBC · TV NASDAQ:HUBC via scan map · Yahoo HUBC,M2_هبوط_فوق_97,M2_هبوط_فوق_97,MATCH,2.33,821250.0,100.0,512.8,707.5,729891.0,433,drop > MAX_DROP_PCT 99.95,see sequence,see sequence,yes — daily recompute (no state carried),M4_base_واسعة,4,2026-09-14
2026-09-25 06:xx UTC (scan),CRE,ticker=CRE · TV NASDAQ:CRE via scan map · Yahoo CRE,M_لا_مستوى_مختبر,M_لا_مستوى_مختبر,MATCH,3.01,14.64,79.44,182.0,23.1,577821.0,296,tested_level: <2 touch clusters of 30-bar low within 1.5%,see sequence,see sequence,yes — daily recompute (no state carried),M2_هبوط_تحت_40,1,2026-02-13
2026-09-26 06:xx UTC (scan),DKI,ticker=DKI · TV NASDAQ:DKI via scan map · Yahoo DKI,M_لا_مستوى_مختبر,M_لا_مستوى_مختبر,MATCH,2.73,188.8,98.55,228.1,33.2,194554.0,285,tested_level: <2 touch clusters of 30-bar low within 1.5%,see sequence,see sequence,yes — daily recompute (no state carried),M_لا_مستوى_مختبر,0,
2026-09-26 06:xx UTC (scan),SXTC,ticker=SXTC · TV NASDAQ:SXTC via scan map · Yahoo SXTC,M2_هبوط_فوق_97,M2_هبوط_فوق_97,MATCH,2.57,83758.2416,100.0,145.7,68.5,2045347.0,434,drop > MAX_DROP_PCT 99.95,see sequence,see sequence,yes — daily recompute (no state carried),M2_هبوط_تحت_40,2,2026-08-10
2026-09-26 06:xx UTC (scan),HUBC,ticker=HUBC · TV NASDAQ:HUBC via scan map · Yahoo HUBC,M2_هبوط_فوق_97,M2_هبوط_فوق_97,MATCH,1.9,816112.5,100.0,512.8,909.2,792632.0,434,drop > MAX_DROP_PCT 99.95,see sequence,see sequence,yes — daily recompute (no state carried),M4_base_واسعة,4,2026-09-14
2026-09-26 06:xx UTC (scan),CRE,ticker=CRE · TV NASDAQ:CRE via scan map · Yahoo CRE,M_لا_مستوى_مختبر,M_لا_مستوى_مختبر,MATCH,2.82,14.64,80.74,182.0,52.3,238379.0,297,tested_level: <2 touch clusters of 30-bar low within 1.5%,see sequence,see sequence,yes — daily recompute (no state carried),M2_هبوط_تحت_40,1,2026-02-13
2026-09-29 06:xx UTC (scan),DKI,ticker=DKI · TV NASDAQ:DKI via scan map · Yahoo DKI,M_لا_مستوى_مختبر,M_لا_مستوى_مختبر,MATCH,2.6,188.8,98.62,228.1,26.7,195206.0,286,tested_level: <2 touch clusters of 30-bar low within 1.5%,see sequence,see sequence,yes — daily recompute (no state carried),M_لا_مستوى_مختبر,0,
2026-09-29 06:xx UTC (scan),SXTC,ticker=SXTC · TV NASDAQ:SXTC via scan map · Yahoo SXTC,M2_هبوط_فوق_97,M2_هبوط_فوق_97,MATCH,2.52,83758.2416,100.0,145.7,68.5,2030150.0,435,drop > MAX_DROP_PCT 99.95,see sequence,see sequence,yes — daily recompute (no state carried),M2_هبوط_تحت_40,2,2026-08-10
2026-09-29 06:xx UTC (scan),HUBC,ticker=HUBC · TV NASDAQ:HUBC via scan map · Yahoo HUBC,M2_هبوط_فوق_97,M2_هبوط_فوق_97,MATCH,1.49,787500.0,100.0,512.8,1038.6,816931.0,435,drop > MAX_DROP_PCT 99.95,see sequence,see sequence,yes — daily recompute (no state carried),M4_base_واسعة,4,2026-09-14
2026-09-29 06:xx UTC (scan),CRE,ticker=CRE · TV NASDAQ:CRE via scan map · Yahoo CRE,M_لا_مستوى_مختبر,M_لا_مستوى_مختبر,MATCH,2.62,14.64,82.1,182.0,54.7,177209.0,298,tested_level: <2 touch clusters of 30-bar low within 1.5%,see sequence,see sequence,yes — daily recompute (no state carried),M2_هبوط_تحت_40,1,2026-02-13
2026-09-30 06:xx UTC (scan),DKI,ticker=DKI · TV NASDAQ:DKI via scan map · Yahoo DKI,M_لا_مستوى_مختبر,M_لا_مستوى_مختبر,MATCH,2.55,185.44,98.62,228.1,25.0,198414.0,287,tested_level: <2 touch clusters of 30-bar low within 1.5%,see sequence,see sequence,yes — daily recompute (no state carried),M_لا_مستوى_مختبر,0,
2026-09-30 06:xx UTC (scan),SXTC,ticker=SXTC · TV NASDAQ:SXTC via scan map · Yahoo SXTC,M2_هبوط_فوق_97,M2_هبوط_فوق_97,MATCH,2.81,83758.2416,100.0,145.7,71.3,2131433.0,436,drop > MAX_DROP_PCT 99.95,see sequence,see sequence,yes — daily recompute (no state carried),M2_هبوط_تحت_40,2,2026-08-10
2026-09-30 06:xx UTC (scan),HUBC,ticker=HUBC · TV NASDAQ:HUBC via scan map · Yahoo HUBC,M2_هبوط_فوق_97,M2_هبوط_فوق_97,MATCH,0.995,787500.0,100.0,512.8,1576.5,850341.0,436,drop > MAX_DROP_PCT 99.95,see sequence,see sequence,yes — daily recompute (no state carried),M4_base_واسعة,4,2026-09-14
2026-09-30 06:xx UTC (scan),CRE,ticker=CRE · TV NASDAQ:CRE via scan map · Yahoo CRE,M_لا_مستوى_مختبر,M_لا_مستوى_مختبر,MATCH,2.61,14.64,82.17,182.0,54.7,158678.0,299,tested_level: <2 touch clusters of 30-bar low within 1.5%,see sequence,see sequence,yes — daily recompute (no state carried),M2_هبوط_تحت_40,1,2026-02-13
2026-10-01 06:xx UTC (scan),DKI,ticker=DKI · TV NASDAQ:DKI via scan map · Yahoo DKI,M_لا_مستوى_مختبر,M_لا_مستوى_مختبر,MATCH,1.57,185.44,99.15,228.1,105.7,547489.0,288,tested_level: <2 touch clusters of 30-bar low within 1.5%,see sequence,see sequence,yes — daily recompute (no state carried),M_لا_مستوى_مختبر,0,
2026-10-01 06:xx UTC (scan),SXTC,ticker=SXTC · TV NASDAQ:SXTC via scan map · Yahoo SXTC,M2_هبوط_فوق_97,M2_هبوط_فوق_97,MATCH,3.01,83758.2416,100.0,145.7,74.2,2144424.0,437,drop > MAX_DROP_PCT 99.95,see sequence,see sequence,yes — daily recompute (no state carried),M2_هبوط_تحت_40,2,2026-08-10
2026-10-01 06:xx UTC (scan),HUBC,ticker=HUBC · TV NASDAQ:HUBC via scan map · Yahoo HUBC,M2_هبوط_فوق_97,M2_هبوط_فوق_97,MATCH,0.995,787500.0,100.0,512.8,1372.9,871771.0,437,drop > MAX_DROP_PCT 99.95,see sequence,see sequence,yes — daily recompute (no state carried),M4_base_واسعة,4,2026-09-14
2026-10-01 06:xx UTC (scan),CRE,ticker=CRE · TV NASDAQ:CRE via scan map · Yahoo CRE,M_لا_مستوى_مختبر,M_لا_مستوى_مختبر,MATCH,2.61,14.64,82.17,182.0,54.7,146895.0,300,tested_level: <2 touch clusters of 30-bar low within 1.5%,see sequence,see sequence,yes — daily recompute (no state carried),M2_هبوط_تحت_40,1,2026-02-13
2026-10-02 06:xx UTC (scan),DKI,ticker=DKI · TV NASDAQ:DKI via scan map · Yahoo DKI,M4_base_واسعة,M4_base_واسعة,MATCH,1.29,20.0,93.55,228.1,163.6,574754.0,289,base range(15) > 120,see sequence,see sequence,yes — daily recompute (no state carried),M4_base_واسعة,0,
2026-10-02 06:xx UTC (scan),SXTC,ticker=SXTC · TV NASDAQ:SXTC via scan map · Yahoo SXTC,M2_هبوط_فوق_97,M2_هبوط_فوق_97,MATCH,2.96,83758.2416,100.0,145.7,54.2,2176953.0,438,drop > MAX_DROP_PCT 99.95,see sequence,see sequence,yes — daily recompute (no state carried),M2_هبوط_تحت_40,2,2026-08-10
2026-10-02 06:xx UTC (scan),HUBC,ticker=HUBC · TV NASDAQ:HUBC via scan map · Yahoo HUBC,M2_هبوط_فوق_97,M2_هبوط_فوق_97,MATCH,1.03,787500.0,100.0,512.8,1093.9,876882.0,438,drop > MAX_DROP_PCT 99.95,see sequence,see sequence,yes — daily recompute (no state carried),M4_base_واسعة,4,2026-09-14
2026-10-02 06:xx UTC (scan),CRE,ticker=CRE · TV NASDAQ:CRE via scan map · Yahoo CRE,M_لا_مستوى_مختبر,M_لا_مستوى_مختبر,MATCH,2.71,11.2212,75.85,182.0,54.7,145784.0,301,tested_level: <2 touch clusters of 30-bar low within 1.5%,see sequence,see sequence,yes — daily recompute (no state carried),M2_هبوط_تحت_40,1,2026-02-13
2026-10-03 06:xx UTC (scan),DKI,ticker=DKI · TV NASDAQ:DKI via scan map · Yahoo DKI,M4_base_واسعة,M4_base_واسعة,MATCH,1.38,20.0,93.1,228.1,163.6,592073.0,290,base range(15) > 120,see sequence,see sequence,yes — daily recompute (no state carried),M4_base_واسعة,0,
2026-10-03 06:xx UTC (scan),SXTC,ticker=SXTC · TV NASDAQ:SXTC via scan map · Yahoo SXTC,M2_هبوط_فوق_97,M2_هبوط_فوق_97,MATCH,2.41,83758.2416,100.0,145.7,68.5,2265463.0,439,drop > MAX_DROP_PCT 99.95,see sequence,see sequence,yes — daily recompute (no state carried),M2_هبوط_تحت_40,2,2026-08-10
2026-10-03 06:xx UTC (scan),HUBC,ticker=HUBC · TV NASDAQ:HUBC via scan map · Yahoo HUBC,M2_هبوط_فوق_97,M2_هبوط_فوق_97,MATCH,1.01,787500.0,100.0,512.8,882.9,884101.0,439,drop > MAX_DROP_PCT 99.95,see sequence,see sequence,yes — daily recompute (no state carried),M4_base_واسعة,4,2026-09-14
2026-10-03 06:xx UTC (scan),CRE,ticker=CRE · TV NASDAQ:CRE via scan map · Yahoo CRE,M_لا_مستوى_مختبر,M_لا_مستوى_مختبر,MATCH,2.7,10.44,74.14,182.0,54.7,140119.0,302,tested_level: <2 touch clusters of 30-bar low within 1.5%,see sequence,see sequence,yes — daily recompute (no state carried),M2_هبوط_تحت_40,1,2026-02-13
2026-10-06 06:xx UTC (scan),DKI,ticker=DKI · TV NASDAQ:DKI via scan map · Yahoo DKI,M4_base_واسعة,M4_base_واسعة,MATCH,1.5,19.36,92.25,228.1,163.6,607344.0,291,base range(15) > 120,see sequence,see sequence,yes — daily recompute (no state carried),M4_base_واسعة,0,
2026-10-06 06:xx UTC (scan),SXTC,ticker=SXTC · TV NASDAQ:SXTC via scan map · Yahoo SXTC,M2_هبوط_فوق_97,M2_هبوط_فوق_97,MATCH,2.08,83758.2416,100.0,145.7,112.3,2358678.0,440,drop > MAX_DROP_PCT 99.95,see sequence,see sequence,yes — daily recompute (no state carried),M2_هبوط_تحت_40,2,2026-08-10
2026-10-06 06:xx UTC (scan),HUBC,ticker=HUBC · TV NASDAQ:HUBC via scan map · Yahoo HUBC,M2_هبوط_فوق_97,M2_هبوط_فوق_97,MATCH,0.9999,787500.0,100.0,512.8,736.2,885928.0,440,drop > MAX_DROP_PCT 99.95,see sequence,see sequence,yes — daily recompute (no state carried),M4_base_واسعة,4,2026-09-14
2026-10-06 06:xx UTC (scan),CRE,ticker=CRE · TV NASDAQ:CRE via scan map · Yahoo CRE,(not listed · candidate or sampled-out),PASS,NOT_LOGGED,2.67,9.84,72.87,182.0,54.7,138768.0,303,—,see sequence,see sequence,yes — daily recompute (no state carried),M2_هبوط_تحت_40,1,2026-02-13
2026-10-07 06:xx UTC (scan),DKI,ticker=DKI · TV NASDAQ:DKI via scan map · Yahoo DKI,M4_base_واسعة,M4_base_واسعة,MATCH,1.36,19.36,92.98,228.1,163.6,613140.0,292,base range(15) > 120,see sequence,see sequence,yes — daily recompute (no state carried),M4_base_واسعة,0,
2026-10-07 06:xx UTC (scan),SXTC,ticker=SXTC · TV NASDAQ:SXTC via scan map · Yahoo SXTC,M2_هبوط_فوق_97,M2_هبوط_فوق_97,MATCH,1.25,83758.2416,100.0,145.7,177.1,2951237.0,441,drop > MAX_DROP_PCT 99.95,see sequence,see sequence,yes — daily recompute (no state carried),M4_base_واسعة,2,2026-08-10
2026-10-07 06:xx UTC (scan),HUBC,ticker=HUBC · TV NASDAQ:HUBC via scan map · Yahoo HUBC,M2_هبوط_فوق_97,M2_هبوط_فوق_97,MATCH,1.05,787500.0,100.0,512.8,635.3,898212.0,441,drop > MAX_DROP_PCT 99.95,see sequence,see sequence,yes — daily recompute (no state carried),M4_base_واسعة,4,2026-09-14
2026-10-07 06:xx UTC (scan),CRE,ticker=CRE · TV NASDAQ:CRE via scan map · Yahoo CRE,(not listed · candidate or sampled-out),PASS,NOT_LOGGED,2.6,9.6,72.92,182.0,54.7,137819.0,304,—,see sequence,see sequence,yes — daily recompute (no state carried),M2_هبوط_تحت_40,1,2026-02-13
2026-10-08 06:xx UTC (scan),DKI,ticker=DKI · TV NASDAQ:DKI via scan map · Yahoo DKI,M4_base_واسعة,M4_base_واسعة,MATCH,1.67,19.36,91.37,228.1,230.9,4603882.0,293,base range(15) > 120,see sequence,see sequence,yes — daily recompute (no state carried),M4_base_واسعة,0,
2026-10-08 06:xx UTC (scan),SXTC,ticker=SXTC · TV NASDAQ:SXTC via scan map · Yahoo SXTC,M2_هبوط_فوق_97,M2_هبوط_فوق_97,MATCH,2.83,83758.2416,100.0,145.7,712.7,23684939.0,442,drop > MAX_DROP_PCT 99.95,see sequence,see sequence,yes — daily recompute (no state carried),M2_هبوط_تحت_40,2,2026-08-10
2026-10-08 06:xx UTC (scan),HUBC,ticker=HUBC · TV NASDAQ:HUBC via scan map · Yahoo HUBC,M2_هبوط_فوق_97,M2_هبوط_فوق_97,MATCH,0.9456,742500.0,100.0,512.8,635.3,901609.0,442,drop > MAX_DROP_PCT 99.95,see sequence,see sequence,yes — daily recompute (no state carried),M4_base_واسعة,4,2026-09-14
2026-10-08 06:xx UTC (scan),CRE,ticker=CRE · TV NASDAQ:CRE via scan map · Yahoo CRE,(not listed · candidate or sampled-out),M2_هبوط_تحت_40,NOT_LOGGED,2.65,9.198,71.19,182.0,54.7,137558.0,305,drop < MIN_DROP_FLOOR 71.72,see sequence,see sequence,yes — daily recompute (no state carried),M2_هبوط_تحت_40,1,2026-02-13
