CURRENT_TICKER,HISTORICAL_TICKER,SECURITY_ID,EXCHANGE,PROVIDER_ID,TRADINGVIEW_ID,YAHOO_ID,NASDAQ_ID_IF_AVAILABLE,INTERNAL_BOT_ID,COMPANY_ID_IF_AVAILABLE,FIRST_BAR,LAST_BAR,BARS,SPLITS_KNOWN,SPLIT_EVENTS_ALL,WATCHLIST_RECENT_SPLIT,IN_NEAR_WATCH_1008,SYMBOL_CHANGE,MERGER_SPINOFF,LISTING_CHANGE,DELISTING_RELISTING,ANCHOR
ADIL,UNKNOWN (no symbol-change source in repo),UNKNOWN (bot has no security id; ticker string is the key),NASDAQ (universe = nasdaqlisted.txt; probe map=scan),tradingview NASDAQ:ADIL (scan map) · yahoo ADIL,NASDAQ:ADIL (scan map; not verified offline),ADIL,UNKNOWN,ADIL (ticker string),UNKNOWN,2025-01-02,2026-10-08,443,yes,2023-08-07 1:25; 2026-02-06 1:25,,,UNKNOWN,UNKNOWN,UNKNOWN,UNKNOWN,
AEHL,UNKNOWN (no symbol-change source in repo),UNKNOWN (bot has no security id; ticker string is the key),NASDAQ (universe = nasdaqlisted.txt; probe map=scan),tradingview NASDAQ:AEHL (scan map) · yahoo AEHL,NASDAQ:AEHL (scan map; not verified offline),AEHL,UNKNOWN,AEHL (ticker string),UNKNOWN,2025-01-02,2026-10-08,443,yes,2016-06-28 1:8; 2020-09-03 1:3; 2023-09-18 1:10; 2025-04-04 1:40; 2026-03-05 1:6; 2026-08-10 1:16,,yes,UNKNOWN,UNKNOWN,UNKNOWN,UNKNOWN,
AEMD,UNKNOWN (no symbol-change source in repo),UNKNOWN (bot has no security id; ticker string is the key),NASDAQ (universe = nasdaqlisted.txt; probe map=scan),tradingview NASDAQ:AEMD (scan map) · yahoo AEMD,NASDAQ:AEMD (scan map; not verified offline),AEMD,UNKNOWN,AEMD (ticker string),UNKNOWN,2025-01-02,2026-10-08,443,yes,2015-04-14 1:50; 2019-10-15 1:15; 2023-10-05 1:10; 2025-06-09 1:8; 2025-10-20 1:10; 2026-08-04 1:5,,yes,UNKNOWN,UNKNOWN,UNKNOWN,UNKNOWN,
AFJK,UNKNOWN (no symbol-change source in repo),UNKNOWN (bot has no security id; ticker string is the key),NASDAQ (universe = nasdaqlisted.txt; probe map=scan),tradingview NASDAQ:AFJK (scan map) · yahoo AFJK,NASDAQ:AFJK (scan map; not verified offline),AFJK,UNKNOWN,AFJK (ticker string),UNKNOWN,2025-01-02,2026-10-07,312,yes,none in source,null,,UNKNOWN,UNKNOWN,UNKNOWN,UNKNOWN,
AIFA,UNKNOWN (no symbol-change source in repo),UNKNOWN (bot has no security id; ticker string is the key),NASDAQ (universe = nasdaqlisted.txt; probe map=scan),tradingview NASDAQ:AIFA (scan map) · yahoo AIFA,NASDAQ:AIFA (scan map; not verified offline),AIFA,UNKNOWN,AIFA (ticker string),UNKNOWN,2025-01-02,2026-10-08,443,yes,2026-06-12 1:6,,,UNKNOWN,UNKNOWN,UNKNOWN,UNKNOWN,
AIXI,UNKNOWN (no symbol-change source in repo),UNKNOWN (bot has no security id; ticker string is the key),NASDAQ (universe = nasdaqlisted.txt; probe map=scan),tradingview NASDAQ:AIXI (scan map) · yahoo AIXI,NASDAQ:AIXI (scan map; not verified offline),AIXI,UNKNOWN,AIXI (ticker string),UNKNOWN,2025-01-02,2026-10-08,443,yes,2024-08-23 1:9; 2026-05-11 1:20; 2026-09-08 1:7,,yes,UNKNOWN,UNKNOWN,UNKNOWN,UNKNOWN,
ALP,UNKNOWN (no symbol-change source in repo),UNKNOWN (bot has no security id; ticker string is the key),NASDAQ (universe = nasdaqlisted.txt; probe map=scan),tradingview NASDAQ:ALP (scan map) · yahoo ALP,NASDAQ:ALP (scan map; not verified offline),ALP,UNKNOWN,ALP (ticker string),UNKNOWN,2025-01-02,2026-10-08,443,yes,2003-04-21 1:7; 2020-06-04 1:100; 2024-08-15 1:20; 2026-09-09 1:50,,yes,UNKNOWN,UNKNOWN,UNKNOWN,UNKNOWN,
AMBR,UNKNOWN (no symbol-change source in repo),UNKNOWN (bot has no security id; ticker string is the key),NASDAQ (universe = nasdaqlisted.txt; probe map=scan),tradingview NASDAQ:AMBR (scan map) · yahoo AMBR,NASDAQ:AMBR (scan map; not verified offline),AMBR,UNKNOWN,AMBR (ticker string),UNKNOWN,2025-01-02,2026-10-08,443,yes,2022-11-14 1:10,,,UNKNOWN,UNKNOWN,UNKNOWN,UNKNOWN,
AMIX,UNKNOWN (no symbol-change source in repo),UNKNOWN (bot has no security id; ticker string is the key),NASDAQ (universe = nasdaqlisted.txt; probe map=scan),tradingview NASDAQ:AMIX (scan map) · yahoo AMIX,NASDAQ:AMIX (scan map; not verified offline),AMIX,UNKNOWN,AMIX (ticker string),UNKNOWN,2025-01-02,2026-10-08,443,yes,2024-10-25 1:20; 2026-06-24 1:21,"[""2026-06-24"", 0.047619047619047616]",yes,UNKNOWN,UNKNOWN,UNKNOWN,UNKNOWN,
AMOD,UNKNOWN (no symbol-change source in repo),UNKNOWN (bot has no security id; ticker string is the key),NASDAQ (universe = nasdaqlisted.txt; probe map=scan),tradingview NASDAQ:AMOD (scan map) · yahoo AMOD,NASDAQ:AMOD (scan map; not verified offline),AMOD,UNKNOWN,AMOD (ticker string),UNKNOWN,2025-01-02,2026-10-08,443,yes,2026-06-15 1:40,,yes,UNKNOWN,UNKNOWN,UNKNOWN,UNKNOWN,
ARCT,UNKNOWN (no symbol-change source in repo),UNKNOWN (bot has no security id; ticker string is the key),NASDAQ (universe = nasdaqlisted.txt; probe map=scan),tradingview NASDAQ:ARCT (scan map) · yahoo ARCT,NASDAQ:ARCT (scan map; not verified offline),ARCT,UNKNOWN,ARCT (ticker string),UNKNOWN,2025-01-02,2026-10-08,443,yes,2017-11-16 1:7,,,UNKNOWN,UNKNOWN,UNKNOWN,UNKNOWN,
ARTL,UNKNOWN (no symbol-change source in repo),UNKNOWN (bot has no security id; ticker string is the key),NASDAQ (universe = nasdaqlisted.txt; probe map=scan),tradingview NASDAQ:ARTL (scan map) · yahoo ARTL,NASDAQ:ARTL (scan map; not verified offline),ARTL,UNKNOWN,ARTL (ticker string),UNKNOWN,2025-01-02,2026-10-08,443,yes,2022-08-10 1:15; 2025-06-13 1:6; 2026-03-10 1:3; 2026-08-31 1:9,,yes,UNKNOWN,UNKNOWN,UNKNOWN,UNKNOWN,
ASST,UNKNOWN (no symbol-change source in repo),UNKNOWN (bot has no security id; ticker string is the key),NASDAQ (universe = nasdaqlisted.txt; probe map=scan),tradingview NASDAQ:ASST (scan map) · yahoo ASST,NASDAQ:ASST (scan map; not verified offline),ASST,UNKNOWN,ASST (ticker string),UNKNOWN,2025-01-02,2026-10-08,443,yes,2024-07-02 1:5; 2026-02-06 1:20,,,UNKNOWN,UNKNOWN,UNKNOWN,UNKNOWN,
ATCX,UNKNOWN (no symbol-change source in repo),UNKNOWN (bot has no security id; ticker string is the key),NASDAQ (universe = nasdaqlisted.txt; probe map=scan),tradingview NASDAQ:ATCX (scan map) · yahoo ATCX,NASDAQ:ATCX (scan map; not verified offline),ATCX,UNKNOWN,ATCX (ticker string),UNKNOWN,2025-01-02,2026-10-08,343,yes,none in source,,yes,UNKNOWN,UNKNOWN,UNKNOWN,UNKNOWN,
ATER,UNKNOWN (no symbol-change source in repo),UNKNOWN (bot has no security id; ticker string is the key),NASDAQ (universe = nasdaqlisted.txt; probe map=scan),tradingview NASDAQ:ATER (scan map) · yahoo ATER,NASDAQ:ATER (scan map; not verified offline),ATER,UNKNOWN,ATER (ticker string),UNKNOWN,2025-01-02,2026-10-08,443,yes,2024-03-22 1:12,,,UNKNOWN,UNKNOWN,UNKNOWN,UNKNOWN,
AVAT,UNKNOWN (no symbol-change source in repo),UNKNOWN (bot has no security id; ticker string is the key),NASDAQ (universe = nasdaqlisted.txt; probe map=scan),tradingview NASDAQ:AVAT (scan map) · yahoo AVAT,NASDAQ:AVAT (scan map; not verified offline),AVAT,UNKNOWN,AVAT (ticker string),UNKNOWN,2025-02-03,2026-10-08,360,yes,none in source,,yes,UNKNOWN,UNKNOWN,UNKNOWN,UNKNOWN,
AZI,UNKNOWN (no symbol-change source in repo),UNKNOWN (bot has no security id; ticker string is the key),NASDAQ (universe = nasdaqlisted.txt; probe map=scan),tradingview NASDAQ:AZI (scan map) · yahoo AZI,NASDAQ:AZI (scan map; not verified offline),AZI,UNKNOWN,AZI (ticker string),UNKNOWN,2025-01-02,2026-10-08,443,yes,2025-12-12 1:50; 2026-03-23 1:10,,,UNKNOWN,UNKNOWN,UNKNOWN,UNKNOWN,
BANL,UNKNOWN (no symbol-change source in repo),UNKNOWN (bot has no security id; ticker string is the key),NASDAQ (universe = nasdaqlisted.txt; probe map=scan),tradingview NASDAQ:BANL (scan map) · yahoo BANL,NASDAQ:BANL (scan map; not verified offline),BANL,UNKNOWN,BANL (ticker string),UNKNOWN,2025-01-02,2026-10-08,443,yes,2026-07-20 1:13,,yes,UNKNOWN,UNKNOWN,UNKNOWN,UNKNOWN,
BCG,UNKNOWN (no symbol-change source in repo),UNKNOWN (bot has no security id; ticker string is the key),NASDAQ (universe = nasdaqlisted.txt; probe map=scan),tradingview NASDAQ:BCG (scan map) · yahoo BCG,NASDAQ:BCG (scan map; not verified offline),BCG,UNKNOWN,BCG (ticker string),UNKNOWN,2025-01-02,2026-10-08,442,yes,none in source,,,UNKNOWN,UNKNOWN,UNKNOWN,UNKNOWN,
BCTX,UNKNOWN (no symbol-change source in repo),UNKNOWN (bot has no security id; ticker string is the key),NASDAQ (universe = nasdaqlisted.txt; probe map=scan),tradingview NASDAQ:BCTX (scan map) · yahoo BCTX,NASDAQ:BCTX (scan map; not verified offline),BCTX,UNKNOWN,BCTX (ticker string),UNKNOWN,2025-01-02,2026-10-08,443,yes,2014-12-03 1:3; 2020-01-02 1:300; 2025-08-25 1:10,null,,UNKNOWN,UNKNOWN,UNKNOWN,UNKNOWN,
BEAT,UNKNOWN (no symbol-change source in repo),UNKNOWN (bot has no security id; ticker string is the key),NASDAQ (universe = nasdaqlisted.txt; probe map=scan),tradingview NASDAQ:BEAT (scan map) · yahoo BEAT,NASDAQ:BEAT (scan map; not verified offline),BEAT,UNKNOWN,BEAT (ticker string),UNKNOWN,2025-01-02,2026-10-08,443,yes,none in source,,yes,UNKNOWN,UNKNOWN,UNKNOWN,UNKNOWN,
BENF,UNKNOWN (no symbol-change source in repo),UNKNOWN (bot has no security id; ticker string is the key),NASDAQ (universe = nasdaqlisted.txt; probe map=scan),tradingview NASDAQ:BENF (scan map) · yahoo BENF,NASDAQ:BENF (scan map; not verified offline),BENF,UNKNOWN,BENF (ticker string),UNKNOWN,2025-01-02,2026-10-08,443,yes,2024-04-18 1:80; 2025-12-15 1:8,,yes,UNKNOWN,UNKNOWN,UNKNOWN,UNKNOWN,
BETA,UNKNOWN (no symbol-change source in repo),UNKNOWN (bot has no security id; ticker string is the key),NASDAQ (universe = nasdaqlisted.txt; probe map=scan),tradingview NASDAQ:BETA (scan map) · yahoo BETA,NASDAQ:BETA (scan map; not verified offline),BETA,UNKNOWN,BETA (ticker string),UNKNOWN,2025-11-04,2026-10-08,233,yes,none in source,,,UNKNOWN,UNKNOWN,UNKNOWN,UNKNOWN,
BFRG,UNKNOWN (no symbol-change source in repo),UNKNOWN (bot has no security id; ticker string is the key),NASDAQ (universe = nasdaqlisted.txt; probe map=scan),tradingview NASDAQ:BFRG (scan map) · yahoo BFRG,NASDAQ:BFRG (scan map; not verified offline),BFRG,UNKNOWN,BFRG (ticker string),UNKNOWN,2025-01-02,2026-10-08,443,yes,none in source,,,UNKNOWN,UNKNOWN,UNKNOWN,UNKNOWN,
BGMS,UNKNOWN (no symbol-change source in repo),UNKNOWN (bot has no security id; ticker string is the key),NASDAQ (universe = nasdaqlisted.txt; probe map=scan),tradingview NASDAQ:BGMS (scan map) · yahoo BGMS,NASDAQ:BGMS (scan map; not verified offline),BGMS,UNKNOWN,BGMS (ticker string),UNKNOWN,2025-01-02,2026-10-08,443,yes,2006-03-27 1:10; 2012-08-27 1:7; 2016-05-31 1:12; 2020-04-15 1:20; 2023-12-18 1:15; 2025-05-12 1:16; 2025-07-07 1:15,,yes,UNKNOWN,UNKNOWN,UNKNOWN,UNKNOWN,
BIAF,UNKNOWN (no symbol-change source in repo),UNKNOWN (bot has no security id; ticker string is the key),NASDAQ (universe = nasdaqlisted.txt; probe map=scan),tradingview NASDAQ:BIAF (scan map) · yahoo BIAF,NASDAQ:BIAF (scan map; not verified offline),BIAF,UNKNOWN,BIAF (ticker string),UNKNOWN,2025-01-02,2026-10-08,443,yes,2025-09-19 1:30; 2026-08-24 1:15,,yes,UNKNOWN,UNKNOWN,UNKNOWN,UNKNOWN,
BIRD,UNKNOWN (no symbol-change source in repo),UNKNOWN (bot has no security id; ticker string is the key),NASDAQ (universe = nasdaqlisted.txt; probe map=scan),tradingview NASDAQ:BIRD (scan map) · yahoo BIRD,NASDAQ:BIRD (scan map; not verified offline),BIRD,UNKNOWN,BIRD (ticker string),UNKNOWN,2025-01-02,2026-10-08,443,yes,2024-09-05 1:20,,yes,UNKNOWN,UNKNOWN,UNKNOWN,UNKNOWN,
BNC,UNKNOWN (no symbol-change source in repo),UNKNOWN (bot has no security id; ticker string is the key),NASDAQ (universe = nasdaqlisted.txt; probe map=scan),tradingview NASDAQ:BNC (scan map) · yahoo BNC,NASDAQ:BNC (scan map; not verified offline),BNC,UNKNOWN,BNC (ticker string),UNKNOWN,2025-01-02,2026-10-08,432,yes,2022-02-09 1:150; 2024-06-07 1:12,,,UNKNOWN,UNKNOWN,UNKNOWN,UNKNOWN,
BNKK,UNKNOWN (no symbol-change source in repo),UNKNOWN (bot has no security id; ticker string is the key),NASDAQ (universe = nasdaqlisted.txt; probe map=scan),tradingview NASDAQ:BNKK (scan map) · yahoo BNKK,NASDAQ:BNKK (scan map; not verified offline),BNKK,UNKNOWN,BNKK (ticker string),UNKNOWN,2025-01-02,2026-10-08,443,yes,2025-12-11 1:35,,yes,UNKNOWN,UNKNOWN,UNKNOWN,UNKNOWN,
BNR,UNKNOWN (no symbol-change source in repo),UNKNOWN (bot has no security id; ticker string is the key),NASDAQ (universe = nasdaqlisted.txt; probe map=scan),tradingview NASDAQ:BNR (scan map) · yahoo BNR,NASDAQ:BNR (scan map; not verified offline),BNR,UNKNOWN,BNR (ticker string),UNKNOWN,2025-01-02,2026-10-08,439,yes,2024-05-15 1:10,null,,UNKNOWN,UNKNOWN,UNKNOWN,UNKNOWN,
BRLS,UNKNOWN (no symbol-change source in repo),UNKNOWN (bot has no security id; ticker string is the key),NASDAQ (universe = nasdaqlisted.txt; probe map=scan),tradingview NASDAQ:BRLS (scan map) · yahoo BRLS,NASDAQ:BRLS (scan map; not verified offline),BRLS,UNKNOWN,BRLS (ticker string),UNKNOWN,2025-01-02,2026-10-08,422,yes,none in source,,yes,UNKNOWN,UNKNOWN,UNKNOWN,UNKNOWN,
BRNX,UNKNOWN (no symbol-change source in repo),UNKNOWN (bot has no security id; ticker string is the key),NASDAQ (universe = nasdaqlisted.txt; probe map=scan),tradingview NASDAQ:BRNX (scan map) · yahoo BRNX,NASDAQ:BRNX (scan map; not verified offline),BRNX,UNKNOWN,BRNX (ticker string),UNKNOWN,2025-01-02,2026-10-08,443,yes,2023-12-04 1:10; 2025-06-20 1:5; 2026-01-26 1:7; 2026-04-15 1:5; 2026-08-13 1:6,,yes,UNKNOWN,UNKNOWN,UNKNOWN,UNKNOWN,
BRTX,UNKNOWN (no symbol-change source in repo),UNKNOWN (bot has no security id; ticker string is the key),NASDAQ (universe = nasdaqlisted.txt; probe map=scan),tradingview NASDAQ:BRTX (scan map) · yahoo BRTX,NASDAQ:BRTX (scan map; not verified offline),BRTX,UNKNOWN,BRTX (ticker string),UNKNOWN,2025-01-02,2026-10-08,443,yes,2013-04-15 1:50; 2015-07-07 1:20; 2021-10-27 1:4000; 2026-09-08 1:20,,yes,UNKNOWN,UNKNOWN,UNKNOWN,UNKNOWN,
BTCS,UNKNOWN (no symbol-change source in repo),UNKNOWN (bot has no security id; ticker string is the key),NASDAQ (universe = nasdaqlisted.txt; probe map=scan),tradingview NASDAQ:BTCS (scan map) · yahoo BTCS,NASDAQ:BTCS (scan map; not verified offline),BTCS,UNKNOWN,BTCS (ticker string),UNKNOWN,2025-01-02,2026-10-08,443,yes,2017-02-15 1:60; 2019-04-10 1:30,null,yes,UNKNOWN,UNKNOWN,UNKNOWN,UNKNOWN,
BTCT,UNKNOWN (no symbol-change source in repo),UNKNOWN (bot has no security id; ticker string is the key),NASDAQ (universe = nasdaqlisted.txt; probe map=scan),tradingview NASDAQ:BTCT (scan map) · yahoo BTCT,NASDAQ:BTCT (scan map; not verified offline),BTCT,UNKNOWN,BTCT (ticker string),UNKNOWN,2025-01-02,2026-10-08,443,yes,2023-08-24 1:20,,,UNKNOWN,UNKNOWN,UNKNOWN,UNKNOWN,
BTOG,UNKNOWN (no symbol-change source in repo),UNKNOWN (bot has no security id; ticker string is the key),NASDAQ (universe = nasdaqlisted.txt; probe map=scan),tradingview NASDAQ:BTOG (scan map) · yahoo BTOG,NASDAQ:BTOG (scan map; not verified offline),BTOG,UNKNOWN,BTOG (ticker string),UNKNOWN,2025-01-02,2026-10-08,443,yes,2026-08-21 1:5,,,UNKNOWN,UNKNOWN,UNKNOWN,UNKNOWN,
BTTC,UNKNOWN (no symbol-change source in repo),UNKNOWN (bot has no security id; ticker string is the key),NASDAQ (universe = nasdaqlisted.txt; probe map=scan),tradingview NASDAQ:BTTC (scan map) · yahoo BTTC,NASDAQ:BTTC (scan map; not verified offline),BTTC,UNKNOWN,BTTC (ticker string),UNKNOWN,2025-01-02,2026-10-08,443,yes,none in source,,yes,UNKNOWN,UNKNOWN,UNKNOWN,UNKNOWN,
CAN,UNKNOWN (no symbol-change source in repo),UNKNOWN (bot has no security id; ticker string is the key),NASDAQ (universe = nasdaqlisted.txt; probe map=scan),tradingview NASDAQ:CAN (scan map) · yahoo CAN,NASDAQ:CAN (scan map; not verified offline),CAN,UNKNOWN,CAN (ticker string),UNKNOWN,2025-01-02,2026-10-08,443,yes,none in source,,yes,UNKNOWN,UNKNOWN,UNKNOWN,UNKNOWN,
CANF,UNKNOWN (no symbol-change source in repo),UNKNOWN (bot has no security id; ticker string is the key),NASDAQ (universe = nasdaqlisted.txt; probe map=scan),tradingview NASDAQ:CANF (scan map) · yahoo CANF,NASDAQ:CANF (scan map; not verified offline),CANF,UNKNOWN,CANF (ticker string),UNKNOWN,2025-01-02,2026-10-08,443,yes,2019-05-10 1:15; 2023-01-09 1:10; 2026-01-05 1:20,,,UNKNOWN,UNKNOWN,UNKNOWN,UNKNOWN,
CAPR,UNKNOWN (no symbol-change source in repo),UNKNOWN (bot has no security id; ticker string is the key),NASDAQ (universe = nasdaqlisted.txt; probe map=scan),tradingview NASDAQ:CAPR (scan map) · yahoo CAPR,NASDAQ:CAPR (scan map; not verified offline),CAPR,UNKNOWN,CAPR (ticker string),UNKNOWN,2025-01-02,2026-10-08,442,yes,2013-11-21 1:50; 2019-06-05 1:10,,yes,UNKNOWN,UNKNOWN,UNKNOWN,UNKNOWN,
CCHH,UNKNOWN (no symbol-change source in repo),UNKNOWN (bot has no security id; ticker string is the key),NASDAQ (universe = nasdaqlisted.txt; probe map=scan),tradingview NASDAQ:CCHH (scan map) · yahoo CCHH,NASDAQ:CCHH (scan map; not verified offline),CCHH,UNKNOWN,CCHH (ticker string),UNKNOWN,2025-10-03,2026-10-08,255,yes,2026-07-13 1:10,,yes,UNKNOWN,UNKNOWN,UNKNOWN,UNKNOWN,
CDIO,UNKNOWN (no symbol-change source in repo),UNKNOWN (bot has no security id; ticker string is the key),NASDAQ (universe = nasdaqlisted.txt; probe map=scan),tradingview NASDAQ:CDIO (scan map) · yahoo CDIO,NASDAQ:CDIO (scan map; not verified offline),CDIO,UNKNOWN,CDIO (ticker string),UNKNOWN,2025-01-02,2026-10-08,443,yes,2025-05-13 1:30,,,UNKNOWN,UNKNOWN,UNKNOWN,UNKNOWN,
CELU,UNKNOWN (no symbol-change source in repo),UNKNOWN (bot has no security id; ticker string is the key),NASDAQ (universe = nasdaqlisted.txt; probe map=scan),tradingview NASDAQ:CELU (scan map) · yahoo CELU,NASDAQ:CELU (scan map; not verified offline),CELU,UNKNOWN,CELU (ticker string),UNKNOWN,2025-01-02,2026-10-08,443,yes,2024-02-29 1:10,null,,UNKNOWN,UNKNOWN,UNKNOWN,UNKNOWN,
CETX,UNKNOWN (no symbol-change source in repo),UNKNOWN (bot has no security id; ticker string is the key),NASDAQ (universe = nasdaqlisted.txt; probe map=scan),tradingview NASDAQ:CETX (scan map) · yahoo CETX,NASDAQ:CETX (scan map; not verified offline),CETX,UNKNOWN,CETX (ticker string),UNKNOWN,2025-01-02,2026-10-08,443,yes,2019-06-13 1:8; 2023-01-25 1:35; 2024-10-03 1:60; 2024-11-26 1:35; 2025-09-29 1:15; 2026-06-05 1:10,,yes,UNKNOWN,UNKNOWN,UNKNOWN,UNKNOWN,
CGTL,UNKNOWN (no symbol-change source in repo),UNKNOWN (bot has no security id; ticker string is the key),NASDAQ (universe = nasdaqlisted.txt; probe map=scan),tradingview NASDAQ:CGTL (scan map) · yahoo CGTL,NASDAQ:CGTL (scan map; not verified offline),CGTL,UNKNOWN,CGTL (ticker string),UNKNOWN,2025-01-02,2026-10-08,442,yes,2026-07-07 1:15,"[""2026-07-07"", 0.06666666666666667]",,UNKNOWN,UNKNOWN,UNKNOWN,UNKNOWN,
CIIT,UNKNOWN (no symbol-change source in repo),UNKNOWN (bot has no security id; ticker string is the key),NASDAQ (universe = nasdaqlisted.txt; probe map=scan),tradingview NASDAQ:CIIT (scan map) · yahoo CIIT,NASDAQ:CIIT (scan map; not verified offline),CIIT,UNKNOWN,CIIT (ticker string),UNKNOWN,2025-01-03,2026-10-08,396,yes,2015-07-02 1:2; 2017-04-06 1:40; 2026-03-20 1:7; 2026-07-20 1:10,,yes,UNKNOWN,UNKNOWN,UNKNOWN,UNKNOWN,
CLIK,UNKNOWN (no symbol-change source in repo),UNKNOWN (bot has no security id; ticker string is the key),NASDAQ (universe = nasdaqlisted.txt; probe map=scan),tradingview NASDAQ:CLIK (scan map) · yahoo CLIK,NASDAQ:CLIK (scan map; not verified offline),CLIK,UNKNOWN,CLIK (ticker string),UNKNOWN,2025-01-02,2026-10-08,441,yes,2025-10-10 1:30,,yes,UNKNOWN,UNKNOWN,UNKNOWN,UNKNOWN,
CLIR,UNKNOWN (no symbol-change source in repo),UNKNOWN (bot has no security id; ticker string is the key),NASDAQ (universe = nasdaqlisted.txt; probe map=scan),tradingview NASDAQ:CLIR (scan map) · yahoo CLIR,NASDAQ:CLIR (scan map; not verified offline),CLIR,UNKNOWN,CLIR (ticker string),UNKNOWN,2025-01-02,2026-10-08,443,yes,2026-03-16 1:10,,,UNKNOWN,UNKNOWN,UNKNOWN,UNKNOWN,
CNMD,UNKNOWN (no symbol-change source in repo),UNKNOWN (bot has no security id; ticker string is the key),NASDAQ (universe = nasdaqlisted.txt; probe map=scan),tradingview NASDAQ:CNMD (scan map) · yahoo CNMD,NASDAQ:CNMD (scan map; not verified offline),CNMD,UNKNOWN,CNMD (ticker string),UNKNOWN,2025-01-02,2026-10-08,443,yes,1994-12-28 1.5:1; 1995-12-01 1.5:1; 2001-09-10 1.5:1,,,UNKNOWN,UNKNOWN,UNKNOWN,UNKNOWN,
CNSP,UNKNOWN (no symbol-change source in repo),UNKNOWN (bot has no security id; ticker string is the key),NASDAQ (universe = nasdaqlisted.txt; probe map=scan),tradingview NASDAQ:CNSP (scan map) · yahoo CNSP,NASDAQ:CNSP (scan map; not verified offline),CNSP,UNKNOWN,CNSP (ticker string),UNKNOWN,2025-01-02,2026-10-08,443,yes,2022-11-29 1:30; 2024-06-05 1:50; 2025-02-21 1:50; 2025-07-22 1:12,,,UNKNOWN,UNKNOWN,UNKNOWN,UNKNOWN,
CPOP,UNKNOWN (no symbol-change source in repo),UNKNOWN (bot has no security id; ticker string is the key),NASDAQ (universe = nasdaqlisted.txt; probe map=scan),tradingview NASDAQ:CPOP (scan map) · yahoo CPOP,NASDAQ:CPOP (scan map; not verified offline),CPOP,UNKNOWN,CPOP (ticker string),UNKNOWN,2025-01-02,2026-10-08,443,yes,2026-07-13 1:10; 2026-09-14 1:15,,yes,UNKNOWN,UNKNOWN,UNKNOWN,UNKNOWN,
CRE,UNKNOWN (no symbol-change source in repo),UNKNOWN (bot has no security id; ticker string is the key),NASDAQ (universe = nasdaqlisted.txt; probe map=scan),tradingview NASDAQ:CRE (scan map) · yahoo CRE,NASDAQ:CRE (scan map; not verified offline),CRE,UNKNOWN,CRE (ticker string),UNKNOWN,2025-07-23,2026-10-08,306,yes,2026-02-13 1:12,null,,UNKNOWN,UNKNOWN,UNKNOWN,UNKNOWN,yes
CRVO,UNKNOWN (no symbol-change source in repo),UNKNOWN (bot has no security id; ticker string is the key),NASDAQ (universe = nasdaqlisted.txt; probe map=scan),tradingview NASDAQ:CRVO (scan map) · yahoo CRVO,NASDAQ:CRVO (scan map; not verified offline),CRVO,UNKNOWN,CRVO (ticker string),UNKNOWN,2025-01-02,2026-10-08,443,yes,2014-03-10 1:100; 2016-08-19 1:10; 2018-12-14 1:15; 2022-04-19 1:50; 2023-08-17 1:2,null,,UNKNOWN,UNKNOWN,UNKNOWN,UNKNOWN,
CSAI,UNKNOWN (no symbol-change source in repo),UNKNOWN (bot has no security id; ticker string is the key),NASDAQ (universe = nasdaqlisted.txt; probe map=scan),tradingview NASDAQ:CSAI (scan map) · yahoo CSAI,NASDAQ:CSAI (scan map; not verified offline),CSAI,UNKNOWN,CSAI (ticker string),UNKNOWN,2025-01-30,2026-10-08,425,yes,2026-07-31 1:30,"[""2026-07-31"", 0.03333333333333333]",,UNKNOWN,UNKNOWN,UNKNOWN,UNKNOWN,
CTSO,UNKNOWN (no symbol-change source in repo),UNKNOWN (bot has no security id; ticker string is the key),NASDAQ (universe = nasdaqlisted.txt; probe map=scan),tradingview NASDAQ:CTSO (scan map) · yahoo CTSO,NASDAQ:CTSO (scan map; not verified offline),CTSO,UNKNOWN,CTSO (ticker string),UNKNOWN,2025-01-02,2026-10-08,443,yes,2014-12-05 1:25; 2026-09-08 1:20,,yes,UNKNOWN,UNKNOWN,UNKNOWN,UNKNOWN,
CUPR,UNKNOWN (no symbol-change source in repo),UNKNOWN (bot has no security id; ticker string is the key),NASDAQ (universe = nasdaqlisted.txt; probe map=scan),tradingview NASDAQ:CUPR (scan map) · yahoo CUPR,NASDAQ:CUPR (scan map; not verified offline),CUPR,UNKNOWN,CUPR (ticker string),UNKNOWN,2025-04-10,2026-10-08,376,yes,2026-05-27 1:8,,yes,UNKNOWN,UNKNOWN,UNKNOWN,UNKNOWN,
CURX,UNKNOWN (no symbol-change source in repo),UNKNOWN (bot has no security id; ticker string is the key),NASDAQ (universe = nasdaqlisted.txt; probe map=scan),tradingview NASDAQ:CURX (scan map) · yahoo CURX,NASDAQ:CURX (scan map; not verified offline),CURX,UNKNOWN,CURX (ticker string),UNKNOWN,2025-08-26,2026-10-08,282,yes,2026-08-20 1:20,"[""2026-08-20"", 0.05]",yes,UNKNOWN,UNKNOWN,UNKNOWN,UNKNOWN,
CYPH,UNKNOWN (no symbol-change source in repo),UNKNOWN (bot has no security id; ticker string is the key),NASDAQ (universe = nasdaqlisted.txt; probe map=scan),tradingview NASDAQ:CYPH (scan map) · yahoo CYPH,NASDAQ:CYPH (scan map; not verified offline),CYPH,UNKNOWN,CYPH (ticker string),UNKNOWN,2025-01-02,2026-10-08,443,yes,2023-06-21 1:10,,,UNKNOWN,UNKNOWN,UNKNOWN,UNKNOWN,
DAIC,UNKNOWN (no symbol-change source in repo),UNKNOWN (bot has no security id; ticker string is the key),NASDAQ (universe = nasdaqlisted.txt; probe map=scan),tradingview NASDAQ:DAIC (scan map) · yahoo DAIC,NASDAQ:DAIC (scan map; not verified offline),DAIC,UNKNOWN,DAIC (ticker string),UNKNOWN,2025-01-21,2026-10-08,361,yes,2026-06-01 1:25,,yes,UNKNOWN,UNKNOWN,UNKNOWN,UNKNOWN,
DCOY,UNKNOWN (no symbol-change source in repo),UNKNOWN (bot has no security id; ticker string is the key),NASDAQ (universe = nasdaqlisted.txt; probe map=scan),tradingview NASDAQ:DCOY (scan map) · yahoo DCOY,NASDAQ:DCOY (scan map; not verified offline),DCOY,UNKNOWN,DCOY (ticker string),UNKNOWN,2025-01-02,2026-10-08,443,yes,2019-07-22 1:25; 2022-10-17 1:25; 2024-06-17 1:8; 2025-08-18 1:15; 2026-03-09 1:12,,yes,UNKNOWN,UNKNOWN,UNKNOWN,UNKNOWN,
DFDV,UNKNOWN (no symbol-change source in repo),UNKNOWN (bot has no security id; ticker string is the key),NASDAQ (universe = nasdaqlisted.txt; probe map=scan),tradingview NASDAQ:DFDV (scan map) · yahoo DFDV,NASDAQ:DFDV (scan map; not verified offline),DFDV,UNKNOWN,DFDV (ticker string),UNKNOWN,2025-01-02,2026-10-08,443,yes,2024-12-30 1:8; 2025-05-21 7:1,,,UNKNOWN,UNKNOWN,UNKNOWN,UNKNOWN,
DKI,UNKNOWN (no symbol-change source in repo),UNKNOWN (bot has no security id; ticker string is the key),NASDAQ (universe = nasdaqlisted.txt; probe map=scan),tradingview NASDAQ:DKI (scan map) · yahoo DKI,NASDAQ:DKI (scan map; not verified offline),DKI,UNKNOWN,DKI (ticker string),UNKNOWN,2025-08-08,2026-10-08,294,yes,none in source,,yes,UNKNOWN,UNKNOWN,UNKNOWN,UNKNOWN,yes
DLXY,UNKNOWN (no symbol-change source in repo),UNKNOWN (bot has no security id; ticker string is the key),NASDAQ (universe = nasdaqlisted.txt; probe map=scan),tradingview NASDAQ:DLXY (scan map) · yahoo DLXY,NASDAQ:DLXY (scan map; not verified offline),DLXY,UNKNOWN,DLXY (ticker string),UNKNOWN,2025-07-09,2026-10-08,316,yes,2026-09-28 1:5,,yes,UNKNOWN,UNKNOWN,UNKNOWN,UNKNOWN,
DSY,UNKNOWN (no symbol-change source in repo),UNKNOWN (bot has no security id; ticker string is the key),NASDAQ (universe = nasdaqlisted.txt; probe map=scan),tradingview NASDAQ:DSY (scan map) · yahoo DSY,NASDAQ:DSY (scan map; not verified offline),DSY,UNKNOWN,DSY (ticker string),UNKNOWN,2025-01-02,2026-10-08,443,yes,2026-02-23 1:20,null,,UNKNOWN,UNKNOWN,UNKNOWN,UNKNOWN,
DTSS,UNKNOWN (no symbol-change source in repo),UNKNOWN (bot has no security id; ticker string is the key),NASDAQ (universe = nasdaqlisted.txt; probe map=scan),tradingview NASDAQ:DTSS (scan map) · yahoo DTSS,NASDAQ:DTSS (scan map; not verified offline),DTSS,UNKNOWN,DTSS (ticker string),UNKNOWN,2025-01-02,2026-10-08,443,yes,2018-05-01 1:3; 2024-01-23 1:15,,yes,UNKNOWN,UNKNOWN,UNKNOWN,UNKNOWN,
DXST,UNKNOWN (no symbol-change source in repo),UNKNOWN (bot has no security id; ticker string is the key),NASDAQ (universe = nasdaqlisted.txt; probe map=scan),tradingview NASDAQ:DXST (scan map) · yahoo DXST,NASDAQ:DXST (scan map; not verified offline),DXST,UNKNOWN,DXST (ticker string),UNKNOWN,2025-01-22,2026-10-08,431,yes,2026-03-16 1:25,,yes,UNKNOWN,UNKNOWN,UNKNOWN,UNKNOWN,
EDBL,UNKNOWN (no symbol-change source in repo),UNKNOWN (bot has no security id; ticker string is the key),NASDAQ (universe = nasdaqlisted.txt; probe map=scan),tradingview NASDAQ:EDBL (scan map) · yahoo EDBL,NASDAQ:EDBL (scan map; not verified offline),EDBL,UNKNOWN,EDBL (ticker string),UNKNOWN,2025-01-02,2026-10-08,443,yes,2023-01-26 1:30; 2024-04-05 1:20; 2025-03-03 1:25; 2026-02-03 1:10; 2026-07-13 1:45,,,UNKNOWN,UNKNOWN,UNKNOWN,UNKNOWN,
EEIQ,UNKNOWN (no symbol-change source in repo),UNKNOWN (bot has no security id; ticker string is the key),NASDAQ (universe = nasdaqlisted.txt; probe map=scan),tradingview NASDAQ:EEIQ (scan map) · yahoo EEIQ,NASDAQ:EEIQ (scan map; not verified offline),EEIQ,UNKNOWN,EEIQ (ticker string),UNKNOWN,2025-01-02,2026-10-08,433,yes,2026-02-17 1:16,,,UNKNOWN,UNKNOWN,UNKNOWN,UNKNOWN,
EHGO,UNKNOWN (no symbol-change source in repo),UNKNOWN (bot has no security id; ticker string is the key),NASDAQ (universe = nasdaqlisted.txt; probe map=scan),tradingview NASDAQ:EHGO (scan map) · yahoo EHGO,NASDAQ:EHGO (scan map; not verified offline),EHGO,UNKNOWN,EHGO (ticker string),UNKNOWN,2025-01-02,2026-10-08,443,yes,2026-04-20 1:16,,,UNKNOWN,UNKNOWN,UNKNOWN,UNKNOWN,
ELAB,UNKNOWN (no symbol-change source in repo),UNKNOWN (bot has no security id; ticker string is the key),NASDAQ (universe = nasdaqlisted.txt; probe map=scan),tradingview NASDAQ:ELAB (scan map) · yahoo ELAB,NASDAQ:ELAB (scan map; not verified offline),ELAB,UNKNOWN,ELAB (ticker string),UNKNOWN,2025-01-02,2026-10-08,443,yes,2024-11-27 1:200; 2025-03-10 1:7; 2025-09-02 1:4; 2026-01-06 1:4; 2026-03-10 1:6; 2026-08-21 1:10,,yes,UNKNOWN,UNKNOWN,UNKNOWN,UNKNOWN,
ELPW,UNKNOWN (no symbol-change source in repo),UNKNOWN (bot has no security id; ticker string is the key),NASDAQ (universe = nasdaqlisted.txt; probe map=scan),tradingview NASDAQ:ELPW (scan map) · yahoo ELPW,NASDAQ:ELPW (scan map; not verified offline),ELPW,UNKNOWN,ELPW (ticker string),UNKNOWN,2025-01-02,2026-10-08,443,yes,2025-12-26 1:16; 2026-03-12 1:80; 2026-08-10 1:45,,yes,UNKNOWN,UNKNOWN,UNKNOWN,UNKNOWN,
ENGN,UNKNOWN (no symbol-change source in repo),UNKNOWN (bot has no security id; ticker string is the key),NASDAQ (universe = nasdaqlisted.txt; probe map=scan),tradingview NASDAQ:ENGN (scan map) · yahoo ENGN,NASDAQ:ENGN (scan map; not verified offline),ENGN,UNKNOWN,ENGN (ticker string),UNKNOWN,2025-01-02,2026-10-08,443,yes,none in source,null,,UNKNOWN,UNKNOWN,UNKNOWN,UNKNOWN,
ENPH,UNKNOWN (no symbol-change source in repo),UNKNOWN (bot has no security id; ticker string is the key),NASDAQ (universe = nasdaqlisted.txt; probe map=scan),tradingview NASDAQ:ENPH (scan map) · yahoo ENPH,NASDAQ:ENPH (scan map; not verified offline),ENPH,UNKNOWN,ENPH (ticker string),UNKNOWN,2025-01-02,2026-10-08,443,yes,none in source,,,UNKNOWN,UNKNOWN,UNKNOWN,UNKNOWN,
ERNA,UNKNOWN (no symbol-change source in repo),UNKNOWN (bot has no security id; ticker string is the key),NASDAQ (universe = nasdaqlisted.txt; probe map=scan),tradingview NASDAQ:ERNA (scan map) · yahoo ERNA,NASDAQ:ERNA (scan map; not verified offline),ERNA,UNKNOWN,ERNA (ticker string),UNKNOWN,2025-01-02,2026-10-08,443,yes,2016-06-17 1:50; 2021-03-26 1:2; 2022-10-17 1:20; 2025-06-12 1:15; 2026-05-04 1:25,,yes,UNKNOWN,UNKNOWN,UNKNOWN,UNKNOWN,
ETS,UNKNOWN (no symbol-change source in repo),UNKNOWN (bot has no security id; ticker string is the key),NASDAQ (universe = nasdaqlisted.txt; probe map=scan),tradingview NASDAQ:ETS (scan map) · yahoo ETS,NASDAQ:ETS (scan map; not verified offline),ETS,UNKNOWN,ETS (ticker string),UNKNOWN,2025-08-21,2026-10-08,285,yes,none in source,,,UNKNOWN,UNKNOWN,UNKNOWN,UNKNOWN,
EZRA,UNKNOWN (no symbol-change source in repo),UNKNOWN (bot has no security id; ticker string is the key),NASDAQ (universe = nasdaqlisted.txt; probe map=scan),tradingview NASDAQ:EZRA (scan map) · yahoo EZRA,NASDAQ:EZRA (scan map; not verified offline),EZRA,UNKNOWN,EZRA (ticker string),UNKNOWN,2025-01-02,2026-10-08,443,yes,2023-02-23 1:15; 2024-07-01 1:17; 2026-05-18 1:40,,,UNKNOWN,UNKNOWN,UNKNOWN,UNKNOWN,
FBLG,UNKNOWN (no symbol-change source in repo),UNKNOWN (bot has no security id; ticker string is the key),NASDAQ (universe = nasdaqlisted.txt; probe map=scan),tradingview NASDAQ:FBLG (scan map) · yahoo FBLG,NASDAQ:FBLG (scan map; not verified offline),FBLG,UNKNOWN,FBLG (ticker string),UNKNOWN,2025-01-02,2026-10-08,443,yes,2026-03-30 1:20,,yes,UNKNOWN,UNKNOWN,UNKNOWN,UNKNOWN,
FCUV,UNKNOWN (no symbol-change source in repo),UNKNOWN (bot has no security id; ticker string is the key),NASDAQ (universe = nasdaqlisted.txt; probe map=scan),tradingview NASDAQ:FCUV (scan map) · yahoo FCUV,NASDAQ:FCUV (scan map; not verified offline),FCUV,UNKNOWN,FCUV (ticker string),UNKNOWN,2025-01-02,2026-10-08,443,yes,2023-03-24 1.5:1; 2025-01-31 1:10; 2026-02-09 1:10; 2026-06-23 1:4,,,UNKNOWN,UNKNOWN,UNKNOWN,UNKNOWN,
FFR,UNKNOWN (no symbol-change source in repo),UNKNOWN (bot has no security id; ticker string is the key),NASDAQ (universe = nasdaqlisted.txt; probe map=scan),tradingview NASDAQ:FFR (scan map) · yahoo FFR,NASDAQ:FFR (scan map; not verified offline),FFR,UNKNOWN,FFR (ticker string),UNKNOWN,2025-01-02,2026-10-08,443,yes,2018-03-23 1:10; 2020-05-26 1:25; 2022-11-23 1:10; 2024-11-05 1:50,,,UNKNOWN,UNKNOWN,UNKNOWN,UNKNOWN,
FGI,UNKNOWN (no symbol-change source in repo),UNKNOWN (bot has no security id; ticker string is the key),NASDAQ (universe = nasdaqlisted.txt; probe map=scan),tradingview NASDAQ:FGI (scan map) · yahoo FGI,NASDAQ:FGI (scan map; not verified offline),FGI,UNKNOWN,FGI (ticker string),UNKNOWN,2025-01-02,2026-10-08,440,yes,2025-07-31 1:5,,,UNKNOWN,UNKNOWN,UNKNOWN,UNKNOWN,
FNGR,UNKNOWN (no symbol-change source in repo),UNKNOWN (bot has no security id; ticker string is the key),NASDAQ (universe = nasdaqlisted.txt; probe map=scan),tradingview NASDAQ:FNGR (scan map) · yahoo FNGR,NASDAQ:FNGR (scan map; not verified offline),FNGR,UNKNOWN,FNGR (ticker string),UNKNOWN,2025-01-02,2026-10-08,443,yes,none in source,,yes,UNKNOWN,UNKNOWN,UNKNOWN,UNKNOWN,
FRGT,UNKNOWN (no symbol-change source in repo),UNKNOWN (bot has no security id; ticker string is the key),NASDAQ (universe = nasdaqlisted.txt; probe map=scan),tradingview NASDAQ:FRGT (scan map) · yahoo FRGT,NASDAQ:FRGT (scan map; not verified offline),FRGT,UNKNOWN,FRGT (ticker string),UNKNOWN,2025-01-02,2026-10-08,443,yes,2022-02-15 1:2; 2023-03-24 1:10; 2024-02-05 1:10; 2024-09-25 1:25; 2025-05-27 1:4; 2025-12-15 1:5; 2026-05-18 1:5,,yes,UNKNOWN,UNKNOWN,UNKNOWN,UNKNOWN,
FRSX,UNKNOWN (no symbol-change source in repo),UNKNOWN (bot has no security id; ticker string is the key),NASDAQ (universe = nasdaqlisted.txt; probe map=scan),tradingview NASDAQ:FRSX (scan map) · yahoo FRSX,NASDAQ:FRSX (scan map; not verified offline),FRSX,UNKNOWN,FRSX (ticker string),UNKNOWN,2025-01-02,2026-10-08,443,yes,2023-04-21 1:6; 2025-08-25 1:7; 2026-02-26 1:3,,yes,UNKNOWN,UNKNOWN,UNKNOWN,UNKNOWN,
FTFT,UNKNOWN (no symbol-change source in repo),UNKNOWN (bot has no security id; ticker string is the key),NASDAQ (universe = nasdaqlisted.txt; probe map=scan),tradingview NASDAQ:FTFT (scan map) · yahoo FTFT,NASDAQ:FTFT (scan map; not verified offline),FTFT,UNKNOWN,FTFT (ticker string),UNKNOWN,2025-01-02,2026-10-08,443,yes,2016-03-16 1:8; 2025-04-04 1:10; 2026-01-20 1:4; 2026-07-13 1:4; 2026-08-31 1:4,,yes,UNKNOWN,UNKNOWN,UNKNOWN,UNKNOWN,
FUFU,UNKNOWN (no symbol-change source in repo),UNKNOWN (bot has no security id; ticker string is the key),NASDAQ (universe = nasdaqlisted.txt; probe map=scan),tradingview NASDAQ:FUFU (scan map) · yahoo FUFU,NASDAQ:FUFU (scan map; not verified offline),FUFU,UNKNOWN,FUFU (ticker string),UNKNOWN,2025-01-02,2026-10-08,443,yes,none in source,null,,UNKNOWN,UNKNOWN,UNKNOWN,UNKNOWN,
GCTK,UNKNOWN (no symbol-change source in repo),UNKNOWN (bot has no security id; ticker string is the key),NASDAQ (universe = nasdaqlisted.txt; probe map=scan),tradingview NASDAQ:GCTK (scan map) · yahoo GCTK,NASDAQ:GCTK (scan map; not verified offline),GCTK,UNKNOWN,GCTK (ticker string),UNKNOWN,2025-01-02,2026-10-08,443,yes,2021-08-13 1:13; 2024-05-20 1:5; 2025-02-04 1:20; 2025-06-16 1:60; 2026-08-31 1:15,,yes,UNKNOWN,UNKNOWN,UNKNOWN,UNKNOWN,
GDHG,UNKNOWN (no symbol-change source in repo),UNKNOWN (bot has no security id; ticker string is the key),NASDAQ (universe = nasdaqlisted.txt; probe map=scan),tradingview NASDAQ:GDHG (scan map) · yahoo GDHG,NASDAQ:GDHG (scan map; not verified offline),GDHG,UNKNOWN,GDHG (ticker string),UNKNOWN,2025-01-02,2026-10-08,439,yes,2024-09-19 1:50; 2025-05-09 1:25; 2025-08-28 1:15,null,,UNKNOWN,UNKNOWN,UNKNOWN,UNKNOWN,
GIPR,UNKNOWN (no symbol-change source in repo),UNKNOWN (bot has no security id; ticker string is the key),NASDAQ (universe = nasdaqlisted.txt; probe map=scan),tradingview NASDAQ:GIPR (scan map) · yahoo GIPR,NASDAQ:GIPR (scan map; not verified offline),GIPR,UNKNOWN,GIPR (ticker string),UNKNOWN,2025-01-02,2026-10-08,443,yes,2026-07-10 1:10,,yes,UNKNOWN,UNKNOWN,UNKNOWN,UNKNOWN,
GLND,UNKNOWN (no symbol-change source in repo),UNKNOWN (bot has no security id; ticker string is the key),NASDAQ (universe = nasdaqlisted.txt; probe map=scan),tradingview NASDAQ:GLND (scan map) · yahoo GLND,NASDAQ:GLND (scan map; not verified offline),GLND,UNKNOWN,GLND (ticker string),UNKNOWN,2025-06-12,2026-10-08,329,yes,none in source,,yes,UNKNOWN,UNKNOWN,UNKNOWN,UNKNOWN,
GPRO,UNKNOWN (no symbol-change source in repo),UNKNOWN (bot has no security id; ticker string is the key),NASDAQ (universe = nasdaqlisted.txt; probe map=scan),tradingview NASDAQ:GPRO (scan map) · yahoo GPRO,NASDAQ:GPRO (scan map; not verified offline),GPRO,UNKNOWN,GPRO (ticker string),UNKNOWN,2025-01-02,2026-10-08,443,yes,none in source,,,UNKNOWN,UNKNOWN,UNKNOWN,UNKNOWN,
GRML,UNKNOWN (no symbol-change source in repo),UNKNOWN (bot has no security id; ticker string is the key),NASDAQ (universe = nasdaqlisted.txt; probe map=scan),tradingview NASDAQ:GRML (scan map) · yahoo GRML,NASDAQ:GRML (scan map; not verified offline),GRML,UNKNOWN,GRML (ticker string),UNKNOWN,2025-01-02,2026-10-08,443,yes,2026-08-24 1:50,,yes,UNKNOWN,UNKNOWN,UNKNOWN,UNKNOWN,
GTBP,UNKNOWN (no symbol-change source in repo),UNKNOWN (bot has no security id; ticker string is the key),NASDAQ (universe = nasdaqlisted.txt; probe map=scan),tradingview NASDAQ:GTBP (scan map) · yahoo GTBP,NASDAQ:GTBP (scan map; not verified offline),GTBP,UNKNOWN,GTBP (ticker string),UNKNOWN,2025-01-02,2026-10-08,443,yes,2021-02-11 1:17; 2024-02-05 1:30; 2026-09-08 1:25,,yes,UNKNOWN,UNKNOWN,UNKNOWN,UNKNOWN,
GVH,UNKNOWN (no symbol-change source in repo),UNKNOWN (bot has no security id; ticker string is the key),NASDAQ (universe = nasdaqlisted.txt; probe map=scan),tradingview NASDAQ:GVH (scan map) · yahoo GVH,NASDAQ:GVH (scan map; not verified offline),GVH,UNKNOWN,GVH (ticker string),UNKNOWN,2025-01-02,2026-10-08,442,yes,2025-07-21 1:200,null,,UNKNOWN,UNKNOWN,UNKNOWN,UNKNOWN,
GWAV,UNKNOWN (no symbol-change source in repo),UNKNOWN (bot has no security id; ticker string is the key),NASDAQ (universe = nasdaqlisted.txt; probe map=scan),tradingview NASDAQ:GWAV (scan map) · yahoo GWAV,NASDAQ:GWAV (scan map; not verified offline),GWAV,UNKNOWN,GWAV (ticker string),UNKNOWN,2025-01-02,2026-10-08,443,yes,2022-02-28 1:300; 2024-06-03 1:150; 2025-08-25 1:110,,,UNKNOWN,UNKNOWN,UNKNOWN,UNKNOWN,
HCAI,UNKNOWN (no symbol-change source in repo),UNKNOWN (bot has no security id; ticker string is the key),NASDAQ (universe = nasdaqlisted.txt; probe map=scan),tradingview NASDAQ:HCAI (scan map) · yahoo HCAI,NASDAQ:HCAI (scan map; not verified offline),HCAI,UNKNOWN,HCAI (ticker string),UNKNOWN,2025-02-05,2026-10-08,421,yes,2026-04-13 1:30,,yes,UNKNOWN,UNKNOWN,UNKNOWN,UNKNOWN,
HCTI,UNKNOWN (no symbol-change source in repo),UNKNOWN (bot has no security id; ticker string is the key),NASDAQ (universe = nasdaqlisted.txt; probe map=scan),tradingview NASDAQ:HCTI (scan map) · yahoo HCTI,NASDAQ:HCTI (scan map; not verified offline),HCTI,UNKNOWN,HCTI (ticker string),UNKNOWN,2025-01-02,2026-10-08,443,yes,2023-05-26 1:10; 2025-08-01 1:249; 2026-02-10 1:60,,yes,UNKNOWN,UNKNOWN,UNKNOWN,UNKNOWN,
HCWB,UNKNOWN (no symbol-change source in repo),UNKNOWN (bot has no security id; ticker string is the key),NASDAQ (universe = nasdaqlisted.txt; probe map=scan),tradingview NASDAQ:HCWB (scan map) · yahoo HCWB,NASDAQ:HCWB (scan map; not verified offline),HCWB,UNKNOWN,HCWB (ticker string),UNKNOWN,2025-01-02,2026-10-08,443,yes,2025-04-11 1:40; 2026-06-30 1:6,,yes,UNKNOWN,UNKNOWN,UNKNOWN,UNKNOWN,
HODO,UNKNOWN (no symbol-change source in repo),UNKNOWN (bot has no security id; ticker string is the key),NASDAQ (universe = nasdaqlisted.txt; probe map=scan),tradingview NASDAQ:HODO (scan map) · yahoo HODO,NASDAQ:HODO (scan map; not verified offline),HODO,UNKNOWN,HODO (ticker string),UNKNOWN,2025-03-06,2026-10-08,401,yes,2026-06-01 1:8,,yes,UNKNOWN,UNKNOWN,UNKNOWN,UNKNOWN,
HOWL,UNKNOWN (no symbol-change source in repo),UNKNOWN (bot has no security id; ticker string is the key),NASDAQ (universe = nasdaqlisted.txt; probe map=scan),tradingview NASDAQ:HOWL (scan map) · yahoo HOWL,NASDAQ:HOWL (scan map; not verified offline),HOWL,UNKNOWN,HOWL (ticker string),UNKNOWN,2025-01-02,2026-10-08,443,yes,none in source,,,UNKNOWN,UNKNOWN,UNKNOWN,UNKNOWN,
HSCS,UNKNOWN (no symbol-change source in repo),UNKNOWN (bot has no security id; ticker string is the key),NASDAQ (universe = nasdaqlisted.txt; probe map=scan),tradingview NASDAQ:HSCS (scan map) · yahoo HSCS,NASDAQ:HSCS (scan map; not verified offline),HSCS,UNKNOWN,HSCS (ticker string),UNKNOWN,2025-01-02,2026-10-08,443,yes,2024-05-17 1:100,,,UNKNOWN,UNKNOWN,UNKNOWN,UNKNOWN,
HTCO,UNKNOWN (no symbol-change source in repo),UNKNOWN (bot has no security id; ticker string is the key),NASDAQ (universe = nasdaqlisted.txt; probe map=scan),tradingview NASDAQ:HTCO (scan map) · yahoo HTCO,NASDAQ:HTCO (scan map; not verified offline),HTCO,UNKNOWN,HTCO (ticker string),UNKNOWN,2025-01-02,2026-10-08,443,yes,2025-08-08 1:25,,yes,UNKNOWN,UNKNOWN,UNKNOWN,UNKNOWN,
HTCR,UNKNOWN (no symbol-change source in repo),UNKNOWN (bot has no security id; ticker string is the key),NASDAQ (universe = nasdaqlisted.txt; probe map=scan),tradingview NASDAQ:HTCR (scan map) · yahoo HTCR,NASDAQ:HTCR (scan map; not verified offline),HTCR,UNKNOWN,HTCR (ticker string),UNKNOWN,2025-01-02,2026-10-08,443,yes,2026-04-06 1:20,,yes,UNKNOWN,UNKNOWN,UNKNOWN,UNKNOWN,
HUBC,UNKNOWN (no symbol-change source in repo),UNKNOWN (bot has no security id; ticker string is the key),NASDAQ (universe = nasdaqlisted.txt; probe map=scan),tradingview NASDAQ:HUBC (scan map) · yahoo HUBC,NASDAQ:HUBC (scan map; not verified offline),HUBC,UNKNOWN,HUBC (ticker string),UNKNOWN,2025-01-02,2026-10-08,443,yes,2023-12-15 1:10; 2025-03-31 1:10; 2026-01-16 1:15; 2026-04-20 1:50; 2026-06-08 1:20; 2026-09-14 1:25,,yes,UNKNOWN,UNKNOWN,UNKNOWN,UNKNOWN,yes
IMCC,UNKNOWN (no symbol-change source in repo),UNKNOWN (bot has no security id; ticker string is the key),NASDAQ (universe = nasdaqlisted.txt; probe map=scan),tradingview NASDAQ:IMCC (scan map) · yahoo IMCC,NASDAQ:IMCC (scan map; not verified offline),IMCC,UNKNOWN,IMCC (ticker string),UNKNOWN,2025-01-02,2026-10-08,443,yes,2022-11-17 1:10; 2024-07-12 1:6; 2026-08-27 1:30,,yes,UNKNOWN,UNKNOWN,UNKNOWN,UNKNOWN,
INDP,UNKNOWN (no symbol-change source in repo),UNKNOWN (bot has no security id; ticker string is the key),NASDAQ (universe = nasdaqlisted.txt; probe map=scan),tradingview NASDAQ:INDP (scan map) · yahoo INDP,NASDAQ:INDP (scan map; not verified offline),INDP,UNKNOWN,INDP (ticker string),UNKNOWN,2025-01-02,2026-10-08,443,yes,2020-10-30 1:20; 2021-07-27 1:4; 2025-06-27 1:28,,,UNKNOWN,UNKNOWN,UNKNOWN,UNKNOWN,
INLF,UNKNOWN (no symbol-change source in repo),UNKNOWN (bot has no security id; ticker string is the key),NASDAQ (universe = nasdaqlisted.txt; probe map=scan),tradingview NASDAQ:INLF (scan map) · yahoo INLF,NASDAQ:INLF (scan map; not verified offline),INLF,UNKNOWN,INLF (ticker string),UNKNOWN,2025-01-02,2026-10-08,443,yes,2026-04-06 1:16; 2026-07-06 1:200,,yes,UNKNOWN,UNKNOWN,UNKNOWN,UNKNOWN,
INO,UNKNOWN (no symbol-change source in repo),UNKNOWN (bot has no security id; ticker string is the key),NASDAQ (universe = nasdaqlisted.txt; probe map=scan),tradingview NASDAQ:INO (scan map) · yahoo INO,NASDAQ:INO (scan map; not verified offline),INO,UNKNOWN,INO (ticker string),UNKNOWN,2025-01-02,2026-10-08,443,yes,2004-09-13 1:4; 2014-06-06 1:4; 2024-01-25 1:12,,,UNKNOWN,UNKNOWN,UNKNOWN,UNKNOWN,
IPDN,UNKNOWN (no symbol-change source in repo),UNKNOWN (bot has no security id; ticker string is the key),NASDAQ (universe = nasdaqlisted.txt; probe map=scan),tradingview NASDAQ:IPDN (scan map) · yahoo IPDN,NASDAQ:IPDN (scan map; not verified offline),IPDN,UNKNOWN,IPDN (ticker string),UNKNOWN,2025-01-02,2026-10-08,443,yes,2016-09-27 1:8; 2023-01-05 1:2; 2025-03-13 1:10; 2026-09-14 1:30,,yes,UNKNOWN,UNKNOWN,UNKNOWN,UNKNOWN,
IPST,UNKNOWN (no symbol-change source in repo),UNKNOWN (bot has no security id; ticker string is the key),NASDAQ (universe = nasdaqlisted.txt; probe map=scan),tradingview NASDAQ:IPST (scan map) · yahoo IPST,NASDAQ:IPST (scan map; not verified offline),IPST,UNKNOWN,IPST (ticker string),UNKNOWN,2025-01-02,2026-10-08,443,yes,2025-11-05 1:20; 2026-04-23 1:20,,yes,UNKNOWN,UNKNOWN,UNKNOWN,UNKNOWN,
IZM,UNKNOWN (no symbol-change source in repo),UNKNOWN (bot has no security id; ticker string is the key),NASDAQ (universe = nasdaqlisted.txt; probe map=scan),tradingview NASDAQ:IZM (scan map) · yahoo IZM,NASDAQ:IZM (scan map; not verified offline),IZM,UNKNOWN,IZM (ticker string),UNKNOWN,2025-01-02,2026-10-08,443,yes,2026-09-15 1:5,,yes,UNKNOWN,UNKNOWN,UNKNOWN,UNKNOWN,
JAGX,UNKNOWN (no symbol-change source in repo),UNKNOWN (bot has no security id; ticker string is the key),NASDAQ (universe = nasdaqlisted.txt; probe map=scan),tradingview NASDAQ:JAGX (scan map) · yahoo JAGX,NASDAQ:JAGX (scan map; not verified offline),JAGX,UNKNOWN,JAGX (ticker string),UNKNOWN,2025-01-02,2026-10-08,443,yes,2018-06-01 1:15; 2019-06-07 1:70; 2021-09-08 1:3; 2023-01-23 1:75; 2024-05-23 1:60; 2025-03-24 1:25; 2026-04-30 1:35; 2026-09-17 1:15,,yes,UNKNOWN,UNKNOWN,UNKNOWN,UNKNOWN,
JZ,UNKNOWN (no symbol-change source in repo),UNKNOWN (bot has no security id; ticker string is the key),NASDAQ (universe = nasdaqlisted.txt; probe map=scan),tradingview NASDAQ:JZ (scan map) · yahoo JZ,NASDAQ:JZ (scan map; not verified offline),JZ,UNKNOWN,JZ (ticker string),UNKNOWN,2025-01-02,2026-10-08,442,yes,2024-02-20 1:3; 2025-06-16 1:10; 2026-07-06 1:30,,yes,UNKNOWN,UNKNOWN,UNKNOWN,UNKNOWN,
KELYB,UNKNOWN (no symbol-change source in repo),UNKNOWN (bot has no security id; ticker string is the key),NASDAQ (universe = nasdaqlisted.txt; probe map=scan),tradingview NASDAQ:KELYB (scan map) · yahoo KELYB,NASDAQ:KELYB (scan map; not verified offline),KELYB,UNKNOWN,KELYB (ticker string),UNKNOWN,2025-01-02,2026-10-08,245,yes,1993-06-14 1.25:1,null,yes,UNKNOWN,UNKNOWN,UNKNOWN,UNKNOWN,
KMRK,UNKNOWN (no symbol-change source in repo),UNKNOWN (bot has no security id; ticker string is the key),NASDAQ (universe = nasdaqlisted.txt; probe map=scan),tradingview NASDAQ:KMRK (scan map) · yahoo KMRK,NASDAQ:KMRK (scan map; not verified offline),KMRK,UNKNOWN,KMRK (ticker string),UNKNOWN,2025-07-16,2026-10-08,311,yes,none in source,null,,UNKNOWN,UNKNOWN,UNKNOWN,UNKNOWN,
KOD,UNKNOWN (no symbol-change source in repo),UNKNOWN (bot has no security id; ticker string is the key),NASDAQ (universe = nasdaqlisted.txt; probe map=scan),tradingview NASDAQ:KOD (scan map) · yahoo KOD,NASDAQ:KOD (scan map; not verified offline),KOD,UNKNOWN,KOD (ticker string),UNKNOWN,2025-01-02,2026-10-08,443,yes,none in source,,,UNKNOWN,UNKNOWN,UNKNOWN,UNKNOWN,
KPLT,UNKNOWN (no symbol-change source in repo),UNKNOWN (bot has no security id; ticker string is the key),NASDAQ (universe = nasdaqlisted.txt; probe map=scan),tradingview NASDAQ:KPLT (scan map) · yahoo KPLT,NASDAQ:KPLT (scan map; not verified offline),KPLT,UNKNOWN,KPLT (ticker string),UNKNOWN,2025-01-02,2026-10-08,443,yes,2023-07-28 1:25,,yes,UNKNOWN,UNKNOWN,UNKNOWN,UNKNOWN,
KWM,UNKNOWN (no symbol-change source in repo),UNKNOWN (bot has no security id; ticker string is the key),NASDAQ (universe = nasdaqlisted.txt; probe map=scan),tradingview NASDAQ:KWM (scan map) · yahoo KWM,NASDAQ:KWM (scan map; not verified offline),KWM,UNKNOWN,KWM (ticker string),UNKNOWN,2025-01-02,2026-10-08,424,yes,none in source,,,UNKNOWN,UNKNOWN,UNKNOWN,UNKNOWN,
LEXX,UNKNOWN (no symbol-change source in repo),UNKNOWN (bot has no security id; ticker string is the key),NASDAQ (universe = nasdaqlisted.txt; probe map=scan),tradingview NASDAQ:LEXX (scan map) · yahoo LEXX,NASDAQ:LEXX (scan map; not verified offline),LEXX,UNKNOWN,LEXX (ticker string),UNKNOWN,2025-01-02,2026-10-08,443,yes,2026-08-03 1:15,,,UNKNOWN,UNKNOWN,UNKNOWN,UNKNOWN,
LFS,UNKNOWN (no symbol-change source in repo),UNKNOWN (bot has no security id; ticker string is the key),NASDAQ (universe = nasdaqlisted.txt; probe map=scan),tradingview NASDAQ:LFS (scan map) · yahoo LFS,NASDAQ:LFS (scan map; not verified offline),LFS,UNKNOWN,LFS (ticker string),UNKNOWN,2025-10-09,2026-10-08,251,yes,none in source,null,yes,UNKNOWN,UNKNOWN,UNKNOWN,UNKNOWN,
LHSW,UNKNOWN (no symbol-change source in repo),UNKNOWN (bot has no security id; ticker string is the key),NASDAQ (universe = nasdaqlisted.txt; probe map=scan),tradingview NASDAQ:LHSW (scan map) · yahoo LHSW,NASDAQ:LHSW (scan map; not verified offline),LHSW,UNKNOWN,LHSW (ticker string),UNKNOWN,2025-04-03,2026-10-08,381,yes,2026-06-22 1:16,,yes,UNKNOWN,UNKNOWN,UNKNOWN,UNKNOWN,
LIMN,UNKNOWN (no symbol-change source in repo),UNKNOWN (bot has no security id; ticker string is the key),NASDAQ (universe = nasdaqlisted.txt; probe map=scan),tradingview NASDAQ:LIMN (scan map) · yahoo LIMN,NASDAQ:LIMN (scan map; not verified offline),LIMN,UNKNOWN,LIMN (ticker string),UNKNOWN,2025-01-15,2026-10-08,375,yes,2026-08-21 1:50,,,UNKNOWN,UNKNOWN,UNKNOWN,UNKNOWN,
LNAI,UNKNOWN (no symbol-change source in repo),UNKNOWN (bot has no security id; ticker string is the key),NASDAQ (universe = nasdaqlisted.txt; probe map=scan),tradingview NASDAQ:LNAI (scan map) · yahoo LNAI,NASDAQ:LNAI (scan map; not verified offline),LNAI,UNKNOWN,LNAI (ticker string),UNKNOWN,2025-01-02,2026-10-08,443,yes,2025-09-30 1:10; 2026-05-22 1:8,,yes,UNKNOWN,UNKNOWN,UNKNOWN,UNKNOWN,
LRHC,UNKNOWN (no symbol-change source in repo),UNKNOWN (bot has no security id; ticker string is the key),NASDAQ (universe = nasdaqlisted.txt; probe map=scan),tradingview NASDAQ:LRHC (scan map) · yahoo LRHC,NASDAQ:LRHC (scan map; not verified offline),LRHC,UNKNOWN,LRHC (ticker string),UNKNOWN,2025-01-02,2026-10-08,443,yes,2025-07-07 1:80; 2026-01-26 1:10; 2026-04-20 1:10; 2026-09-08 1:6,,yes,UNKNOWN,UNKNOWN,UNKNOWN,UNKNOWN,
MBRX,UNKNOWN (no symbol-change source in repo),UNKNOWN (bot has no security id; ticker string is the key),NASDAQ (universe = nasdaqlisted.txt; probe map=scan),tradingview NASDAQ:MBRX (scan map) · yahoo MBRX,NASDAQ:MBRX (scan map; not verified offline),MBRX,UNKNOWN,MBRX (ticker string),UNKNOWN,2025-01-02,2026-10-08,443,yes,2021-02-01 1:6; 2024-03-22 1:15; 2025-12-01 1:25,,yes,UNKNOWN,UNKNOWN,UNKNOWN,UNKNOWN,
MEDS,UNKNOWN (no symbol-change source in repo),UNKNOWN (bot has no security id; ticker string is the key),NASDAQ (universe = nasdaqlisted.txt; probe map=scan),tradingview NASDAQ:MEDS (scan map) · yahoo MEDS,NASDAQ:MEDS (scan map; not verified offline),MEDS,UNKNOWN,MEDS (ticker string),UNKNOWN,2025-02-21,2026-10-08,410,yes,2026-05-26 1:50,,yes,UNKNOWN,UNKNOWN,UNKNOWN,UNKNOWN,
METCB,UNKNOWN (no symbol-change source in repo),UNKNOWN (bot has no security id; ticker string is the key),NASDAQ (universe = nasdaqlisted.txt; probe map=scan),tradingview NASDAQ:METCB (scan map) · yahoo METCB,NASDAQ:METCB (scan map; not verified offline),METCB,UNKNOWN,METCB (ticker string),UNKNOWN,2025-01-02,2026-10-08,443,yes,2024-12-02 1.023:1; 2025-09-05 1.011:1; 2026-03-13 1.012:1; 2026-06-12 1.012:1,null,,UNKNOWN,UNKNOWN,UNKNOWN,UNKNOWN,
MF,UNKNOWN (no symbol-change source in repo),UNKNOWN (bot has no security id; ticker string is the key),NASDAQ (universe = nasdaqlisted.txt; probe map=scan),tradingview NASDAQ:MF (scan map) · yahoo MF,NASDAQ:MF (scan map; not verified offline),MF,UNKNOWN,MF (ticker string),UNKNOWN,2025-01-02,2026-10-08,442,yes,2026-05-22 1:25,,yes,UNKNOWN,UNKNOWN,UNKNOWN,UNKNOWN,
MGN,UNKNOWN (no symbol-change source in repo),UNKNOWN (bot has no security id; ticker string is the key),NASDAQ (universe = nasdaqlisted.txt; probe map=scan),tradingview NASDAQ:MGN (scan map) · yahoo MGN,NASDAQ:MGN (scan map; not verified offline),MGN,UNKNOWN,MGN (ticker string),UNKNOWN,2025-09-26,2026-10-08,259,yes,2026-09-08 1:40; 2026-09-17 1:30,,,UNKNOWN,UNKNOWN,UNKNOWN,UNKNOWN,
MKDW,UNKNOWN (no symbol-change source in repo),UNKNOWN (bot has no security id; ticker string is the key),NASDAQ (universe = nasdaqlisted.txt; probe map=scan),tradingview NASDAQ:MKDW (scan map) · yahoo MKDW,NASDAQ:MKDW (scan map; not verified offline),MKDW,UNKNOWN,MKDW (ticker string),UNKNOWN,2025-01-02,2026-10-08,437,yes,2026-01-26 1:30,,yes,UNKNOWN,UNKNOWN,UNKNOWN,UNKNOWN,
MNDR,UNKNOWN (no symbol-change source in repo),UNKNOWN (bot has no security id; ticker string is the key),NASDAQ (universe = nasdaqlisted.txt; probe map=scan),tradingview NASDAQ:MNDR (scan map) · yahoo MNDR,NASDAQ:MNDR (scan map; not verified offline),MNDR,UNKNOWN,MNDR (ticker string),UNKNOWN,2025-01-02,2026-10-08,443,yes,2025-03-10 1:8; 2025-09-25 1:5; 2026-06-29 1:6,,yes,UNKNOWN,UNKNOWN,UNKNOWN,UNKNOWN,
MNOV,UNKNOWN (no symbol-change source in repo),UNKNOWN (bot has no security id; ticker string is the key),NASDAQ (universe = nasdaqlisted.txt; probe map=scan),tradingview NASDAQ:MNOV (scan map) · yahoo MNOV,NASDAQ:MNOV (scan map; not verified offline),MNOV,UNKNOWN,MNOV (ticker string),UNKNOWN,2025-01-02,2026-10-08,443,yes,none in source,,,UNKNOWN,UNKNOWN,UNKNOWN,UNKNOWN,
MRNA,UNKNOWN (no symbol-change source in repo),UNKNOWN (bot has no security id; ticker string is the key),NASDAQ (universe = nasdaqlisted.txt; probe map=scan),tradingview NASDAQ:MRNA (scan map) · yahoo MRNA,NASDAQ:MRNA (scan map; not verified offline),MRNA,UNKNOWN,MRNA (ticker string),UNKNOWN,2025-01-02,2026-10-08,443,yes,none in source,,,UNKNOWN,UNKNOWN,UNKNOWN,UNKNOWN,
MSGY,UNKNOWN (no symbol-change source in repo),UNKNOWN (bot has no security id; ticker string is the key),NASDAQ (universe = nasdaqlisted.txt; probe map=scan),tradingview NASDAQ:MSGY (scan map) · yahoo MSGY,NASDAQ:MSGY (scan map; not verified offline),MSGY,UNKNOWN,MSGY (ticker string),UNKNOWN,2025-07-08,2026-10-08,317,yes,2026-08-11 1:8,,yes,UNKNOWN,UNKNOWN,UNKNOWN,UNKNOWN,
MTC,UNKNOWN (no symbol-change source in repo),UNKNOWN (bot has no security id; ticker string is the key),NASDAQ (universe = nasdaqlisted.txt; probe map=scan),tradingview NASDAQ:MTC (scan map) · yahoo MTC,NASDAQ:MTC (scan map; not verified offline),MTC,UNKNOWN,MTC (ticker string),UNKNOWN,2025-01-02,2026-10-08,443,yes,2022-07-13 1:10; 2024-12-18 1:8,,,UNKNOWN,UNKNOWN,UNKNOWN,UNKNOWN,
MVIS,UNKNOWN (no symbol-change source in repo),UNKNOWN (bot has no security id; ticker string is the key),NASDAQ (universe = nasdaqlisted.txt; probe map=scan),tradingview NASDAQ:MVIS (scan map) · yahoo MVIS,NASDAQ:MVIS (scan map; not verified offline),MVIS,UNKNOWN,MVIS (ticker string),UNKNOWN,2025-01-02,2026-10-08,443,yes,2012-02-21 1:8; 2026-08-03 1:15,"[""2026-08-03"", 0.06666666666666667]",,UNKNOWN,UNKNOWN,UNKNOWN,UNKNOWN,
NCPL,UNKNOWN (no symbol-change source in repo),UNKNOWN (bot has no security id; ticker string is the key),NASDAQ (universe = nasdaqlisted.txt; probe map=scan),tradingview NASDAQ:NCPL (scan map) · yahoo NCPL,NASDAQ:NCPL (scan map; not verified offline),NCPL,UNKNOWN,NCPL (ticker string),UNKNOWN,2025-01-02,2026-10-08,443,yes,2020-11-05 1:2000; 2024-08-02 1:70,,,UNKNOWN,UNKNOWN,UNKNOWN,UNKNOWN,
NCT,UNKNOWN (no symbol-change source in repo),UNKNOWN (bot has no security id; ticker string is the key),NASDAQ (universe = nasdaqlisted.txt; probe map=scan),tradingview NASDAQ:NCT (scan map) · yahoo NCT,NASDAQ:NCT (scan map; not verified offline),NCT,UNKNOWN,NCT (ticker string),UNKNOWN,2025-03-28,2026-10-08,385,yes,2026-04-02 1:25; 2026-09-17 1:25,,yes,UNKNOWN,UNKNOWN,UNKNOWN,UNKNOWN,
NERV,UNKNOWN (no symbol-change source in repo),UNKNOWN (bot has no security id; ticker string is the key),NASDAQ (universe = nasdaqlisted.txt; probe map=scan),tradingview NASDAQ:NERV (scan map) · yahoo NERV,NASDAQ:NERV (scan map; not verified offline),NERV,UNKNOWN,NERV (ticker string),UNKNOWN,2025-01-02,2026-10-08,442,yes,2022-06-21 1:8,null,,UNKNOWN,UNKNOWN,UNKNOWN,UNKNOWN,
NFE,UNKNOWN (no symbol-change source in repo),UNKNOWN (bot has no security id; ticker string is the key),NASDAQ (universe = nasdaqlisted.txt; probe map=scan),tradingview NASDAQ:NFE (scan map) · yahoo NFE,NASDAQ:NFE (scan map; not verified offline),NFE,UNKNOWN,NFE (ticker string),UNKNOWN,2025-01-02,2026-10-08,442,yes,2026-09-14 1:50,,yes,UNKNOWN,UNKNOWN,UNKNOWN,UNKNOWN,
NIKI,UNKNOWN (no symbol-change source in repo),UNKNOWN (bot has no security id; ticker string is the key),NASDAQ (universe = nasdaqlisted.txt; probe map=scan),tradingview NASDAQ:NIKI (scan map) · yahoo NIKI,NASDAQ:NIKI (scan map; not verified offline),NIKI,UNKNOWN,NIKI (ticker string),UNKNOWN,2025-01-02,2026-10-08,443,yes,2023-01-23 1:10; 2026-07-20 1:10,"[""2026-07-20"", 0.1]",,UNKNOWN,UNKNOWN,UNKNOWN,UNKNOWN,
NIVF,UNKNOWN (no symbol-change source in repo),UNKNOWN (bot has no security id; ticker string is the key),NASDAQ (universe = nasdaqlisted.txt; probe map=scan),tradingview NASDAQ:NIVF (scan map) · yahoo NIVF,NASDAQ:NIVF (scan map; not verified offline),NIVF,UNKNOWN,NIVF (ticker string),UNKNOWN,2025-01-02,2026-10-08,443,yes,2025-05-05 1:10; 2025-08-04 1:5; 2025-12-01 1:5; 2026-01-26 1:3; 2026-03-16 1:4; 2026-07-06 1:3; 2026-09-01 1:3,,,UNKNOWN,UNKNOWN,UNKNOWN,UNKNOWN,
NRSN,UNKNOWN (no symbol-change source in repo),UNKNOWN (bot has no security id; ticker string is the key),NASDAQ (universe = nasdaqlisted.txt; probe map=scan),tradingview NASDAQ:NRSN (scan map) · yahoo NRSN,NASDAQ:NRSN (scan map; not verified offline),NRSN,UNKNOWN,NRSN (ticker string),UNKNOWN,2025-01-02,2026-10-08,443,yes,2026-09-14 1:20,,,UNKNOWN,UNKNOWN,UNKNOWN,UNKNOWN,
NTCL,UNKNOWN (no symbol-change source in repo),UNKNOWN (bot has no security id; ticker string is the key),NASDAQ (universe = nasdaqlisted.txt; probe map=scan),tradingview NASDAQ:NTCL (scan map) · yahoo NTCL,NASDAQ:NTCL (scan map; not verified offline),NTCL,UNKNOWN,NTCL (ticker string),UNKNOWN,2025-01-02,2026-10-08,443,yes,2026-07-06 1:50,,yes,UNKNOWN,UNKNOWN,UNKNOWN,UNKNOWN,
NTRB,UNKNOWN (no symbol-change source in repo),UNKNOWN (bot has no security id; ticker string is the key),NASDAQ (universe = nasdaqlisted.txt; probe map=scan),tradingview NASDAQ:NTRB (scan map) · yahoo NTRB,NASDAQ:NTRB (scan map; not verified offline),NTRB,UNKNOWN,NTRB (ticker string),UNKNOWN,2025-01-02,2026-10-08,443,yes,2022-08-12 1.166:1,,,UNKNOWN,UNKNOWN,UNKNOWN,UNKNOWN,
NUWE,UNKNOWN (no symbol-change source in repo),UNKNOWN (bot has no security id; ticker string is the key),NASDAQ (universe = nasdaqlisted.txt; probe map=scan),tradingview NASDAQ:NUWE (scan map) · yahoo NUWE,NASDAQ:NUWE (scan map; not verified offline),NUWE,UNKNOWN,NUWE (ticker string),UNKNOWN,2025-01-02,2026-10-08,443,yes,2017-01-13 1:30; 2017-10-13 1:20; 2019-01-03 1:14; 2020-10-19 1:30; 2022-12-12 1:100; 2024-06-28 1:35; 2025-07-07 1:42; 2026-06-26 1:35,"[""2026-06-26"", 0.02857142857142857]",,UNKNOWN,UNKNOWN,UNKNOWN,UNKNOWN,
NWGL,UNKNOWN (no symbol-change source in repo),UNKNOWN (bot has no security id; ticker string is the key),NASDAQ (universe = nasdaqlisted.txt; probe map=scan),tradingview NASDAQ:NWGL (scan map) · yahoo NWGL,NASDAQ:NWGL (scan map; not verified offline),NWGL,UNKNOWN,NWGL (ticker string),UNKNOWN,2025-01-02,2026-10-08,440,yes,none in source,,,UNKNOWN,UNKNOWN,UNKNOWN,UNKNOWN,
NXTT,UNKNOWN (no symbol-change source in repo),UNKNOWN (bot has no security id; ticker string is the key),NASDAQ (universe = nasdaqlisted.txt; probe map=scan),tradingview NASDAQ:NXTT (scan map) · yahoo NXTT,NASDAQ:NXTT (scan map; not verified offline),NXTT,UNKNOWN,NXTT (ticker string),UNKNOWN,2025-01-02,2026-10-08,443,yes,2025-09-16 1:200; 2026-08-10 1:100,,yes,UNKNOWN,UNKNOWN,UNKNOWN,UNKNOWN,
NXXT,UNKNOWN (no symbol-change source in repo),UNKNOWN (bot has no security id; ticker string is the key),NASDAQ (universe = nasdaqlisted.txt; probe map=scan),tradingview NASDAQ:NXXT (scan map) · yahoo NXXT,NASDAQ:NXXT (scan map; not verified offline),NXXT,UNKNOWN,NXXT (ticker string),UNKNOWN,2025-01-02,2026-10-08,443,yes,2023-04-27 1:8; 2024-07-25 1:2; 2026-09-14 1:10,,yes,UNKNOWN,UNKNOWN,UNKNOWN,UNKNOWN,
OLB,UNKNOWN (no symbol-change source in repo),UNKNOWN (bot has no security id; ticker string is the key),NASDAQ (universe = nasdaqlisted.txt; probe map=scan),tradingview NASDAQ:OLB (scan map) · yahoo OLB,NASDAQ:OLB (scan map; not verified offline),OLB,UNKNOWN,OLB (ticker string),UNKNOWN,2025-01-02,2026-10-08,443,yes,2019-11-12 1:30; 2024-05-06 1:10,,yes,UNKNOWN,UNKNOWN,UNKNOWN,UNKNOWN,
OMH,UNKNOWN (no symbol-change source in repo),UNKNOWN (bot has no security id; ticker string is the key),NASDAQ (universe = nasdaqlisted.txt; probe map=scan),tradingview NASDAQ:OMH (scan map) · yahoo OMH,NASDAQ:OMH (scan map; not verified offline),OMH,UNKNOWN,OMH (ticker string),UNKNOWN,2025-01-02,2026-10-08,443,yes,2026-08-31 1:50,,yes,UNKNOWN,UNKNOWN,UNKNOWN,UNKNOWN,
ONCO,UNKNOWN (no symbol-change source in repo),UNKNOWN (bot has no security id; ticker string is the key),NASDAQ (universe = nasdaqlisted.txt; probe map=scan),tradingview NASDAQ:ONCO (scan map) · yahoo ONCO,NASDAQ:ONCO (scan map; not verified offline),ONCO,UNKNOWN,ONCO (ticker string),UNKNOWN,2025-01-02,2026-10-08,443,yes,2024-09-24 1:40; 2025-06-13 1:85; 2026-03-25 1:5; 2026-05-21 1:10,,yes,UNKNOWN,UNKNOWN,UNKNOWN,UNKNOWN,
OPNW,UNKNOWN (no symbol-change source in repo),UNKNOWN (bot has no security id; ticker string is the key),NASDAQ (universe = nasdaqlisted.txt; probe map=scan),tradingview NASDAQ:OPNW (scan map) · yahoo OPNW,NASDAQ:OPNW (scan map; not verified offline),OPNW,UNKNOWN,OPNW (ticker string),UNKNOWN,2025-01-02,2026-10-08,443,yes,2015-07-23 1:85; 2020-06-18 1:50; 2026-09-29 1:10,,,UNKNOWN,UNKNOWN,UNKNOWN,UNKNOWN,
PAVS,UNKNOWN (no symbol-change source in repo),UNKNOWN (bot has no security id; ticker string is the key),NASDAQ (universe = nasdaqlisted.txt; probe map=scan),tradingview NASDAQ:PAVS (scan map) · yahoo PAVS,NASDAQ:PAVS (scan map; not verified offline),PAVS,UNKNOWN,PAVS (ticker string),UNKNOWN,2025-01-02,2026-10-08,436,yes,2022-10-11 1:20; 2025-12-18 1:100; 2026-03-31 1:12; 2026-06-29 1:100,,yes,UNKNOWN,UNKNOWN,UNKNOWN,UNKNOWN,
PCLA,UNKNOWN (no symbol-change source in repo),UNKNOWN (bot has no security id; ticker string is the key),NASDAQ (universe = nasdaqlisted.txt; probe map=scan),tradingview NASDAQ:PCLA (scan map) · yahoo PCLA,NASDAQ:PCLA (scan map; not verified offline),PCLA,UNKNOWN,PCLA (ticker string),UNKNOWN,2025-01-16,2026-10-08,434,yes,2026-01-26 1:30,,,UNKNOWN,UNKNOWN,UNKNOWN,UNKNOWN,
PDSB,UNKNOWN (no symbol-change source in repo),UNKNOWN (bot has no security id; ticker string is the key),NASDAQ (universe = nasdaqlisted.txt; probe map=scan),tradingview NASDAQ:PDSB (scan map) · yahoo PDSB,NASDAQ:PDSB (scan map; not verified offline),PDSB,UNKNOWN,PDSB (ticker string),UNKNOWN,2025-01-02,2026-10-08,443,yes,2019-03-18 1:20,,,UNKNOWN,UNKNOWN,UNKNOWN,UNKNOWN,
PFAI,UNKNOWN (no symbol-change source in repo),UNKNOWN (bot has no security id; ticker string is the key),NASDAQ (universe = nasdaqlisted.txt; probe map=scan),tradingview NASDAQ:PFAI (scan map) · yahoo PFAI,NASDAQ:PFAI (scan map; not verified offline),PFAI,UNKNOWN,PFAI (ticker string),UNKNOWN,2025-04-22,2026-10-08,346,yes,none in source,,,UNKNOWN,UNKNOWN,UNKNOWN,UNKNOWN,
PFSA,UNKNOWN (no symbol-change source in repo),UNKNOWN (bot has no security id; ticker string is the key),NASDAQ (universe = nasdaqlisted.txt; probe map=scan),tradingview NASDAQ:PFSA (scan map) · yahoo PFSA,NASDAQ:PFSA (scan map; not verified offline),PFSA,UNKNOWN,PFSA (ticker string),UNKNOWN,2025-02-19,2026-10-08,325,yes,2026-02-09 1:75; 2026-07-07 1:25; 2026-08-17 1:4,,yes,UNKNOWN,UNKNOWN,UNKNOWN,UNKNOWN,
PIII,UNKNOWN (no symbol-change source in repo),UNKNOWN (bot has no security id; ticker string is the key),NASDAQ (universe = nasdaqlisted.txt; probe map=scan),tradingview NASDAQ:PIII (scan map) · yahoo PIII,NASDAQ:PIII (scan map; not verified offline),PIII,UNKNOWN,PIII (ticker string),UNKNOWN,2025-01-02,2026-10-08,442,yes,2025-04-14 1:50,,,UNKNOWN,UNKNOWN,UNKNOWN,UNKNOWN,
PLCE,UNKNOWN (no symbol-change source in repo),UNKNOWN (bot has no security id; ticker string is the key),NASDAQ (universe = nasdaqlisted.txt; probe map=scan),tradingview NASDAQ:PLCE (scan map) · yahoo PLCE,NASDAQ:PLCE (scan map; not verified offline),PLCE,UNKNOWN,PLCE (ticker string),UNKNOWN,2025-01-02,2026-10-08,443,yes,none in source,null,,UNKNOWN,UNKNOWN,UNKNOWN,UNKNOWN,
PMAX,UNKNOWN (no symbol-change source in repo),UNKNOWN (bot has no security id; ticker string is the key),NASDAQ (universe = nasdaqlisted.txt; probe map=scan),tradingview NASDAQ:PMAX (scan map) · yahoo PMAX,NASDAQ:PMAX (scan map; not verified offline),PMAX,UNKNOWN,PMAX (ticker string),UNKNOWN,2025-01-02,2026-10-08,443,yes,2025-10-06 1:8; 2026-04-17 1:10,,yes,UNKNOWN,UNKNOWN,UNKNOWN,UNKNOWN,
PPBT,UNKNOWN (no symbol-change source in repo),UNKNOWN (bot has no security id; ticker string is the key),NASDAQ (universe = nasdaqlisted.txt; probe map=scan),tradingview NASDAQ:PPBT (scan map) · yahoo PPBT,NASDAQ:PPBT (scan map; not verified offline),PPBT,UNKNOWN,PPBT (ticker string),UNKNOWN,2025-01-02,2026-10-08,443,yes,2020-08-21 1:10; 2024-09-17 1:20; 2026-03-02 1:10,,,UNKNOWN,UNKNOWN,UNKNOWN,UNKNOWN,
PPCB,UNKNOWN (no symbol-change source in repo),UNKNOWN (bot has no security id; ticker string is the key),NASDAQ (universe = nasdaqlisted.txt; probe map=scan),tradingview NASDAQ:PPCB (scan map) · yahoo PPCB,NASDAQ:PPCB (scan map; not verified offline),PPCB,UNKNOWN,PPCB (ticker string),UNKNOWN,2025-01-02,2026-10-08,395,yes,2017-04-20 1:250; 2019-06-24 1:500; 2020-11-19 1:1000; 2025-01-29 1:2; 2026-05-18 1:25,,yes,UNKNOWN,UNKNOWN,UNKNOWN,UNKNOWN,
PRHI,UNKNOWN (no symbol-change source in repo),UNKNOWN (bot has no security id; ticker string is the key),NASDAQ (universe = nasdaqlisted.txt; probe map=scan),tradingview NASDAQ:PRHI (scan map) · yahoo PRHI,NASDAQ:PRHI (scan map; not verified offline),PRHI,UNKNOWN,PRHI (ticker string),UNKNOWN,2025-01-02,2026-10-08,434,yes,2026-06-02 1:7,"[""2026-06-02"", 0.14285714285714285]",,UNKNOWN,UNKNOWN,UNKNOWN,UNKNOWN,
PSIG,UNKNOWN (no symbol-change source in repo),UNKNOWN (bot has no security id; ticker string is the key),NASDAQ (universe = nasdaqlisted.txt; probe map=scan),tradingview NASDAQ:PSIG (scan map) · yahoo PSIG,NASDAQ:PSIG (scan map; not verified offline),PSIG,UNKNOWN,PSIG (ticker string),UNKNOWN,2025-01-02,2026-10-08,439,yes,2025-10-13 1:8,null,,UNKNOWN,UNKNOWN,UNKNOWN,UNKNOWN,
QCLS,UNKNOWN (no symbol-change source in repo),UNKNOWN (bot has no security id; ticker string is the key),NASDAQ (universe = nasdaqlisted.txt; probe map=scan),tradingview NASDAQ:QCLS (scan map) · yahoo QCLS,NASDAQ:QCLS (scan map; not verified offline),QCLS,UNKNOWN,QCLS (ticker string),UNKNOWN,2025-01-02,2026-10-08,443,yes,2018-11-08 1:8; 2019-11-25 1:24; 2021-04-19 1:2; 2024-02-15 1:30; 2025-09-02 1:100,,yes,UNKNOWN,UNKNOWN,UNKNOWN,UNKNOWN,
QMCO,UNKNOWN (no symbol-change source in repo),UNKNOWN (bot has no security id; ticker string is the key),NASDAQ (universe = nasdaqlisted.txt; probe map=scan),tradingview NASDAQ:QMCO (scan map) · yahoo QMCO,NASDAQ:QMCO (scan map; not verified offline),QMCO,UNKNOWN,QMCO (ticker string),UNKNOWN,2025-01-02,2026-10-08,443,yes,2017-04-19 1:8; 2024-08-27 1:20,,,UNKNOWN,UNKNOWN,UNKNOWN,UNKNOWN,
QNME,UNKNOWN (no symbol-change source in repo),UNKNOWN (bot has no security id; ticker string is the key),NASDAQ (universe = nasdaqlisted.txt; probe map=scan),tradingview NASDAQ:QNME (scan map) · yahoo QNME,NASDAQ:QNME (scan map; not verified offline),QNME,UNKNOWN,QNME (ticker string),UNKNOWN,2025-01-02,2026-10-08,441,yes,none in source,,,UNKNOWN,UNKNOWN,UNKNOWN,UNKNOWN,
QTEX,UNKNOWN (no symbol-change source in repo),UNKNOWN (bot has no security id; ticker string is the key),NASDAQ (universe = nasdaqlisted.txt; probe map=scan),tradingview NASDAQ:QTEX (scan map) · yahoo QTEX,NASDAQ:QTEX (scan map; not verified offline),QTEX,UNKNOWN,QTEX (ticker string),UNKNOWN,2025-01-02,2026-10-08,443,yes,none in source,,,UNKNOWN,UNKNOWN,UNKNOWN,UNKNOWN,
RAYA,UNKNOWN (no symbol-change source in repo),UNKNOWN (bot has no security id; ticker string is the key),NASDAQ (universe = nasdaqlisted.txt; probe map=scan),tradingview NASDAQ:RAYA (scan map) · yahoo RAYA,NASDAQ:RAYA (scan map; not verified offline),RAYA,UNKNOWN,RAYA (ticker string),UNKNOWN,2025-01-02,2026-10-08,440,yes,2025-09-30 1:220; 2026-04-20 1:10,,yes,UNKNOWN,UNKNOWN,UNKNOWN,UNKNOWN,
RBNE,UNKNOWN (no symbol-change source in repo),UNKNOWN (bot has no security id; ticker string is the key),NASDAQ (universe = nasdaqlisted.txt; probe map=scan),tradingview NASDAQ:RBNE (scan map) · yahoo RBNE,NASDAQ:RBNE (scan map; not verified offline),RBNE,UNKNOWN,RBNE (ticker string),UNKNOWN,2025-04-11,2026-10-08,375,yes,2025-12-24 1:5; 2026-07-09 1:15,,yes,UNKNOWN,UNKNOWN,UNKNOWN,UNKNOWN,
RDAC,UNKNOWN (no symbol-change source in repo),UNKNOWN (bot has no security id; ticker string is the key),NASDAQ (universe = nasdaqlisted.txt; probe map=scan),tradingview NASDAQ:RDAC (scan map) · yahoo RDAC,NASDAQ:RDAC (scan map; not verified offline),RDAC,UNKNOWN,RDAC (ticker string),UNKNOWN,2025-01-02,2026-10-08,325,yes,none in source,null,yes,UNKNOWN,UNKNOWN,UNKNOWN,UNKNOWN,
RDIB,UNKNOWN (no symbol-change source in repo),UNKNOWN (bot has no security id; ticker string is the key),NASDAQ (universe = nasdaqlisted.txt; probe map=scan),tradingview NASDAQ:RDIB (scan map) · yahoo RDIB,NASDAQ:RDIB (scan map; not verified offline),RDIB,UNKNOWN,RDIB (ticker string),UNKNOWN,2025-01-02,2026-10-08,355,yes,none in source,,,UNKNOWN,UNKNOWN,UNKNOWN,UNKNOWN,
REFR,UNKNOWN (no symbol-change source in repo),UNKNOWN (bot has no security id; ticker string is the key),NASDAQ (universe = nasdaqlisted.txt; probe map=scan),tradingview NASDAQ:REFR (scan map) · yahoo REFR,NASDAQ:REFR (scan map; not verified offline),REFR,UNKNOWN,REFR (ticker string),UNKNOWN,2025-01-02,2026-10-08,443,yes,1993-07-16 1.5:1; 1994-02-16 1.25:1,,yes,UNKNOWN,UNKNOWN,UNKNOWN,UNKNOWN,
RETO,UNKNOWN (no symbol-change source in repo),UNKNOWN (bot has no security id; ticker string is the key),NASDAQ (universe = nasdaqlisted.txt; probe map=scan),tradingview NASDAQ:RETO (scan map) · yahoo RETO,NASDAQ:RETO (scan map; not verified offline),RETO,UNKNOWN,RETO (ticker string),UNKNOWN,2025-01-02,2026-10-08,438,yes,2023-05-12 1:10; 2023-05-15 1:10; 2024-03-01 1:10; 2025-11-03 1:5; 2026-05-18 1:4; 2026-10-02 1:20,,yes,UNKNOWN,UNKNOWN,UNKNOWN,UNKNOWN,
RFAI,UNKNOWN (no symbol-change source in repo),UNKNOWN (bot has no security id; ticker string is the key),NASDAQ (universe = nasdaqlisted.txt; probe map=scan),tradingview NASDAQ:RFAI (scan map) · yahoo RFAI,NASDAQ:RFAI (scan map; not verified offline),RFAI,UNKNOWN,RFAI (ticker string),UNKNOWN,2025-01-02,2026-10-08,283,yes,none in source,,,UNKNOWN,UNKNOWN,UNKNOWN,UNKNOWN,
RNXT,UNKNOWN (no symbol-change source in repo),UNKNOWN (bot has no security id; ticker string is the key),NASDAQ (universe = nasdaqlisted.txt; probe map=scan),tradingview NASDAQ:RNXT (scan map) · yahoo RNXT,NASDAQ:RNXT (scan map; not verified offline),RNXT,UNKNOWN,RNXT (ticker string),UNKNOWN,2025-01-02,2026-10-08,443,yes,none in source,,,UNKNOWN,UNKNOWN,UNKNOWN,UNKNOWN,
RUBI,UNKNOWN (no symbol-change source in repo),UNKNOWN (bot has no security id; ticker string is the key),NASDAQ (universe = nasdaqlisted.txt; probe map=scan),tradingview NASDAQ:RUBI (scan map) · yahoo RUBI,NASDAQ:RUBI (scan map; not verified offline),RUBI,UNKNOWN,RUBI (ticker string),UNKNOWN,2025-08-04,2026-10-08,298,yes,2025-12-02 1:30; 2026-02-12 1:8; 2026-04-09 1:10; 2026-06-26 1:25; 2026-10-06 1.5:1,,yes,UNKNOWN,UNKNOWN,UNKNOWN,UNKNOWN,
SCKT,UNKNOWN (no symbol-change source in repo),UNKNOWN (bot has no security id; ticker string is the key),NASDAQ (universe = nasdaqlisted.txt; probe map=scan),tradingview NASDAQ:SCKT (scan map) · yahoo SCKT,NASDAQ:SCKT (scan map; not verified offline),SCKT,UNKNOWN,SCKT (ticker string),UNKNOWN,2025-01-02,2026-10-08,443,yes,2008-10-24 1:10,,yes,UNKNOWN,UNKNOWN,UNKNOWN,UNKNOWN,
SFWL,UNKNOWN (no symbol-change source in repo),UNKNOWN (bot has no security id; ticker string is the key),NASDAQ (universe = nasdaqlisted.txt; probe map=scan),tradingview NASDAQ:SFWL (scan map) · yahoo SFWL,NASDAQ:SFWL (scan map; not verified offline),SFWL,UNKNOWN,SFWL (ticker string),UNKNOWN,2025-01-02,2026-10-08,429,yes,2026-09-08 1:15,,,UNKNOWN,UNKNOWN,UNKNOWN,UNKNOWN,
SLE,UNKNOWN (no symbol-change source in repo),UNKNOWN (bot has no security id; ticker string is the key),NASDAQ (universe = nasdaqlisted.txt; probe map=scan),tradingview NASDAQ:SLE (scan map) · yahoo SLE,NASDAQ:SLE (scan map; not verified offline),SLE,UNKNOWN,SLE (ticker string),UNKNOWN,2025-01-02,2026-10-08,443,yes,2023-09-11 1:20; 2025-06-23 1:40; 2026-01-23 1:12,,yes,UNKNOWN,UNKNOWN,UNKNOWN,UNKNOWN,
SLXN,UNKNOWN (no symbol-change source in repo),UNKNOWN (bot has no security id; ticker string is the key),NASDAQ (universe = nasdaqlisted.txt; probe map=scan),tradingview NASDAQ:SLXN (scan map) · yahoo SLXN,NASDAQ:SLXN (scan map; not verified offline),SLXN,UNKNOWN,SLXN (ticker string),UNKNOWN,2025-01-02,2026-10-08,443,yes,2025-07-29 1:15; 2026-05-29 1:10,,yes,UNKNOWN,UNKNOWN,UNKNOWN,UNKNOWN,
SMX,UNKNOWN (no symbol-change source in repo),UNKNOWN (bot has no security id; ticker string is the key),NASDAQ (universe = nasdaqlisted.txt; probe map=scan),tradingview NASDAQ:SMX (scan map) · yahoo SMX,NASDAQ:SMX (scan map; not verified offline),SMX,UNKNOWN,SMX (ticker string),UNKNOWN,2025-01-02,2026-10-08,443,yes,2023-08-21 1:22; 2024-07-15 1:75; 2025-01-15 1:29; 2025-06-16 1:4; 2025-08-07 1:7; 2025-10-23 1:11; 2026-02-17 1:5; 2026-06-01 1:2,,yes,UNKNOWN,UNKNOWN,UNKNOWN,UNKNOWN,
SMXT,UNKNOWN (no symbol-change source in repo),UNKNOWN (bot has no security id; ticker string is the key),NASDAQ (universe = nasdaqlisted.txt; probe map=scan),tradingview NASDAQ:SMXT (scan map) · yahoo SMXT,NASDAQ:SMXT (scan map; not verified offline),SMXT,UNKNOWN,SMXT (ticker string),UNKNOWN,2025-01-02,2026-10-08,443,yes,2026-08-13 1:12,,,UNKNOWN,UNKNOWN,UNKNOWN,UNKNOWN,
SNAL,UNKNOWN (no symbol-change source in repo),UNKNOWN (bot has no security id; ticker string is the key),NASDAQ (universe = nasdaqlisted.txt; probe map=scan),tradingview NASDAQ:SNAL (scan map) · yahoo SNAL,NASDAQ:SNAL (scan map; not verified offline),SNAL,UNKNOWN,SNAL (ticker string),UNKNOWN,2025-01-02,2026-10-08,443,yes,2026-07-06 1:5,,yes,UNKNOWN,UNKNOWN,UNKNOWN,UNKNOWN,
SPHL,UNKNOWN (no symbol-change source in repo),UNKNOWN (bot has no security id; ticker string is the key),NASDAQ (universe = nasdaqlisted.txt; probe map=scan),tradingview NASDAQ:SPHL (scan map) · yahoo SPHL,NASDAQ:SPHL (scan map; not verified offline),SPHL,UNKNOWN,SPHL (ticker string),UNKNOWN,2025-01-02,2026-10-08,442,yes,2025-12-02 1:8,,yes,UNKNOWN,UNKNOWN,UNKNOWN,UNKNOWN,
SPRC,UNKNOWN (no symbol-change source in repo),UNKNOWN (bot has no security id; ticker string is the key),NASDAQ (universe = nasdaqlisted.txt; probe map=scan),tradingview NASDAQ:SPRC (scan map) · yahoo SPRC,NASDAQ:SPRC (scan map; not verified offline),SPRC,UNKNOWN,SPRC (ticker string),UNKNOWN,2025-01-02,2026-10-08,443,yes,2023-09-28 1:26; 2025-07-03 1:21; 2026-03-04 1:9,,yes,UNKNOWN,UNKNOWN,UNKNOWN,UNKNOWN,
SRZN,UNKNOWN (no symbol-change source in repo),UNKNOWN (bot has no security id; ticker string is the key),NASDAQ (universe = nasdaqlisted.txt; probe map=scan),tradingview NASDAQ:SRZN (scan map) · yahoo SRZN,NASDAQ:SRZN (scan map; not verified offline),SRZN,UNKNOWN,SRZN (ticker string),UNKNOWN,2025-01-02,2026-10-08,443,yes,2023-12-14 1:15,,,UNKNOWN,UNKNOWN,UNKNOWN,UNKNOWN,
STKH,UNKNOWN (no symbol-change source in repo),UNKNOWN (bot has no security id; ticker string is the key),NASDAQ (universe = nasdaqlisted.txt; probe map=scan),tradingview NASDAQ:STKH (scan map) · yahoo STKH,NASDAQ:STKH (scan map; not verified offline),STKH,UNKNOWN,STKH (ticker string),UNKNOWN,2025-01-02,2026-10-08,443,yes,2024-04-04 1:10; 2025-04-28 1:5; 2025-09-10 1:8; 2026-07-27 1:3,,yes,UNKNOWN,UNKNOWN,UNKNOWN,UNKNOWN,
SUNE,UNKNOWN (no symbol-change source in repo),UNKNOWN (bot has no security id; ticker string is the key),NASDAQ (universe = nasdaqlisted.txt; probe map=scan),tradingview NASDAQ:SUNE (scan map) · yahoo SUNE,NASDAQ:SUNE (scan map; not verified offline),SUNE,UNKNOWN,SUNE (ticker string),UNKNOWN,2025-01-02,2026-10-08,443,yes,1983-04-18 1.5:1; 1984-06-11 1.5:1; 1993-04-12 2:1; 2022-03-21 1:4; 2024-06-12 1:15; 2024-10-17 1:50; 2025-04-21 1:200,,,UNKNOWN,UNKNOWN,UNKNOWN,UNKNOWN,
SVRE,UNKNOWN (no symbol-change source in repo),UNKNOWN (bot has no security id; ticker string is the key),NASDAQ (universe = nasdaqlisted.txt; probe map=scan),tradingview NASDAQ:SVRE (scan map) · yahoo SVRE,NASDAQ:SVRE (scan map; not verified offline),SVRE,UNKNOWN,SVRE (ticker string),UNKNOWN,2025-01-02,2026-10-08,443,yes,2024-10-28 1:18; 2025-06-11 1:3; 2025-12-10 1:3; 2026-02-25 1:4,,yes,UNKNOWN,UNKNOWN,UNKNOWN,UNKNOWN,
SVRN,UNKNOWN (no symbol-change source in repo),UNKNOWN (bot has no security id; ticker string is the key),NASDAQ (universe = nasdaqlisted.txt; probe map=scan),tradingview NASDAQ:SVRN (scan map) · yahoo SVRN,NASDAQ:SVRN (scan map; not verified offline),SVRN,UNKNOWN,SVRN (ticker string),UNKNOWN,2025-01-02,2026-10-08,443,yes,2022-12-21 1:10; 2022-12-22 1:10; 2023-06-08 1:20; 2025-08-25 1:25; 2026-03-30 1:20,,,UNKNOWN,UNKNOWN,UNKNOWN,UNKNOWN,
SWVL,UNKNOWN (no symbol-change source in repo),UNKNOWN (bot has no security id; ticker string is the key),NASDAQ (universe = nasdaqlisted.txt; probe map=scan),tradingview NASDAQ:SWVL (scan map) · yahoo SWVL,NASDAQ:SWVL (scan map; not verified offline),SWVL,UNKNOWN,SWVL (ticker string),UNKNOWN,2025-01-02,2026-10-08,443,yes,2023-01-26 1:25,,,UNKNOWN,UNKNOWN,UNKNOWN,UNKNOWN,
SXTC,UNKNOWN (no symbol-change source in repo),UNKNOWN (bot has no security id; ticker string is the key),NASDAQ (universe = nasdaqlisted.txt; probe map=scan),tradingview NASDAQ:SXTC (scan map) · yahoo SXTC,NASDAQ:SXTC (scan map; not verified offline),SXTC,UNKNOWN,SXTC (ticker string),UNKNOWN,2025-01-02,2026-10-08,443,yes,2021-02-22 1:4; 2023-10-05 1:25; 2026-02-03 1:150; 2026-08-10 1:80,,yes,UNKNOWN,UNKNOWN,UNKNOWN,UNKNOWN,yes
SXTP,UNKNOWN (no symbol-change source in repo),UNKNOWN (bot has no security id; ticker string is the key),NASDAQ (universe = nasdaqlisted.txt; probe map=scan),tradingview NASDAQ:SXTP (scan map) · yahoo SXTP,NASDAQ:SXTP (scan map; not verified offline),SXTP,UNKNOWN,SXTP (ticker string),UNKNOWN,2025-01-02,2026-10-08,443,yes,2024-08-12 1:12; 2025-02-24 1:5; 2026-01-20 1:4,null,,UNKNOWN,UNKNOWN,UNKNOWN,UNKNOWN,
TAOP,UNKNOWN (no symbol-change source in repo),UNKNOWN (bot has no security id; ticker string is the key),NASDAQ (universe = nasdaqlisted.txt; probe map=scan),tradingview NASDAQ:TAOP (scan map) · yahoo TAOP,NASDAQ:TAOP (scan map; not verified offline),TAOP,UNKNOWN,TAOP (ticker string),UNKNOWN,2025-01-02,2026-10-08,442,yes,2006-10-03 4.444:1; 2012-03-02 1:2; 2020-07-30 1:6; 2023-08-01 1:10; 2025-05-29 1:30,,,UNKNOWN,UNKNOWN,UNKNOWN,UNKNOWN,
TDIC,UNKNOWN (no symbol-change source in repo),UNKNOWN (bot has no security id; ticker string is the key),NASDAQ (universe = nasdaqlisted.txt; probe map=scan),tradingview NASDAQ:TDIC (scan map) · yahoo TDIC,NASDAQ:TDIC (scan map; not verified offline),TDIC,UNKNOWN,TDIC (ticker string),UNKNOWN,2025-07-23,2026-10-08,306,yes,2026-04-20 1:5; 2026-06-15 1:25,,,UNKNOWN,UNKNOWN,UNKNOWN,UNKNOWN,
TELA,UNKNOWN (no symbol-change source in repo),UNKNOWN (bot has no security id; ticker string is the key),NASDAQ (universe = nasdaqlisted.txt; probe map=scan),tradingview NASDAQ:TELA (scan map) · yahoo TELA,NASDAQ:TELA (scan map; not verified offline),TELA,UNKNOWN,TELA (ticker string),UNKNOWN,2025-01-02,2026-10-08,443,yes,none in source,,,UNKNOWN,UNKNOWN,UNKNOWN,UNKNOWN,
TGL,UNKNOWN (no symbol-change source in repo),UNKNOWN (bot has no security id; ticker string is the key),NASDAQ (universe = nasdaqlisted.txt; probe map=scan),tradingview NASDAQ:TGL (scan map) · yahoo TGL,NASDAQ:TGL (scan map; not verified offline),TGL,UNKNOWN,TGL (ticker string),UNKNOWN,2025-01-02,2026-10-08,443,yes,2024-02-27 1:70; 2025-04-07 1:50; 2025-12-05 1:20,,yes,UNKNOWN,UNKNOWN,UNKNOWN,UNKNOWN,
TJGC,UNKNOWN (no symbol-change source in repo),UNKNOWN (bot has no security id; ticker string is the key),NASDAQ (universe = nasdaqlisted.txt; probe map=scan),tradingview NASDAQ:TJGC (scan map) · yahoo TJGC,NASDAQ:TJGC (scan map; not verified offline),TJGC,UNKNOWN,TJGC (ticker string),UNKNOWN,2025-01-22,2026-10-08,416,yes,2026-05-26 1:3,,,UNKNOWN,UNKNOWN,UNKNOWN,UNKNOWN,
TLIH,UNKNOWN (no symbol-change source in repo),UNKNOWN (bot has no security id; ticker string is the key),NASDAQ (universe = nasdaqlisted.txt; probe map=scan),tradingview NASDAQ:TLIH (scan map) · yahoo TLIH,NASDAQ:TLIH (scan map; not verified offline),TLIH,UNKNOWN,TLIH (ticker string),UNKNOWN,2025-07-08,2026-10-08,314,yes,2026-05-01 1:10,,,UNKNOWN,UNKNOWN,UNKNOWN,UNKNOWN,
TNMG,UNKNOWN (no symbol-change source in repo),UNKNOWN (bot has no security id; ticker string is the key),NASDAQ (universe = nasdaqlisted.txt; probe map=scan),tradingview NASDAQ:TNMG (scan map) · yahoo TNMG,NASDAQ:TNMG (scan map; not verified offline),TNMG,UNKNOWN,TNMG (ticker string),UNKNOWN,2025-01-02,2026-10-08,443,yes,2025-12-23 1:20; 2026-09-08 1:8,,yes,UNKNOWN,UNKNOWN,UNKNOWN,UNKNOWN,
TNON,UNKNOWN (no symbol-change source in repo),UNKNOWN (bot has no security id; ticker string is the key),NASDAQ (universe = nasdaqlisted.txt; probe map=scan),tradingview NASDAQ:TNON (scan map) · yahoo TNON,NASDAQ:TNON (scan map; not verified offline),TNON,UNKNOWN,TNON (ticker string),UNKNOWN,2025-01-02,2026-10-08,443,yes,2023-11-02 1:10; 2024-09-06 1:8; 2026-08-10 1:35,,yes,UNKNOWN,UNKNOWN,UNKNOWN,UNKNOWN,
TRUG,UNKNOWN (no symbol-change source in repo),UNKNOWN (bot has no security id; ticker string is the key),NASDAQ (universe = nasdaqlisted.txt; probe map=scan),tradingview NASDAQ:TRUG (scan map) · yahoo TRUG,NASDAQ:TRUG (scan map; not verified offline),TRUG,UNKNOWN,TRUG (ticker string),UNKNOWN,2025-01-02,2026-10-08,443,yes,2025-06-23 1:50; 2026-03-27 1:10; 2026-09-29 1:10,,yes,UNKNOWN,UNKNOWN,UNKNOWN,UNKNOWN,
TVGN,UNKNOWN (no symbol-change source in repo),UNKNOWN (bot has no security id; ticker string is the key),NASDAQ (universe = nasdaqlisted.txt; probe map=scan),tradingview NASDAQ:TVGN (scan map) · yahoo TVGN,NASDAQ:TVGN (scan map; not verified offline),TVGN,UNKNOWN,TVGN (ticker string),UNKNOWN,2025-01-02,2026-10-08,442,yes,2026-03-06 1:50,null,,UNKNOWN,UNKNOWN,UNKNOWN,UNKNOWN,
UCAR,UNKNOWN (no symbol-change source in repo),UNKNOWN (bot has no security id; ticker string is the key),NASDAQ (universe = nasdaqlisted.txt; probe map=scan),tradingview NASDAQ:UCAR (scan map) · yahoo UCAR,NASDAQ:UCAR (scan map; not verified offline),UCAR,UNKNOWN,UCAR (ticker string),UNKNOWN,2025-01-02,2026-10-08,443,yes,2024-04-03 1:100; 2026-04-01 1:10; 2026-09-09 1:20,,yes,UNKNOWN,UNKNOWN,UNKNOWN,UNKNOWN,
UPC,UNKNOWN (no symbol-change source in repo),UNKNOWN (bot has no security id; ticker string is the key),NASDAQ (universe = nasdaqlisted.txt; probe map=scan),tradingview NASDAQ:UPC (scan map) · yahoo UPC,NASDAQ:UPC (scan map; not verified offline),UPC,UNKNOWN,UPC (ticker string),UNKNOWN,2025-01-02,2026-10-08,443,yes,2023-07-28 1:6; 2024-11-18 1:15; 2025-03-24 1:40,null,,UNKNOWN,UNKNOWN,UNKNOWN,UNKNOWN,
USDE,UNKNOWN (no symbol-change source in repo),UNKNOWN (bot has no security id; ticker string is the key),NASDAQ (universe = nasdaqlisted.txt; probe map=scan),tradingview NASDAQ:USDE (scan map) · yahoo USDE,NASDAQ:USDE (scan map; not verified offline),USDE,UNKNOWN,USDE (ticker string),UNKNOWN,2025-01-03,2026-10-08,275,yes,none in source,,,UNKNOWN,UNKNOWN,UNKNOWN,UNKNOWN,
VEEA,UNKNOWN (no symbol-change source in repo),UNKNOWN (bot has no security id; ticker string is the key),NASDAQ (universe = nasdaqlisted.txt; probe map=scan),tradingview NASDAQ:VEEA (scan map) · yahoo VEEA,NASDAQ:VEEA (scan map; not verified offline),VEEA,UNKNOWN,VEEA (ticker string),UNKNOWN,2025-01-02,2026-10-08,443,yes,2026-08-31 1:20,,,UNKNOWN,UNKNOWN,UNKNOWN,UNKNOWN,
VEEE,UNKNOWN (no symbol-change source in repo),UNKNOWN (bot has no security id; ticker string is the key),NASDAQ (universe = nasdaqlisted.txt; probe map=scan),tradingview NASDAQ:VEEE (scan map) · yahoo VEEE,NASDAQ:VEEE (scan map; not verified offline),VEEE,UNKNOWN,VEEE (ticker string),UNKNOWN,2025-01-02,2026-10-08,443,yes,2025-04-08 1:10; 2026-05-04 1:37,,yes,UNKNOWN,UNKNOWN,UNKNOWN,UNKNOWN,
VIOT,UNKNOWN (no symbol-change source in repo),UNKNOWN (bot has no security id; ticker string is the key),NASDAQ (universe = nasdaqlisted.txt; probe map=scan),tradingview NASDAQ:VIOT (scan map) · yahoo VIOT,NASDAQ:VIOT (scan map; not verified offline),VIOT,UNKNOWN,VIOT (ticker string),UNKNOWN,2025-01-02,2026-10-08,443,yes,none in source,,,UNKNOWN,UNKNOWN,UNKNOWN,UNKNOWN,
VRME,UNKNOWN (no symbol-change source in repo),UNKNOWN (bot has no security id; ticker string is the key),NASDAQ (universe = nasdaqlisted.txt; probe map=scan),tradingview NASDAQ:VRME (scan map) · yahoo VRME,NASDAQ:VRME (scan map; not verified offline),VRME,UNKNOWN,VRME (ticker string),UNKNOWN,2025-01-02,2026-10-08,443,yes,2020-06-18 1:50,,,UNKNOWN,UNKNOWN,UNKNOWN,UNKNOWN,
VWAV,UNKNOWN (no symbol-change source in repo),UNKNOWN (bot has no security id; ticker string is the key),NASDAQ (universe = nasdaqlisted.txt; probe map=scan),tradingview NASDAQ:VWAV (scan map) · yahoo VWAV,NASDAQ:VWAV (scan map; not verified offline),VWAV,UNKNOWN,VWAV (ticker string),UNKNOWN,2025-01-03,2026-10-08,364,yes,2026-09-22 1:20,,yes,UNKNOWN,UNKNOWN,UNKNOWN,UNKNOWN,
WCT,UNKNOWN (no symbol-change source in repo),UNKNOWN (bot has no security id; ticker string is the key),NASDAQ (universe = nasdaqlisted.txt; probe map=scan),tradingview NASDAQ:WCT (scan map) · yahoo WCT,NASDAQ:WCT (scan map; not verified offline),WCT,UNKNOWN,WCT (ticker string),UNKNOWN,2025-01-02,2026-10-08,443,yes,2026-03-06 1:50; 2026-09-08 1:5,,yes,UNKNOWN,UNKNOWN,UNKNOWN,UNKNOWN,
WETO,UNKNOWN (no symbol-change source in repo),UNKNOWN (bot has no security id; ticker string is the key),NASDAQ (universe = nasdaqlisted.txt; probe map=scan),tradingview NASDAQ:WETO (scan map) · yahoo WETO,NASDAQ:WETO (scan map; not verified offline),WETO,UNKNOWN,WETO (ticker string),UNKNOWN,2025-02-27,2026-10-08,404,yes,2026-08-03 1:100,,yes,UNKNOWN,UNKNOWN,UNKNOWN,UNKNOWN,
WHLR,UNKNOWN (no symbol-change source in repo),UNKNOWN (bot has no security id; ticker string is the key),NASDAQ (universe = nasdaqlisted.txt; probe map=scan),tradingview NASDAQ:WHLR (scan map) · yahoo WHLR,NASDAQ:WHLR (scan map; not verified offline),WHLR,UNKNOWN,WHLR (ticker string),UNKNOWN,2025-01-02,2026-10-08,443,yes,2017-04-03 1:8; 2023-08-18 1:10; 2024-05-17 1:24; 2024-06-20 1:6; 2024-06-28 1:5; 2024-09-20 1:3; 2024-11-19 1:2; 2025-01-28 1:4; 2025-03-27 1:5; 2025-05-27 1:7; 2025-09-23 1:5; 2025-12-01 1:2; 2026-01-20 1:3; 2026-04-20 1:3; 2026-06-18 1:4; 2026-07-28 1:5; 2026-08-27 1:4; 2026-09-22 1:9,,yes,UNKNOWN,UNKNOWN,UNKNOWN,UNKNOWN,
WKHS,UNKNOWN (no symbol-change source in repo),UNKNOWN (bot has no security id; ticker string is the key),NASDAQ (universe = nasdaqlisted.txt; probe map=scan),tradingview NASDAQ:WKHS (scan map) · yahoo WKHS,NASDAQ:WKHS (scan map; not verified offline),WKHS,UNKNOWN,WKHS (ticker string),UNKNOWN,2025-01-02,2026-10-08,443,yes,2015-12-11 1:10; 2024-06-17 1:20; 2025-03-17 1:12; 2025-12-08 1:12,null,,UNKNOWN,UNKNOWN,UNKNOWN,UNKNOWN,
WLDS,UNKNOWN (no symbol-change source in repo),UNKNOWN (bot has no security id; ticker string is the key),NASDAQ (universe = nasdaqlisted.txt; probe map=scan),tradingview NASDAQ:WLDS (scan map) · yahoo WLDS,NASDAQ:WLDS (scan map; not verified offline),WLDS,UNKNOWN,WLDS (ticker string),UNKNOWN,2025-01-02,2026-10-08,443,yes,2024-10-10 1:20; 2025-03-17 1:4; 2026-03-11 1:3; 2026-06-22 1:3,,yes,UNKNOWN,UNKNOWN,UNKNOWN,UNKNOWN,
WNW,UNKNOWN (no symbol-change source in repo),UNKNOWN (bot has no security id; ticker string is the key),NASDAQ (universe = nasdaqlisted.txt; probe map=scan),tradingview NASDAQ:WNW (scan map) · yahoo WNW,NASDAQ:WNW (scan map; not verified offline),WNW,UNKNOWN,WNW (ticker string),UNKNOWN,2025-01-02,2026-10-08,443,yes,2023-12-20 1:35; 2025-04-01 1:20; 2026-04-06 1:100,null,,UNKNOWN,UNKNOWN,UNKNOWN,UNKNOWN,
WORX,UNKNOWN (no symbol-change source in repo),UNKNOWN (bot has no security id; ticker string is the key),NASDAQ (universe = nasdaqlisted.txt; probe map=scan),tradingview NASDAQ:WORX (scan map) · yahoo WORX,NASDAQ:WORX (scan map; not verified offline),WORX,UNKNOWN,WORX (ticker string),UNKNOWN,2025-01-02,2026-10-08,325,yes,2019-02-04 1:19; 2023-10-11 1:15; 2026-04-10 1:15; 2026-08-04 1:12,,,UNKNOWN,UNKNOWN,UNKNOWN,UNKNOWN,
WSHP,UNKNOWN (no symbol-change source in repo),UNKNOWN (bot has no security id; ticker string is the key),NASDAQ (universe = nasdaqlisted.txt; probe map=scan),tradingview NASDAQ:WSHP (scan map) · yahoo WSHP,NASDAQ:WSHP (scan map; not verified offline),WSHP,UNKNOWN,WSHP (ticker string),UNKNOWN,2025-11-14,2026-10-08,225,yes,none in source,null,yes,UNKNOWN,UNKNOWN,UNKNOWN,UNKNOWN,
XAIR,UNKNOWN (no symbol-change source in repo),UNKNOWN (bot has no security id; ticker string is the key),NASDAQ (universe = nasdaqlisted.txt; probe map=scan),tradingview NASDAQ:XAIR (scan map) · yahoo XAIR,NASDAQ:XAIR (scan map; not verified offline),XAIR,UNKNOWN,XAIR (ticker string),UNKNOWN,2025-01-02,2026-10-08,443,yes,2025-07-14 1:20; 2026-07-13 1:20,,yes,UNKNOWN,UNKNOWN,UNKNOWN,UNKNOWN,
XHLD,UNKNOWN (no symbol-change source in repo),UNKNOWN (bot has no security id; ticker string is the key),NASDAQ (universe = nasdaqlisted.txt; probe map=scan),tradingview NASDAQ:XHLD (scan map) · yahoo XHLD,NASDAQ:XHLD (scan map; not verified offline),XHLD,UNKNOWN,XHLD (ticker string),UNKNOWN,2025-02-13,2026-10-08,415,yes,2025-12-02 1:15,,yes,UNKNOWN,UNKNOWN,UNKNOWN,UNKNOWN,
XRPN,UNKNOWN (no symbol-change source in repo),UNKNOWN (bot has no security id; ticker string is the key),NASDAQ (universe = nasdaqlisted.txt; probe map=scan),tradingview NASDAQ:XRPN (scan map) · yahoo XRPN,NASDAQ:XRPN (scan map; not verified offline),XRPN,UNKNOWN,XRPN (ticker string),UNKNOWN,2025-06-24,2026-10-08,321,yes,none in source,,,UNKNOWN,UNKNOWN,UNKNOWN,UNKNOWN,
YDES,UNKNOWN (no symbol-change source in repo),UNKNOWN (bot has no security id; ticker string is the key),NASDAQ (universe = nasdaqlisted.txt; probe map=scan),tradingview NASDAQ:YDES (scan map) · yahoo YDES,NASDAQ:YDES (scan map; not verified offline),YDES,UNKNOWN,YDES (ticker string),UNKNOWN,2025-01-03,2026-10-08,362,yes,none in source,,,UNKNOWN,UNKNOWN,UNKNOWN,UNKNOWN,
YMT,UNKNOWN (no symbol-change source in repo),UNKNOWN (bot has no security id; ticker string is the key),NASDAQ (universe = nasdaqlisted.txt; probe map=scan),tradingview NASDAQ:YMT (scan map) · yahoo YMT,NASDAQ:YMT (scan map; not verified offline),YMT,UNKNOWN,YMT (ticker string),UNKNOWN,2025-08-19,2026-10-08,287,yes,2026-05-18 1:15; 2026-08-27 1:16,,yes,UNKNOWN,UNKNOWN,UNKNOWN,UNKNOWN,
YQ,UNKNOWN (no symbol-change source in repo),UNKNOWN (bot has no security id; ticker string is the key),NASDAQ (universe = nasdaqlisted.txt; probe map=scan),tradingview NASDAQ:YQ (scan map) · yahoo YQ,NASDAQ:YQ (scan map; not verified offline),YQ,UNKNOWN,YQ (ticker string),UNKNOWN,2025-01-02,2026-10-08,436,yes,2021-11-17 1:4; 2023-12-18 1:5,,,UNKNOWN,UNKNOWN,UNKNOWN,UNKNOWN,
YYAI,UNKNOWN (no symbol-change source in repo),UNKNOWN (bot has no security id; ticker string is the key),NASDAQ (universe = nasdaqlisted.txt; probe map=scan),tradingview NASDAQ:YYAI (scan map) · yahoo YYAI,NASDAQ:YYAI (scan map; not verified offline),YYAI,UNKNOWN,YYAI (ticker string),UNKNOWN,2025-01-02,2026-10-08,443,yes,2023-09-25 1:40; 2024-06-27 1:20; 2025-10-27 1:50; 2026-05-18 1:40; 2026-08-17 1:20,,yes,UNKNOWN,UNKNOWN,UNKNOWN,UNKNOWN,
ZCMD,UNKNOWN (no symbol-change source in repo),UNKNOWN (bot has no security id; ticker string is the key),NASDAQ (universe = nasdaqlisted.txt; probe map=scan),tradingview NASDAQ:ZCMD (scan map) · yahoo ZCMD,NASDAQ:ZCMD (scan map; not verified offline),ZCMD,UNKNOWN,ZCMD (ticker string),UNKNOWN,2025-01-02,2026-10-08,433,yes,2024-02-29 1:10; 2026-03-02 1:8; 2026-06-08 1:31; 2026-06-29 1:3; 2026-10-02 1:2,,yes,UNKNOWN,UNKNOWN,UNKNOWN,UNKNOWN,
ZEO,UNKNOWN (no symbol-change source in repo),UNKNOWN (bot has no security id; ticker string is the key),NASDAQ (universe = nasdaqlisted.txt; probe map=scan),tradingview NASDAQ:ZEO (scan map) · yahoo ZEO,NASDAQ:ZEO (scan map; not verified offline),ZEO,UNKNOWN,ZEO (ticker string),UNKNOWN,2025-01-02,2026-10-08,443,yes,none in source,,yes,UNKNOWN,UNKNOWN,UNKNOWN,UNKNOWN,
ZKIN,UNKNOWN (no symbol-change source in repo),UNKNOWN (bot has no security id; ticker string is the key),NASDAQ (universe = nasdaqlisted.txt; probe map=scan),tradingview NASDAQ:ZKIN (scan map) · yahoo ZKIN,NASDAQ:ZKIN (scan map; not verified offline),ZKIN,UNKNOWN,ZKIN (ticker string),UNKNOWN,2025-01-02,2026-10-08,441,yes,none in source,,,UNKNOWN,UNKNOWN,UNKNOWN,UNKNOWN,
ZNB,UNKNOWN (no symbol-change source in repo),UNKNOWN (bot has no security id; ticker string is the key),NASDAQ (universe = nasdaqlisted.txt; probe map=scan),tradingview NASDAQ:ZNB (scan map) · yahoo ZNB,NASDAQ:ZNB (scan map; not verified offline),ZNB,UNKNOWN,ZNB (ticker string),UNKNOWN,2025-01-02,2026-10-08,443,yes,2013-08-02 1:12; 2022-09-26 1:40; 2024-11-15 1:100; 2025-08-22 1:25; 2026-03-12 1:100; 2026-07-27 1:8,,yes,UNKNOWN,UNKNOWN,UNKNOWN,UNKNOWN,
ZSTK,UNKNOWN (no symbol-change source in repo),UNKNOWN (bot has no security id; ticker string is the key),NASDAQ (universe = nasdaqlisted.txt; probe map=scan),tradingview NASDAQ:ZSTK (scan map) · yahoo ZSTK,NASDAQ:ZSTK (scan map; not verified offline),ZSTK,UNKNOWN,ZSTK (ticker string),UNKNOWN,2025-01-02,2026-10-08,443,yes,2023-06-09 1:20; 2025-08-04 1:39,,yes,UNKNOWN,UNKNOWN,UNKNOWN,UNKNOWN,
