TICKER,SET,DECISION_DATE,FAISAL_STATE,EVIDENCE_ID,EVIDENCE_CLASS,DATA_CUTOFF,EVIDENCE_CUTOFF,FUTURE_REVEAL_DATE,A_candidate,A_gate,REMOVE_candidate,B_observation,B_watch_ready,C_focus_watch,C_ready,D_observation,D_retest,D_trigger,OBS_SINCE,LEVEL,FIRST_TOUCH,E2,E3,E4,A_IDENT,A_FIRST,B_OBS_FIRST,B_ALERT,B_ALERT_IDENT,B_OBS_IDENT,BASE2_IDENT,AMBIGUOUS,LEAD_A_TO_FAISAL,LEAD_B_OBS_TO_FAISAL,LEAD_B_ALERT_TO_FAISAL,OC_MOVE30_10,OC_T_MOVE30_10,OC_ADV30_10,OC_MOVE50_10,OC_T_MOVE50_10,OC_ADV50_10,OC_MOVE100_10,OC_T_MOVE100_10,OC_ADV100_10,OC_MOVE30_20,OC_T_MOVE30_20,OC_ADV30_20,OC_MOVE50_20,OC_T_MOVE50_20,OC_ADV50_20,OC_MOVE100_20,OC_T_MOVE100_20,OC_ADV100_20,OC_MOVE30_40,OC_T_MOVE30_40,OC_ADV30_40,OC_MOVE50_40,OC_T_MOVE50_40,OC_ADV50_40,OC_MOVE100_40,OC_T_MOVE100_40,OC_ADV100_40,OC_MOVE30_60,OC_T_MOVE30_60,OC_ADV30_60,OC_MOVE50_60,OC_T_MOVE50_60,OC_ADV50_60,OC_MOVE100_60,OC_T_MOVE100_60,OC_ADV100_60,OC_n_after,OC_right_censored,LEAD_A_TO_MOVE50_20,LEAD_B_OBS_TO_MOVE50_20,LEAD_B_ALERT_TO_MOVE50_20
AMIX,discovery,2026-08-24,ENTRY,X_20260827_amix_3m_inflow,ACTION,bars < 2026-08-24,units <= 2026-08-24,none (states use events <= decision date only),0,M3,0,0,0,0,0,0,0,0,,2.44,2026-07-28,,,,0,,,,0,0,0,0,,,,1,2,5.7,1,2,5.7,0,,18.2,1,2,5.7,1,2,5.7,0,,25.8,1,2,5.7,1,2,5.7,0,,40.0,1,2,5.7,1,2,5.7,0,,40.0,33,0,,,
BETA,discovery,2026-04-06,WATCH,TG_2117,DIRECT_TEXT,bars < 2026-04-06,units <= 2026-04-05,none (states use events <= decision date only),0,DEPTH,0,0,0,0,0,0,0,0,,13.43,2026-03-30,,,,0,,,,0,0,0,1,,,,0,,1.4,0,,1.4,0,,1.4,0,,6.8,0,,6.8,0,,6.8,0,,7.3,0,,7.3,0,,7.3,0,,7.3,0,,7.3,0,,7.3,130,0,,,
CANF,discovery,2026-07-20,WATCH,TG_1833,DIRECT_TEXT,bars < 2026-07-20,units <= 2026-07-20,none (states use events <= decision date only),0,M3,0,0,0,0,0,0,0,0,,2.56,2026-06-29,,2026-07-01,2026-07-01,0,,,,0,0,0,0,,,,0,,7.9,0,,7.9,0,,7.9,0,,7.9,0,,7.9,0,,7.9,0,,36.5,0,,36.5,0,,36.5,0,,38.7,0,,38.7,0,,38.7,58,0,,,
CANF,discovery,2026-07-31,WATCH,IMG_0602,DIRECT_CHART,bars < 2026-07-31,units <= 2026-07-31,none (states use events <= decision date only),0,M3,0,0,0,0,0,0,0,0,,2.56,2026-06-29,,2026-07-01,2026-07-01,0,,,,0,0,0,0,,,,0,,4.6,0,,4.6,0,,4.6,0,,4.6,0,,4.6,0,,4.6,0,,34.5,0,,34.5,0,,34.5,0,,36.4,0,,36.4,0,,36.4,49,0,,,
CANF,discovery,2026-08-03,WATCH,IMG_0510,DIRECT_CHART,bars < 2026-08-03,units <= 2026-08-01,none (states use events <= decision date only),0,M3,0,0,0,0,0,0,0,0,,2.56,2026-06-29,,2026-07-01,2026-07-01,0,,,,0,0,0,1,,,,0,,0.6,0,,0.6,0,,0.6,0,,0.6,0,,0.6,0,,0.6,0,,32.1,0,,32.1,0,,32.1,0,,33.8,0,,33.8,0,,33.8,48,0,,,
CANF,discovery,2026-08-03,WATCH,IMG_0512,DIRECT_CHART,bars < 2026-08-03,units <= 2026-08-01,none (states use events <= decision date only),0,M3,0,0,0,0,0,0,0,0,,2.56,2026-06-29,,2026-07-01,2026-07-01,0,,,,0,0,0,1,,,,0,,0.6,0,,0.6,0,,0.6,0,,0.6,0,,0.6,0,,0.6,0,,32.1,0,,32.1,0,,32.1,0,,33.8,0,,33.8,0,,33.8,48,0,,,
CANF,discovery,2026-08-03,WATCH,IMG_0513,DIRECT_CHART,bars < 2026-08-03,units <= 2026-08-01,none (states use events <= decision date only),0,M3,0,0,0,0,0,0,0,0,,2.56,2026-06-29,,2026-07-01,2026-07-01,0,,,,0,0,0,1,,,,0,,0.6,0,,0.6,0,,0.6,0,,0.6,0,,0.6,0,,0.6,0,,32.1,0,,32.1,0,,32.1,0,,33.8,0,,33.8,0,,33.8,48,0,,,
CDIO,discovery,2026-01-28,WATCH,TG_2089,DIRECT_TEXT,bars < 2026-01-28,units <= 2026-01-28,none (states use events <= decision date only),0,M3,0,0,0,0,0,0,0,0,,1.64,2026-01-14,2026-01-22,2026-01-16,2026-01-16,0,,,2026-01-22,1,0,0,0,,,4,0,,47.3,0,,47.3,0,,47.3,1,15,47.3,1,15,47.3,1,19,47.3,1,15,47.3,1,15,47.3,1,19,47.3,1,15,47.3,1,15,47.3,1,19,47.3,176,0,,,19
CDIO,discovery,2026-01-28,WATCH,TG_2218,DIRECT_TEXT,bars < 2026-01-28,units <= 2026-01-28,none (states use events <= decision date only),0,M3,0,0,0,0,0,0,0,0,,1.64,2026-01-14,2026-01-22,2026-01-16,2026-01-16,0,,,2026-01-22,1,0,0,0,,,4,0,,47.3,0,,47.3,0,,47.3,1,15,47.3,1,15,47.3,1,19,47.3,1,15,47.3,1,15,47.3,1,19,47.3,1,15,47.3,1,15,47.3,1,19,47.3,176,0,,,19
CRE,discovery,2025-08-04,ENTRY,TG_2103,ACTION,bars < 2025-08-04,units <= 2025-08-02,none (states use events <= decision date only),0,DEPTH,0,0,0,0,0,0,0,0,,45.6,2025-07-23,,,,0,,,,0,0,0,1,,,,1,6,1.1,0,,80.0,0,,80.0,1,6,1.1,0,,87.8,0,,87.8,1,6,1.1,0,,90.6,0,,90.6,1,6,1.1,0,,91.0,0,,91.0,298,0,,,
DXST,discovery,2026-06-16,WATCH,IMG_0627,DIRECT_CHART,bars < 2026-06-16,units <= 2026-06-16,none (states use events <= decision date only),0,M4_RANGE,0,1,0,1,1,1,1,1,2026-06-01,1.5,2026-05-29,,2026-06-02,2026-06-03,0,2026-04-28,2026-06-01,,0,1,0,0,34,11,,0,,35.0,0,,35.0,0,,35.0,0,,35.5,0,,35.5,0,,35.5,0,,35.5,0,,35.5,0,,35.5,0,,35.5,0,,35.5,0,,35.5,80,0,,2,
DXST,discovery,2026-06-16,WATCH,TG_58429,DIRECT_TEXT,bars < 2026-06-16,units <= 2026-06-16,none (states use events <= decision date only),0,M4_RANGE,0,1,0,1,1,1,1,1,2026-06-01,1.5,2026-05-29,,2026-06-02,2026-06-03,0,2026-04-28,2026-06-01,,0,1,0,0,34,11,,0,,35.0,0,,35.0,0,,35.0,0,,35.5,0,,35.5,0,,35.5,0,,35.5,0,,35.5,0,,35.5,0,,35.5,0,,35.5,0,,35.5,80,0,,2,
DXST,discovery,2026-08-04,WATCH,IMG_0688,DIRECT_CHART,bars < 2026-08-04,units <= 2026-08-04,none (states use events <= decision date only),1,,1,1,0,1,1,1,1,1,2026-07-16,1.7402,2026-07-01,,2026-07-06,2026-07-06,1,2026-05-20,2026-07-16,,0,1,0,0,51,13,,1,1,0.0,0,,-2.3,0,,-2.3,1,1,0.0,0,,-2.3,0,,-2.3,1,1,0.0,1,40,15.9,1,40,15.9,1,1,0.0,1,40,15.9,1,40,15.9,47,0,9,1,
DXST,discovery,2026-08-04,WATCH,IMG_0689,DIRECT_CHART,bars < 2026-08-04,units <= 2026-08-04,none (states use events <= decision date only),1,,1,1,0,1,1,1,1,1,2026-07-16,1.7402,2026-07-01,,2026-07-06,2026-07-06,1,2026-05-20,2026-07-16,,0,1,0,0,51,13,,1,1,0.0,0,,-2.3,0,,-2.3,1,1,0.0,0,,-2.3,0,,-2.3,1,1,0.0,1,40,15.9,1,40,15.9,1,1,0.0,1,40,15.9,1,40,15.9,47,0,9,1,
EHGO,discovery,2026-05-22,WATCH,TG_1822,DIRECT_TEXT,bars < 2026-05-22,units <= 2026-05-22,none (states use events <= decision date only),0,M3,0,0,0,0,0,0,0,0,,1.42,2026-05-20,,2026-05-22,2026-05-22,0,,,,0,0,0,0,,,,1,1,0.0,0,,15.0,0,,15.0,1,1,0.0,1,18,29.3,1,18,29.3,1,1,0.0,1,18,29.3,1,18,29.3,1,1,0.0,1,18,29.3,1,18,29.3,96,0,,,
EHGO,discovery,2026-05-22,WATCH,TG_1958,DIRECT_TEXT,bars < 2026-05-22,units <= 2026-05-22,none (states use events <= decision date only),0,M3,0,0,0,0,0,0,0,0,,1.42,2026-05-20,,2026-05-22,2026-05-22,0,,,,0,0,0,0,,,,1,1,0.0,0,,15.0,0,,15.0,1,1,0.0,1,18,29.3,1,18,29.3,1,1,0.0,1,18,29.3,1,18,29.3,1,1,0.0,1,18,29.3,1,18,29.3,96,0,,,
EHGO,discovery,2026-05-22,WATCH,TG_2071,DIRECT_TEXT,bars < 2026-05-22,units <= 2026-05-22,none (states use events <= decision date only),0,M3,0,0,0,0,0,0,0,0,,1.42,2026-05-20,,2026-05-22,2026-05-22,0,,,,0,0,0,0,,,,1,1,0.0,0,,15.0,0,,15.0,1,1,0.0,1,18,29.3,1,18,29.3,1,1,0.0,1,18,29.3,1,18,29.3,1,1,0.0,1,18,29.3,1,18,29.3,96,0,,,
ELAB,discovery,2026-04-13,WATCH,TG_1997,DIRECT_TEXT,bars < 2026-04-13,units <= 2026-04-12,none (states use events <= decision date only),0,M4_RANGE,0,0,0,0,0,0,0,0,,16.2,2026-03-27,,,,0,,,,0,0,0,1,,,,0,,48.9,0,,48.9,0,,48.9,0,,58.9,0,,58.9,0,,58.9,0,,68.7,0,,68.7,0,,68.7,0,,77.9,0,,77.9,0,,77.9,125,0,,,
ELPW,discovery,2026-01-22,WATCH,TG_2095,DIRECT_TEXT,bars < 2026-01-22,units <= 2026-01-22,none (states use events <= decision date only),0,ANCHOR,1,1,0,1,0,1,0,0,2026-01-22,5508.0,2026-01-21,,,,0,2025-10-30,2026-01-22,,0,1,0,0,56,0,,1,7,82.7,1,7,82.7,1,7,82.7,1,7,82.7,1,7,82.7,1,7,82.7,1,7,82.7,1,7,82.7,1,7,82.7,1,7,82.7,1,7,82.7,1,7,82.7,180,0,,7,
FRSX,discovery,2026-03-30,WATCH,TG_2079,DIRECT_TEXT,bars < 2026-03-30,units <= 2026-03-28,none (states use events <= decision date only),0,M3,0,0,0,0,0,0,0,0,,2.05,2026-03-13,,2026-03-17,2026-03-17,0,,,,0,0,0,1,,,,0,,11.7,0,,11.7,0,,11.7,0,,18.8,0,,18.8,0,,18.8,0,,19.2,0,,19.2,0,,19.2,0,,49.2,0,,49.2,0,,49.2,134,0,,,
MNDR,discovery,2026-07-31,WATCH,IMG_0566,DIRECT_CHART,bars < 2026-07-31,units <= 2026-07-31,none (states use events <= decision date only),0,M4_RANGE,0,0,0,0,0,0,0,0,,1.4,2026-07-29,,,,0,2026-06-12,,,0,0,1,0,33,,,0,,10.1,0,,10.1,0,,10.1,0,,11.3,0,,11.3,0,,11.3,0,,26.2,0,,26.2,0,,26.2,0,,50.6,0,,50.6,0,,50.6,49,0,,,
MNDR,discovery,2026-07-31,WATCH,IMG_0569,DIRECT_CHART,bars < 2026-07-31,units <= 2026-07-31,none (states use events <= decision date only),0,M4_RANGE,0,0,0,0,0,0,0,0,,1.4,2026-07-29,,,,0,2026-06-12,,,0,0,1,0,33,,,0,,10.1,0,,10.1,0,,10.1,0,,11.3,0,,11.3,0,,11.3,0,,26.2,0,,26.2,0,,26.2,0,,50.6,0,,50.6,0,,50.6,49,0,,,
MNDR,discovery,2026-07-31,WATCH,IMG_0691,DIRECT_CHART,bars < 2026-07-31,units <= 2026-07-31,none (states use events <= decision date only),0,M4_RANGE,0,0,0,0,0,0,0,0,,1.4,2026-07-29,,,,0,2026-06-12,,,0,0,1,0,33,,,0,,10.1,0,,10.1,0,,10.1,0,,11.3,0,,11.3,0,,11.3,0,,26.2,0,,26.2,0,,26.2,0,,50.6,0,,50.6,0,,50.6,49,0,,,
NUWE,discovery,2026-07-28,WATCH,IMG_0413,DIRECT_CHART,bars < 2026-07-28,units <= 2026-07-28,none (states use events <= decision date only),0,ANCHOR,1,1,0,1,0,1,0,0,2026-07-28,1.85,2026-07-27,,,,0,2026-05-05,2026-07-28,,0,1,1,0,57,0,,1,3,8.0,1,3,8.0,1,3,8.0,1,3,8.0,1,3,8.0,1,3,8.0,1,3,8.0,1,3,8.0,1,3,8.0,1,3,8.0,1,3,8.0,1,3,8.0,52,0,,3,
NUWE,discovery,2026-09-04,WATCH,WA_20260918_46_NUWE,DIRECT_TEXT,bars < 2026-09-04,units <= 2026-09-04,none (states use events <= decision date only),0,ANCHOR,1,1,0,1,0,1,0,0,2026-09-04,0.7112,2026-09-03,,,,0,2026-07-01,2026-09-04,,0,1,1,0,46,0,,1,9,-1.0,1,9,-1.0,0,,-1.0,1,9,-1.0,1,9,-1.0,0,,6.1,1,9,-1.0,1,9,-1.0,0,,8.1,1,9,-1.0,1,9,-1.0,0,,8.1,24,0,,9,
ONCO,discovery,2026-07-27,WATCH,IMG_0267,DIRECT_CHART,bars < 2026-07-27,units <= 2026-07-26,none (states use events <= decision date only),0,M3,0,0,0,0,0,0,0,0,,0.711,2026-07-20,,,,0,,,,0,0,0,1,,,,0,,19.0,0,,19.0,0,,19.0,0,,24.4,0,,24.4,0,,24.4,0,,28.7,0,,28.7,0,,28.7,1,42,28.7,1,44,28.7,0,,29.4,53,0,,,
ONCO,discovery,2026-07-27,WATCH,IMG_0320,DIRECT_CHART,bars < 2026-07-27,units <= 2026-07-27,none (states use events <= decision date only),0,M3,0,0,0,0,0,0,0,0,,0.711,2026-07-20,,,,0,,,,0,0,0,1,,,,0,,19.0,0,,19.0,0,,19.0,0,,24.4,0,,24.4,0,,24.4,0,,28.7,0,,28.7,0,,28.7,1,42,28.7,1,44,28.7,0,,29.4,53,0,,,
ONCO,discovery,2026-07-27,WATCH,TG_2171,DIRECT_TEXT,bars < 2026-07-27,units <= 2026-07-27,none (states use events <= decision date only),0,M3,0,0,0,0,0,0,0,0,,0.711,2026-07-20,,,,0,,,,0,0,0,1,,,,0,,19.0,0,,19.0,0,,19.0,0,,24.4,0,,24.4,0,,24.4,0,,28.7,0,,28.7,0,,28.7,1,42,28.7,1,44,28.7,0,,29.4,53,0,,,
ONCO,discovery,2026-07-27,WATCH,TG_2196,DIRECT_TEXT,bars < 2026-07-27,units <= 2026-07-26,none (states use events <= decision date only),0,M3,0,0,0,0,0,0,0,0,,0.711,2026-07-20,,,,0,,,,0,0,0,1,,,,0,,19.0,0,,19.0,0,,19.0,0,,24.4,0,,24.4,0,,24.4,0,,28.7,0,,28.7,0,,28.7,1,42,28.7,1,44,28.7,0,,29.4,53,0,,,
ONCO,discovery,2026-07-27,WATCH,TG_2200,DIRECT_TEXT,bars < 2026-07-27,units <= 2026-07-26,none (states use events <= decision date only),0,M3,0,0,0,0,0,0,0,0,,0.711,2026-07-20,,,,0,,,,0,0,0,1,,,,0,,19.0,0,,19.0,0,,19.0,0,,24.4,0,,24.4,0,,24.4,0,,28.7,0,,28.7,0,,28.7,1,42,28.7,1,44,28.7,0,,29.4,53,0,,,
ONCO,discovery,2026-07-27,WATCH,TG_2201,DIRECT_TEXT,bars < 2026-07-27,units <= 2026-07-26,none (states use events <= decision date only),0,M3,0,0,0,0,0,0,0,0,,0.711,2026-07-20,,,,0,,,,0,0,0,1,,,,0,,19.0,0,,19.0,0,,19.0,0,,24.4,0,,24.4,0,,24.4,0,,28.7,0,,28.7,0,,28.7,1,42,28.7,1,44,28.7,0,,29.4,53,0,,,
PIII,discovery,2026-05-18,READY,TG_1860,DIRECT_TEXT,bars < 2026-05-18,units <= 2026-05-16,none (states use events <= decision date only),0,M2_FLOOR,0,1,0,1,1,1,1,1,2026-04-22,2.28,2026-04-14,,2026-05-18,2026-05-18,0,2026-04-06,2026-04-22,,0,1,0,1,30,18,,1,4,32.7,0,,32.7,0,,32.7,1,4,32.7,0,,32.7,0,,32.7,1,4,32.7,0,,32.7,0,,32.7,1,4,32.7,0,,32.7,0,,32.7,100,0,,17,
SLXN,discovery,2026-08-06,WATCH,IMG_0508,DIRECT_CHART,bars < 2026-08-06,units <= 2026-08-06,none (states use events <= decision date only),0,ANCHOR,1,1,0,1,0,1,0,0,2026-07-31,1.5,2026-07-30,,,,0,2026-05-13,2026-07-31,,0,1,0,0,58,4,,0,,79.3,0,,79.3,0,,79.3,0,,80.5,0,,80.5,0,,80.5,0,,86.9,0,,86.9,0,,86.9,0,,87.5,0,,87.5,0,,87.5,45,0,,,
SMX,discovery,2026-04-27,WATCH,TG_1908,DIRECT_TEXT,bars < 2026-04-27,units <= 2026-04-25,none (states use events <= decision date only),0,M2_CEIL,0,0,0,0,0,0,0,0,,75.405,2026-04-24,,,,0,2026-03-09,,,0,0,1,1,34,,,0,,51.0,0,,51.0,0,,51.0,0,,85.3,0,,85.3,0,,85.3,0,,86.8,0,,86.8,0,,86.8,0,,86.8,0,,86.8,0,,86.8,115,0,,,
SMX,discovery,2026-05-26,WATCH,TG_2034,DIRECT_TEXT,bars < 2026-05-26,units <= 2026-05-24,none (states use events <= decision date only),0,M2_CEIL,0,0,0,0,0,0,0,0,,13.9613,2026-05-19,,,,0,2026-03-09,,,0,0,1,1,54,,,0,,28.4,0,,28.4,0,,28.4,0,,29.4,0,,29.4,0,,29.4,0,,29.4,0,,29.4,0,,29.4,0,,29.4,0,,29.4,0,,29.4,95,0,,,
SPRC,discovery,2026-07-17,READY,IMG_0395,DIRECT_CHART,bars < 2026-07-17,units <= 2026-07-17,none (states use events <= decision date only),0,ANCHOR,1,1,0,1,0,1,0,0,2026-07-14,4.23,2026-07-13,,,,0,,2026-07-14,,0,1,0,0,,3,,1,9,14.2,1,9,14.2,1,10,14.2,1,9,14.2,1,9,14.2,1,10,14.2,1,9,14.2,1,9,14.2,1,10,14.2,1,9,14.2,1,9,14.2,1,10,14.2,59,0,,12,
SPRC,discovery,2026-07-17,READY,TG_1843,DIRECT_TEXT,bars < 2026-07-17,units <= 2026-07-17,none (states use events <= decision date only),0,ANCHOR,1,1,0,1,0,1,0,0,2026-07-14,4.23,2026-07-13,,,,0,,2026-07-14,,0,1,0,0,,3,,1,9,14.2,1,9,14.2,1,10,14.2,1,9,14.2,1,9,14.2,1,10,14.2,1,9,14.2,1,9,14.2,1,10,14.2,1,9,14.2,1,9,14.2,1,10,14.2,59,0,,12,
SPRC,discovery,2026-07-20,WATCH,IMG_0393,DIRECT_CHART,bars < 2026-07-20,units <= 2026-07-20,none (states use events <= decision date only),0,ANCHOR,1,1,0,1,0,1,0,0,2026-07-14,4.23,2026-07-13,,,,0,,2026-07-14,,0,1,0,0,,4,,1,8,8.0,1,8,8.0,1,8,8.0,1,8,8.0,1,8,8.0,1,8,8.0,1,8,8.0,1,8,8.0,1,8,8.0,1,8,8.0,1,8,8.0,1,8,8.0,58,0,,12,
TRUG,discovery,2026-03-30,WATCH,TG_2121,DIRECT_TEXT,bars < 2026-03-30,units <= 2026-03-30,none (states use events <= decision date only),0,M3,0,0,0,0,0,0,0,0,,35.0,2026-03-25,,,,0,,,,0,0,0,0,,,,0,,20.6,0,,20.6,0,,20.6,0,,54.4,0,,54.4,0,,54.4,0,,69.5,0,,69.5,0,,69.5,0,,71.8,0,,71.8,0,,71.8,134,0,,,
UPC,discovery,2026-07-31,READY,IMG_0587,DIRECT_CHART,bars < 2026-07-31,units <= 2026-07-31,none (states use events <= decision date only),0,ANCHOR,1,1,0,1,1,1,1,1,2026-07-22,2.6001,2026-06-26,,2026-07-06,2026-07-06,0,2026-05-18,2026-07-22,,0,1,0,0,51,7,,1,2,9.2,1,2,9.2,1,2,9.2,1,2,9.2,1,2,9.2,1,2,9.2,1,2,9.2,1,2,9.2,1,2,9.2,1,2,9.2,1,2,9.2,1,2,9.2,49,0,,9,
WORX,discovery,2026-04-13,WATCH,IMG_0150,DIRECT_CHART,bars < 2026-04-13,units <= 2026-04-11,none (states use events <= decision date only),0,ANCHOR,1,1,0,1,0,1,0,0,2026-04-13,1.45,2026-04-10,,,,0,2026-04-07,2026-04-13,,0,1,0,1,4,0,,1,2,33.3,1,2,33.3,1,2,33.3,1,2,33.3,1,2,33.3,1,2,33.3,1,2,33.3,1,2,33.3,1,2,33.3,1,2,33.3,1,2,33.3,1,2,33.3,7,1,6,2,
WORX,discovery,2026-04-13,WATCH,TG_2076,DIRECT_TEXT,bars < 2026-04-13,units <= 2026-04-11,none (states use events <= decision date only),0,ANCHOR,1,1,0,1,0,1,0,0,2026-04-13,1.45,2026-04-10,,,,0,2026-04-07,2026-04-13,,0,1,0,1,4,0,,1,2,33.3,1,2,33.3,1,2,33.3,1,2,33.3,1,2,33.3,1,2,33.3,1,2,33.3,1,2,33.3,1,2,33.3,1,2,33.3,1,2,33.3,1,2,33.3,7,1,6,2,
WORX,discovery,2026-04-13,WATCH,TG_2209,DIRECT_TEXT,bars < 2026-04-13,units <= 2026-04-11,none (states use events <= decision date only),0,ANCHOR,1,1,0,1,0,1,0,0,2026-04-13,1.45,2026-04-10,,,,0,2026-04-07,2026-04-13,,0,1,0,1,4,0,,1,2,33.3,1,2,33.3,1,2,33.3,1,2,33.3,1,2,33.3,1,2,33.3,1,2,33.3,1,2,33.3,1,2,33.3,1,2,33.3,1,2,33.3,1,2,33.3,7,1,6,2,
ZCMD,discovery,2026-07-02,WATCH,TG_1828,DIRECT_TEXT,bars < 2026-07-02,units <= 2026-07-02,none (states use events <= decision date only),0,M3,0,0,0,0,0,0,0,0,,1.6057,2026-06-29,,,,0,,,,0,0,1,0,,,,1,2,10.7,1,2,10.7,1,2,10.7,1,2,10.7,1,2,10.7,1,2,10.7,1,2,10.7,1,2,10.7,1,2,10.7,1,2,10.7,1,2,10.7,1,2,10.7,69,0,,,
ZNB,discovery,2026-08-03,WATCH,IMG_0697,DIRECT_CHART,bars < 2026-08-03,units <= 2026-08-01,none (states use events <= decision date only),0,M2_CEIL,0,0,0,0,0,0,0,0,,1.8304,2026-07-23,,,,0,2026-05-13,,,0,0,1,1,55,,,1,6,5.5,0,,24.4,0,,24.4,1,6,5.5,0,,32.3,0,,32.3,1,6,5.5,0,,46.7,0,,46.7,1,6,5.5,0,,64.1,0,,64.1,48,0,,,
ZNB,discovery,2026-08-03,WATCH,IMG_0698,DIRECT_CHART,bars < 2026-08-03,units <= 2026-08-01,none (states use events <= decision date only),0,M2_CEIL,0,0,0,0,0,0,0,0,,1.8304,2026-07-23,,,,0,2026-05-13,,,0,0,1,1,55,,,1,6,5.5,0,,24.4,0,,24.4,1,6,5.5,0,,32.3,0,,32.3,1,6,5.5,0,,46.7,0,,46.7,1,6,5.5,0,,64.1,0,,64.1,48,0,,,
BRTX,validation,2026-10-05,WATCH,TG_58402,DIRECT_TEXT,bars < 2026-10-05,units <= 2026-10-03,none (states use events <= decision date only),0,ANCHOR,1,1,0,1,0,1,0,0,2026-10-05,2.14,2026-10-02,,,,0,2026-07-15,2026-10-05,,0,1,1,1,57,0,,0,,9.3,0,,9.3,0,,9.3,0,,9.3,0,,9.3,0,,9.3,0,,9.3,0,,9.3,0,,9.3,0,,9.3,0,,9.3,0,,9.3,4,1,,,
BRTX,validation,2026-10-05,WATCH,TG_58407,DIRECT_TEXT,bars < 2026-10-05,units <= 2026-10-03,none (states use events <= decision date only),0,ANCHOR,1,1,0,1,0,1,0,0,2026-10-05,2.14,2026-10-02,,,,0,2026-07-15,2026-10-05,,0,1,1,1,57,0,,0,,9.3,0,,9.3,0,,9.3,0,,9.3,0,,9.3,0,,9.3,0,,9.3,0,,9.3,0,,9.3,0,,9.3,0,,9.3,0,,9.3,4,1,,,
CETX,validation,2026-09-14,FOCUS,X_20260918_23_watchlist,DIRECT_TEXT,bars < 2026-09-14,units <= 2026-09-13,none (states use events <= decision date only),1,,1,1,1,1,1,1,1,0,2026-09-11,2.4,2026-09-10,2026-09-14,2026-09-14,,1,2026-08-20,2026-09-11,2026-09-14,1,1,0,1,16,1,0,0,,17.7,0,,17.7,0,,17.7,0,,20.6,0,,20.6,0,,20.6,0,,20.6,0,,20.6,0,,20.6,0,,20.6,0,,20.6,0,,20.6,19,1,,,
CIIT,validation,2026-09-25,WATCH,TG_57881,DIRECT_TEXT,bars < 2026-09-25,units <= 2026-09-25,none (states use events <= decision date only),0,ANCHOR,1,1,0,1,0,1,0,0,2026-09-17,2.26,2026-09-16,,,,0,2026-09-09,2026-09-17,,0,1,0,0,12,6,,0,,20.3,0,,20.3,0,,20.3,0,,20.3,0,,20.3,0,,20.3,0,,20.3,0,,20.3,0,,20.3,0,,20.3,0,,20.3,0,,20.3,10,1,,,
CIIT,validation,2026-09-25,WATCH,TG_57883,DIRECT_TEXT,bars < 2026-09-25,units <= 2026-09-25,none (states use events <= decision date only),0,ANCHOR,1,1,0,1,0,1,0,0,2026-09-17,2.26,2026-09-16,,,,0,2026-09-09,2026-09-17,,0,1,0,0,12,6,,0,,20.3,0,,20.3,0,,20.3,0,,20.3,0,,20.3,0,,20.3,0,,20.3,0,,20.3,0,,20.3,0,,20.3,0,,20.3,0,,20.3,10,1,,,
CIIT,validation,2026-09-28,WATCH,TG_57879,DIRECT_TEXT,bars < 2026-09-28,units <= 2026-09-26,none (states use events <= decision date only),0,ANCHOR,1,1,0,1,0,1,0,0,2026-09-17,2.26,2026-09-16,,,,0,2026-09-09,2026-09-17,,0,1,0,1,13,7,,0,,19.3,0,,19.3,0,,19.3,0,,19.3,0,,19.3,0,,19.3,0,,19.3,0,,19.3,0,,19.3,0,,19.3,0,,19.3,0,,19.3,9,1,,,
CIIT,validation,2026-09-28,WATCH,TG_57884,DIRECT_TEXT,bars < 2026-09-28,units <= 2026-09-26,none (states use events <= decision date only),0,ANCHOR,1,1,0,1,0,1,0,0,2026-09-17,2.26,2026-09-16,,,,0,2026-09-09,2026-09-17,,0,1,0,1,13,7,,0,,19.3,0,,19.3,0,,19.3,0,,19.3,0,,19.3,0,,19.3,0,,19.3,0,,19.3,0,,19.3,0,,19.3,0,,19.3,0,,19.3,9,1,,,
CUPR,validation,2026-09-14,FOCUS,X_20260918_23_watchlist,DIRECT_TEXT,bars < 2026-09-14,units <= 2026-09-13,none (states use events <= decision date only),0,ANCHOR,1,1,0,1,1,1,1,1,2026-08-24,2.5,2026-07-31,,2026-08-12,2026-08-12,0,2026-07-28,2026-08-24,,0,1,0,1,33,14,,0,,54.1,0,,54.1,0,,54.1,0,,54.1,0,,54.1,0,,54.1,0,,54.1,0,,54.1,0,,54.1,0,,54.1,0,,54.1,0,,54.1,19,1,4,,
DCOY,validation,2026-09-22,WATCH,TG_50575,DIRECT_TEXT,bars < 2026-09-22,units <= 2026-09-22,none (states use events <= decision date only),0,ANCHOR,1,1,0,1,0,1,0,0,2026-09-22,2.18,2026-09-21,,,,0,2026-08-14,2026-09-22,,0,1,1,0,26,0,,1,1,0.0,1,1,0.0,1,1,0.0,1,1,0.0,1,1,0.0,1,1,0.0,1,1,0.0,1,1,0.0,1,1,0.0,1,1,0.0,1,1,0.0,1,1,0.0,13,1,,1,
DCOY,validation,2026-09-22,WATCH,TG_50576,DIRECT_TEXT,bars < 2026-09-22,units <= 2026-09-22,none (states use events <= decision date only),0,ANCHOR,1,1,0,1,0,1,0,0,2026-09-22,2.18,2026-09-21,,,,0,2026-08-14,2026-09-22,,0,1,1,0,26,0,,1,1,0.0,1,1,0.0,1,1,0.0,1,1,0.0,1,1,0.0,1,1,0.0,1,1,0.0,1,1,0.0,1,1,0.0,1,1,0.0,1,1,0.0,1,1,0.0,13,1,,1,
EDBL,validation,2026-09-22,WATCH,TG_50579,DIRECT_TEXT,bars < 2026-09-22,units <= 2026-09-22,none (states use events <= decision date only),0,ANCHOR,1,1,0,1,0,1,0,0,2026-09-22,1.26,2026-09-21,,,,0,2026-09-08,2026-09-22,,0,1,1,0,10,0,,0,,17.8,0,,17.8,0,,17.8,0,,17.8,0,,17.8,0,,17.8,0,,17.8,0,,17.8,0,,17.8,0,,17.8,0,,17.8,0,,17.8,13,1,,,
GCTK,validation,2026-09-24,READY,TG_57890,DIRECT_TEXT,bars < 2026-09-24,units <= 2026-09-24,none (states use events <= decision date only),0,ANCHOR,1,1,0,1,0,1,0,0,2026-09-24,1.9977,2026-09-23,,,,0,2026-07-27,2026-09-24,,0,1,1,0,42,0,,1,1,0.0,1,1,0.0,0,,47.3,1,1,0.0,1,1,0.0,0,,47.3,1,1,0.0,1,1,0.0,0,,47.3,1,1,0.0,1,1,0.0,0,,47.3,11,1,4,1,
IPDN,validation,2026-09-23,WATCH,TG_50833,DIRECT_TEXT,bars < 2026-09-23,units <= 2026-09-23,none (states use events <= decision date only),0,M4_RANGE,0,0,0,0,0,0,0,0,,2.9604,2026-09-16,,2026-09-18,2026-09-18,0,2026-07-10,,,0,0,0,0,52,,,1,1,0.0,1,1,0.0,0,,24.4,1,1,0.0,1,1,0.0,0,,24.4,1,1,0.0,1,1,0.0,0,,24.4,1,1,0.0,1,1,0.0,0,,24.4,12,1,,,
LIMN,validation,2026-09-22,WATCH,TG_50585,DIRECT_TEXT,bars < 2026-09-22,units <= 2026-09-22,none (states use events <= decision date only),1,,1,1,1,1,1,1,1,1,2026-09-15,3.29,2026-09-14,2026-09-17,2026-09-16,2026-09-16,1,2026-07-02,2026-09-15,2026-09-17,1,1,0,0,56,5,3,0,,-0.0,0,,-0.0,0,,-0.0,0,,-0.0,0,,-0.0,0,,-0.0,0,,-0.0,0,,-0.0,0,,-0.0,0,,-0.0,0,,-0.0,0,,-0.0,13,1,1,,
LIMN,validation,2026-09-22,WATCH,TG_50586,DIRECT_TEXT,bars < 2026-09-22,units <= 2026-09-22,none (states use events <= decision date only),1,,1,1,1,1,1,1,1,1,2026-09-15,3.29,2026-09-14,2026-09-17,2026-09-16,2026-09-16,1,2026-07-02,2026-09-15,2026-09-17,1,1,0,0,56,5,3,0,,-0.0,0,,-0.0,0,,-0.0,0,,-0.0,0,,-0.0,0,,-0.0,0,,-0.0,0,,-0.0,0,,-0.0,0,,-0.0,0,,-0.0,0,,-0.0,13,1,1,,
MSGY,validation,2026-09-14,FOCUS,X_20260918_23_watchlist,DIRECT_TEXT,bars < 2026-09-14,units <= 2026-09-13,none (states use events <= decision date only),0,ANCHOR,1,1,0,1,1,1,1,1,2026-09-10,1.73,2026-09-09,,2026-09-11,2026-09-11,0,2026-06-26,2026-09-10,,0,1,0,1,54,2,,1,10,9.1,1,10,9.1,1,10,9.1,1,10,9.1,1,10,9.1,1,10,9.1,1,10,9.1,1,10,9.1,1,10,9.1,1,10,9.1,1,10,9.1,1,10,9.1,19,1,,12,
NRSN,validation,2026-09-28,WATCH,TG_57867,DIRECT_TEXT,bars < 2026-09-28,units <= 2026-09-27,none (states use events <= decision date only),0,ANCHOR,1,1,0,1,0,1,0,0,2026-08-28,5.0,2026-08-19,,,,0,2026-07-28,2026-08-28,,0,1,0,1,43,20,,0,,46.8,0,,46.8,0,,46.8,0,,46.8,0,,46.8,0,,46.8,0,,46.8,0,,46.8,0,,46.8,0,,46.8,0,,46.8,0,,46.8,9,1,,,
OMH,validation,2026-09-28,WATCH,TG_57870,DIRECT_TEXT,bars < 2026-09-28,units <= 2026-09-26,none (states use events <= decision date only),0,ANCHOR,1,1,0,1,0,1,0,0,2026-09-18,2.05,2026-09-11,,,,0,2026-07-14,2026-09-18,,0,1,0,1,53,6,,0,,2.1,0,,2.1,0,,2.1,0,,2.1,0,,2.1,0,,2.1,0,,2.1,0,,2.1,0,,2.1,0,,2.1,0,,2.1,0,,2.1,9,1,6,,
OMH,validation,2026-09-28,WATCH,TG_57872,DIRECT_TEXT,bars < 2026-09-28,units <= 2026-09-26,none (states use events <= decision date only),0,ANCHOR,1,1,0,1,0,1,0,0,2026-09-18,2.05,2026-09-11,,,,0,2026-07-14,2026-09-18,,0,1,0,1,53,6,,0,,2.1,0,,2.1,0,,2.1,0,,2.1,0,,2.1,0,,2.1,0,,2.1,0,,2.1,0,,2.1,0,,2.1,0,,2.1,0,,2.1,9,1,6,,
OMH,validation,2026-09-28,WATCH,TG_57873,DIRECT_TEXT,bars < 2026-09-28,units <= 2026-09-26,none (states use events <= decision date only),0,ANCHOR,1,1,0,1,0,1,0,0,2026-09-18,2.05,2026-09-11,,,,0,2026-07-14,2026-09-18,,0,1,0,1,53,6,,0,,2.1,0,,2.1,0,,2.1,0,,2.1,0,,2.1,0,,2.1,0,,2.1,0,,2.1,0,,2.1,0,,2.1,0,,2.1,0,,2.1,9,1,6,,
OMH,validation,2026-09-28,WATCH,TG_57875,DIRECT_TEXT,bars < 2026-09-28,units <= 2026-09-26,none (states use events <= decision date only),0,ANCHOR,1,1,0,1,0,1,0,0,2026-09-18,2.05,2026-09-11,,,,0,2026-07-14,2026-09-18,,0,1,0,1,53,6,,0,,2.1,0,,2.1,0,,2.1,0,,2.1,0,,2.1,0,,2.1,0,,2.1,0,,2.1,0,,2.1,0,,2.1,0,,2.1,0,,2.1,9,1,6,,
PPBT,validation,2026-09-04,WATCH,X_20260905_01,DIRECT_TEXT,bars < 2026-09-04,units <= 2026-09-04,none (states use events <= decision date only),0,RSI_NOW,0,1,0,1,0,1,0,0,2026-08-07,1.16,2026-08-06,,,,0,2026-07-22,2026-08-07,,0,1,0,0,32,20,,0,,32.2,0,,32.2,0,,32.2,0,,32.2,0,,32.2,0,,32.2,0,,32.2,0,,32.2,0,,32.2,0,,32.2,0,,32.2,0,,32.2,24,0,,19,
PPBT,validation,2026-09-04,WATCH,X_20260905_02,DIRECT_TEXT,bars < 2026-09-04,units <= 2026-09-04,none (states use events <= decision date only),0,RSI_NOW,0,1,0,1,0,1,0,0,2026-08-07,1.16,2026-08-06,,,,0,2026-07-22,2026-08-07,,0,1,0,0,32,20,,0,,32.2,0,,32.2,0,,32.2,0,,32.2,0,,32.2,0,,32.2,0,,32.2,0,,32.2,0,,32.2,0,,32.2,0,,32.2,0,,32.2,24,0,,19,
PPBT,validation,2026-09-04,WATCH,X_20260905_03,DIRECT_TEXT,bars < 2026-09-04,units <= 2026-09-04,none (states use events <= decision date only),0,RSI_NOW,0,1,0,1,0,1,0,0,2026-08-07,1.16,2026-08-06,,,,0,2026-07-22,2026-08-07,,0,1,0,0,32,20,,0,,32.2,0,,32.2,0,,32.2,0,,32.2,0,,32.2,0,,32.2,0,,32.2,0,,32.2,0,,32.2,0,,32.2,0,,32.2,0,,32.2,24,0,,19,
STKH,validation,2026-09-04,WATCH,TG_20260905_09,DIRECT_TEXT,bars < 2026-09-04,units <= 2026-09-04,none (states use events <= decision date only),0,M4_RANGE,0,0,0,0,0,0,0,0,,1.245,2026-07-24,,,,0,,,,0,0,0,0,,,,0,,24.0,0,,24.0,0,,24.0,0,,79.3,0,,79.3,0,,79.3,0,,79.3,0,,79.3,0,,79.3,0,,79.3,0,,79.3,0,,79.3,24,0,,,
SVRE,validation,2026-09-14,FOCUS,X_20260918_23_watchlist,DIRECT_TEXT,bars < 2026-09-14,units <= 2026-09-13,none (states use events <= decision date only),0,ANCHOR,1,1,0,1,0,1,0,0,2026-09-11,2.41,2026-09-10,,,,0,2026-08-25,2026-09-11,,0,1,0,1,13,1,,1,7,12.4,0,,16.1,0,,16.1,1,7,12.4,0,,57.0,0,,57.0,1,7,12.4,0,,57.0,0,,57.0,1,7,12.4,0,,57.0,0,,57.0,19,1,,,
YMT,validation,2026-09-04,WATCH,X_20260905_10,DIRECT_TEXT,bars < 2026-09-04,units <= 2026-09-04,none (states use events <= decision date only),0,M3,0,0,0,0,0,0,0,0,,1.81,2026-09-03,,,,0,,,,0,0,1,0,,,,1,1,0.0,0,,4.2,0,,4.2,1,1,0.0,0,,43.7,0,,43.7,1,1,0.0,0,,43.9,0,,43.9,1,1,0.0,0,,43.9,0,,43.9,24,0,,,
YMT,validation,2026-09-04,WATCH,X_20260918_85_YMT,DIRECT_TEXT,bars < 2026-09-04,units <= 2026-09-04,none (states use events <= decision date only),0,M3,0,0,0,0,0,0,0,0,,1.81,2026-09-03,,,,0,,,,0,0,1,0,,,,1,1,0.0,0,,4.2,0,,4.2,1,1,0.0,0,,43.7,0,,43.7,1,1,0.0,0,,43.9,0,,43.9,1,1,0.0,0,,43.9,0,,43.9,24,0,,,
YMT,validation,2026-09-14,FOCUS,X_20260918_23_watchlist,DIRECT_TEXT,bars < 2026-09-14,units <= 2026-09-13,none (states use events <= decision date only),0,M3,0,0,0,0,0,0,0,0,,1.81,2026-09-03,,,,0,,,,0,0,1,1,,,,0,,26.8,0,,26.8,0,,26.8,0,,52.7,0,,52.7,0,,52.7,0,,52.7,0,,52.7,0,,52.7,0,,52.7,0,,52.7,0,,52.7,19,1,,,
DKI,anchor,2026-09-14,FOCUS,X_20260918_22_pipeline,DIRECT_TEXT,bars < 2026-09-14,units <= 2026-09-13,none (states use events <= decision date only),0,ANCHOR,1,1,0,1,0,1,0,0,2026-09-14,2.32,2026-09-11,,,,0,2026-08-03,2026-09-14,,0,1,1,1,29,0,,0,,11.1,0,,11.1,0,,11.1,1,18,58.6,0,,69.9,0,,69.9,1,18,58.6,0,,69.9,0,,69.9,1,18,58.6,0,,69.9,0,,69.9,19,1,,,
DKI,anchor,2026-09-14,FOCUS,X_20260918_23_watchlist,DIRECT_TEXT,bars < 2026-09-14,units <= 2026-09-13,none (states use events <= decision date only),0,ANCHOR,1,1,0,1,0,1,0,0,2026-09-14,2.32,2026-09-11,,,,0,2026-08-03,2026-09-14,,0,1,1,1,29,0,,0,,11.1,0,,11.1,0,,11.1,1,18,58.6,0,,69.9,0,,69.9,1,18,58.6,0,,69.9,0,,69.9,1,18,58.6,0,,69.9,0,,69.9,19,1,,,
HUBC,anchor,2026-04-24,WATCH,TG_2098,DIRECT_TEXT,bars < 2026-04-24,units <= 2026-04-24,none (states use events <= decision date only),0,M4_RANGE,0,0,0,0,0,0,0,0,,795.0,2026-04-23,,,,0,,,,0,0,1,0,,,,0,,86.6,0,,86.6,0,,86.6,0,,93.7,0,,93.7,0,,93.7,0,,96.7,0,,96.7,0,,96.7,0,,97.0,0,,97.0,0,,97.0,116,0,,,
SXTC,anchor,2026-09-10,READY,WA_20260918_31_SXTC,DIRECT_TEXT,bars < 2026-09-10,units <= 2026-09-10,none (states use events <= decision date only),0,M2_CEIL,0,0,0,0,0,0,0,0,,2.06,2026-09-02,,,,0,2026-06-15,,,0,0,1,0,60,,,1,2,16.8,0,,16.8,0,,16.8,1,2,16.8,1,16,16.8,1,20,44.9,1,2,16.8,1,16,16.8,1,20,44.9,1,2,16.8,1,16,16.8,1,20,44.9,21,0,,,
SXTC,anchor,2026-09-11,ENTRY,X_20260918_24_SXTC,ACTION,bars < 2026-09-11,units <= 2026-09-11,none (states use events <= decision date only),0,M2_CEIL,0,0,0,0,0,0,0,0,,1.78,2026-09-10,,,,0,2026-06-16,,,0,0,1,0,60,,,1,1,0.0,1,1,0.0,0,,-9.8,1,1,0.0,1,1,0.0,1,19,38.9,1,1,0.0,1,1,0.0,1,19,38.9,1,1,0.0,1,1,0.0,1,19,38.9,20,0,,,
SXTC,anchor,2026-09-14,FOCUS,X_20260918_22_pipeline,DIRECT_TEXT,bars < 2026-09-14,units <= 2026-09-13,none (states use events <= decision date only),0,M2_CEIL,0,0,0,0,0,0,0,0,,1.78,2026-09-10,,,,0,2026-06-17,,,0,0,1,1,60,,,0,,16.8,0,,16.8,0,,16.8,1,18,53.9,1,18,53.9,1,18,53.9,1,18,53.9,1,18,53.9,1,18,53.9,1,18,53.9,1,18,53.9,1,18,53.9,19,1,,,
SXTC,anchor,2026-09-14,FOCUS,X_20260918_23_watchlist,DIRECT_TEXT,bars < 2026-09-14,units <= 2026-09-13,none (states use events <= decision date only),0,M2_CEIL,0,0,0,0,0,0,0,0,,1.78,2026-09-10,,,,0,2026-06-17,,,0,0,1,1,60,,,0,,16.8,0,,16.8,0,,16.8,1,18,53.9,1,18,53.9,1,18,53.9,1,18,53.9,1,18,53.9,1,18,53.9,1,18,53.9,1,18,53.9,1,18,53.9,19,1,,,
SXTC,anchor,2026-09-24,ENTRY,TG_58527,ACTION,bars < 2026-09-24,units <= 2026-09-24,none (states use events <= decision date only),0,M2_CEIL,0,0,0,0,0,0,0,0,,1.78,2026-09-10,,,,0,2026-06-30,,,0,0,1,0,60,,,1,6,11.2,1,10,53.0,1,10,53.0,1,6,11.2,1,10,53.0,1,10,53.0,1,6,11.2,1,10,53.0,1,10,53.0,1,6,11.2,1,10,53.0,1,10,53.0,11,1,,,
